rank,keyword,volume,kd,cpc,bestRank,nCompetitors,attackScore,cluster,recommendedRoute,recommendedFile,topCompetitor,topCompetitorUrl,allCompetitors
1,seche linge pompe a chaleur,17000,1,21,2,1,17000.0,pompe-a-chaleur,/services/pompe-a-chaleur,src/app/(public)/services/[service]/page.tsx,hellio,https://particulier.hellio.com/blog/conseils/seche-linge-pompe-chaleur-condensation,hellio#2
2,isolation mur intérieur,7800,1,25,5,2,15600.0,isolation,/services/isolation-thermique,src/app/(public)/services/[service]/page.tsx,france_renov,https://france-renov.gouv.fr/renovation/isolation/murs-interieurs-appartement,france_renov#5|sonergia#10
3,isolation exterieur,14000,2,187,1,2,14000.0,isolation,/services/isolation-thermique,src/app/(public)/services/[service]/page.tsx,france_renov,https://france-renov.gouv.fr/renovation/isolation/murs-maison,france_renov#1|effy#3
4,pompe à chaleur prix,4700,1,94,9,2,9400.0,pompe-a-chaleur,/services/pompe-a-chaleur,src/app/(public)/services/[service]/page.tsx,sonergia,https://sonergia.fr/conseils-travaux/chauffage/pompe-a-chaleur/prix-pompe-a-chaleur-air-eau-quel-budget-moyen-prevoir/,sonergia#9|effy#10
5,chauffe eau,39000,5,15,10,1,7800.0,chauffe-eau,/cee/bar-th-148,src/app/(public)/cee/[operation]/page.tsx,effy,https://www.effy.fr/travaux-energetique/chauffe-eau/chauffe-eau-electrique,effy#10
6,vmc simple flux,15000,2,4,2,1,7500.0,ventilation,/cee/bar-th-127,src/app/(public)/cee/[operation]/page.tsx,effy,https://www.effy.fr/travaux-energetique/ventilation/vmc-consommation,effy#2
7,installation pompe a chaleur,3300,1,32,2,2,6600.0,pompe-a-chaleur,/services/pompe-a-chaleur,src/app/(public)/services/[service]/page.tsx,effy,https://www.effy.fr/travaux-energetique/chauffage/pompe-a-chaleur/installation,effy#2|france_renov#5
8,dpe d,2100,1,6,3,3,6300.0,audit-energetique,/renovation-energetique,src/app/(public)/renovation-energetique/page.tsx,effy,https://www.effy.fr/renovation-energetique/dpe-d-classe-energetique-la-plus-repandue,effy#3|hellio#5|sonergia#9
9,pompe a chaleur,56000,13,153,1,1,4307.7,pompe-a-chaleur,/services/pompe-a-chaleur,src/app/(public)/services/[service]/page.tsx,france_renov,https://france-renov.gouv.fr/renovation/chauffage/pompe-chaleur-maison,france_renov#1
10,chauffage,20000,10,46,3,2,4000.0,chauffage,/services/chauffagiste,src/app/(public)/services/[service]/page.tsx,selectra,https://selectra.info/energie/actualites/marche/fin-publicite-chauffage-gaz-traditionnel,selectra#3|france_renov#10
11,panneau solaire camping car,3500,1,14,7,1,3500.0,solaire,/services/panneaux-solaires,src/app/(public)/services/[service]/page.tsx,selectra,https://selectra.info/energie/solaire/camping-car,selectra#7
12,isolation phonique mur,3500,0,9,2,1,3500.0,isolation-phonique,,,sonergia,https://sonergia.fr/conseils-travaux/isolation/isolation-phonique/comment-isoler-phoniquement-un-mur-entre-voisins/,sonergia#2
13,chauffe eau thermodynamique,31000,9,16,3,1,3444.4,chauffe-eau,/cee/bar-th-148,src/app/(public)/cee/[operation]/page.tsx,france_renov,https://france-renov.gouv.fr/renovation/chauffage/chauffe-eau-thermodynamique-maison,france_renov#3
14,consommation pompe a chaleur,3300,1,5,2,1,3300.0,pompe-a-chaleur,/services/pompe-a-chaleur,src/app/(public)/services/[service]/page.tsx,effy,https://www.effy.fr/travaux-energetique/chauffage/pompe-a-chaleur/consommation-electrique,effy#2
15,peinture isolante thermique,3100,0,6,7,1,3100.0,isolation,/services/isolation-thermique,src/app/(public)/services/[service]/page.tsx,effy,https://www.effy.fr/travaux-energetique/isolation/peinture/isolante,effy#7
16,dpe f,1500,0,2,3,2,3000.0,audit-energetique,/renovation-energetique,src/app/(public)/renovation-energetique/page.tsx,effy,https://www.effy.fr/renovation-energetique/tout-connaitre-sur-le-dpe-f,effy#3|hellio#4
17,ballon thermodynamique,18000,6,31,4,1,3000.0,chauffe-eau,/cee/bar-th-148,src/app/(public)/cee/[operation]/page.tsx,france_renov,https://france-renov.gouv.fr/renovation/chauffage/chauffe-eau-thermodynamique-maison,france_renov#4
18,installation pompe à chaleur,3000,1,22,7,1,3000.0,pompe-a-chaleur,/services/pompe-a-chaleur,src/app/(public)/services/[service]/page.tsx,france_renov,https://france-renov.gouv.fr/renovation/chauffage/pompe-chaleur-maison,france_renov#7
19,prise renforcée voiture électrique,2900,1,21,6,1,2900.0,irve,,,hellio,https://particulier.hellio.com/blog/conseils/prise-renforcee-voiture-electrique,hellio#6
20,entretien pompe a chaleur,5600,2,119,3,1,2800.0,pompe-a-chaleur,/services/pompe-a-chaleur,src/app/(public)/services/[service]/page.tsx,effy,https://www.effy.fr/magazine/focus-entretien-pompe-a-chaleur,effy#3
21,peinture isolante,2800,0,5,10,1,2800.0,isolation,/services/isolation-thermique,src/app/(public)/services/[service]/page.tsx,effy,https://www.effy.fr/travaux-energetique/isolation/peinture/isolante,effy#10
22,isolation par l'extérieur,13000,5,178,1,1,2600.0,isolation,/services/isolation-thermique,src/app/(public)/services/[service]/page.tsx,france_renov,https://france-renov.gouv.fr/renovation/isolation/murs-maison,france_renov#1
23,entreprise de rénovation,2600,1,26,9,1,2600.0,travaux,,,france_renov,https://france-renov.gouv.fr/annuaires-professionnels/artisan-rge-architecte,france_renov#9
24,isolation comble perdu,1200,1,107,4,2,2400.0,isolation,/services/isolation-thermique,src/app/(public)/services/[service]/page.tsx,france_renov,https://france-renov.gouv.fr/renovation/isolation/combles-perdus,france_renov#4|effy#7
25,isolation intérieure,1200,1,68,4,2,2400.0,isolation,/services/isolation-thermique,src/app/(public)/services/[service]/page.tsx,france_renov,https://france-renov.gouv.fr/renovation/isolation/murs-interieurs-appartement,france_renov#4|hellio#10
26,chaudiere fioul,2300,0,45,5,1,2300.0,chauffage,/services/chauffagiste,src/app/(public)/services/[service]/page.tsx,hellio,https://particulier.hellio.com/blog/actualites/interdiction-chaudieres-fioul,hellio#5
27,isolant polyuréthane,2300,0,24,9,1,2300.0,isolation,/services/isolation-thermique,src/app/(public)/services/[service]/page.tsx,sonergia,https://sonergia.fr/conseils-travaux/isolation/materiaux-isolants/le-polyurethane-lisolation-mince-par-excellence/,sonergia#9
28,isolant phonique mur,2300,0,9,9,1,2300.0,isolation-phonique,,,sonergia,https://sonergia.fr/conseils-travaux/isolation/isolation-phonique/comment-isoler-phoniquement-un-mur-entre-voisins/,sonergia#9
29,dpe c,1100,0,4,3,2,2200.0,audit-energetique,/renovation-energetique,src/app/(public)/renovation-energetique/page.tsx,effy,https://www.effy.fr/renovation-energetique/dpe-c-diagnostic-performance-energetique-classe-c,effy#3|hellio#6
30,chauffage d'appoint économique,2200,0,8,6,1,2200.0,chauffage,/services/chauffagiste,src/app/(public)/services/[service]/page.tsx,hellio,https://particulier.hellio.com/blog/conseils/chauffage-appoint-economique,hellio#6
31,panneau solaire 1000w,2100,1,58,2,1,2100.0,solaire,/services/panneaux-solaires,src/app/(public)/services/[service]/page.tsx,effy,https://www.effy.fr/travaux-energetique/solaire/panneau-solaire/alimentation-1000w,effy#2
32,chauffe eau solaire,12000,6,64,3,1,2000.0,chauffe-eau,/cee/bar-th-148,src/app/(public)/cee/[operation]/page.tsx,france_renov,https://france-renov.gouv.fr/renovation/chauffage/chauffe-eau-solaire,france_renov#3
33,isolation,7900,4,95,3,1,1975.0,isolation,/services/isolation-thermique,src/app/(public)/services/[service]/page.tsx,france_renov,https://france-renov.gouv.fr/renovation/isolation/murs-maison,france_renov#3
34,isolation exterieur maison,3700,4,189,1,2,1850.0,isolation,/services/isolation-thermique,src/app/(public)/services/[service]/page.tsx,france_renov,https://france-renov.gouv.fr/renovation/isolation/murs-maison,france_renov#1|effy#6
35,pompe a chaleur air eau,11000,12,143,5,2,1833.3,pompe-a-chaleur,/services/pompe-a-chaleur,src/app/(public)/services/[service]/page.tsx,sonergia,https://sonergia.fr/conseils-travaux/chauffage/pompe-a-chaleur/prix-pompe-a-chaleur-air-eau-quel-budget-moyen-prevoir/,sonergia#5|france_renov#7
36,installation vmc,1800,0,41,1,1,1800.0,ventilation,/cee/bar-th-127,src/app/(public)/cee/[operation]/page.tsx,effy,https://www.effy.fr/travaux-energetique/ventilation/vmc-comment-l-installer,effy#1
37,meilleur poele,1800,0,18,8,1,1800.0,poele,/cee/bar-th-112,src/app/(public)/cee/[operation]/page.tsx,effy,https://www.effy.fr/travaux-energetique/chauffage/poele/poele-bois/meilleur,effy#8
38,entretien pompe à chaleur,900,1,82,6,2,1800.0,pompe-a-chaleur,/services/pompe-a-chaleur,src/app/(public)/services/[service]/page.tsx,effy,https://www.effy.fr/magazine/focus-entretien-pompe-a-chaleur,effy#6|sonergia#8
39,isolation interieur,3600,4,68,4,2,1800.0,isolation,/services/isolation-thermique,src/app/(public)/services/[service]/page.tsx,france_renov,https://france-renov.gouv.fr/renovation/isolation/murs-interieurs-appartement,france_renov#4|sonergia#9
40,isolation plafond garage,1800,0,16,8,1,1800.0,isolation,/services/isolation-thermique,src/app/(public)/services/[service]/page.tsx,france_renov,https://france-renov.gouv.fr/renovation/isolation/sous-sol-garage,france_renov#8
41,panneau solaire plug and play,14000,8,52,9,1,1750.0,solaire,/services/panneaux-solaires,src/app/(public)/services/[service]/page.tsx,hellio,https://particulier.hellio.com/guide-solaire/types/panneau-plug-and-play,hellio#9
42,pompe a chaleur prix,1700,2,105,4,2,1700.0,pompe-a-chaleur,/services/pompe-a-chaleur,src/app/(public)/services/[service]/page.tsx,effy,https://www.effy.fr/travaux-energetique/chauffage/pompe-a-chaleur/prix-pac-air-eau,effy#4|sonergia#9
43,isolant sol,1700,0,19,7,1,1700.0,isolation,/services/isolation-thermique,src/app/(public)/services/[service]/page.tsx,effy,https://www.effy.fr/travaux-energetique/isolation/isolation-sol/prix,effy#7
44,disconnecteur chaudière,1700,0,2,8,1,1700.0,chauffage,/services/chauffagiste,src/app/(public)/services/[service]/page.tsx,effy,https://www.effy.fr/travaux-energetique/chauffage/chaudiere/disconnecteur,effy#8
45,pompe a chaleur eau eau,1700,0,64,4,1,1700.0,pompe-a-chaleur,/services/pompe-a-chaleur,src/app/(public)/services/[service]/page.tsx,sonergia,https://sonergia.fr/conseils-travaux/chauffage/pompe-a-chaleur/prix-pompe-a-chaleur-eau-eau-quel-budget-pour-votre-chauffage/,sonergia#4
46,isolation combles,4100,5,124,1,2,1640.0,isolation,/services/isolation-thermique,src/app/(public)/services/[service]/page.tsx,france_renov,https://france-renov.gouv.fr/renovation/isolation/combles-maison,france_renov#1|effy#4
47,prix pompe a chaleur air air,1600,0,86,1,1,1600.0,pompe-a-chaleur,/services/pompe-a-chaleur,src/app/(public)/services/[service]/page.tsx,effy,https://www.effy.fr/travaux-energetique/chauffage/pompe-a-chaleur/prix-pac-air-air,effy#1
48,ramonage poele a bois,1600,0,56,6,1,1600.0,poele,/cee/bar-th-112,src/app/(public)/cee/[operation]/page.tsx,effy,https://www.effy.fr/travaux-energetique/chauffage/poele-a-bois-chaudiere-cheminee-quand-effectuer-le-ramonage,effy#6
49,entretien chauffe eau,1600,1,135,6,1,1600.0,chauffe-eau,/cee/bar-th-148,src/app/(public)/cee/[operation]/page.tsx,effy,https://www.effy.fr/travaux-energetique/chauffe-eau/entretien,effy#6
50,pompe a chaleur air air prix,1500,0,86,4,1,1500.0,pompe-a-chaleur,/services/pompe-a-chaleur,src/app/(public)/services/[service]/page.tsx,effy,https://www.effy.fr/travaux-energetique/chauffage/pompe-a-chaleur/prix-pac-air-air,effy#4
51,isolation sous toiture,1500,0,59,9,1,1500.0,isolation,/services/isolation-thermique,src/app/(public)/services/[service]/page.tsx,effy,https://www.effy.fr/travaux-energetique/isolation/isolation-combles/rampants-definition,effy#9
52,isolation garage,1500,0,19,4,1,1500.0,isolation,/services/isolation-thermique,src/app/(public)/services/[service]/page.tsx,france_renov,https://france-renov.gouv.fr/renovation/isolation/sous-sol-garage,france_renov#4
53,chauffage collectif date,1500,0,6,3,1,1500.0,chauffage,/services/chauffagiste,src/app/(public)/services/[service]/page.tsx,hellio,https://copropriete.hellio.com/blog/actualites/dates-chauffage-collectif,hellio#3
54,dpe vierge,1500,0,3,5,1,1500.0,audit-energetique,/renovation-energetique,src/app/(public)/renovation-energetique/page.tsx,hellio,https://faq.hellio.com/dpe-vierge-interdiction-location,hellio#5
55,poêle à granulés,16000,11,39,8,1,1454.5,poele,/cee/bar-th-112,src/app/(public)/cee/[operation]/page.tsx,france_renov,https://france-renov.gouv.fr/renovation/chauffage/poele-granules,france_renov#8
56,isolation thermique extérieure,1400,1,139,3,1,1400.0,isolation,/services/isolation-thermique,src/app/(public)/services/[service]/page.tsx,france_renov,https://france-renov.gouv.fr/renovation/isolation/murs-maison,france_renov#3
57,dpe e location,1400,1,2,1,1,1400.0,audit-energetique,/renovation-energetique,src/app/(public)/renovation-energetique/page.tsx,hellio,https://faq.hellio.com/location-logement-classe-e-dpe,hellio#1
58,eurocombles avis,1400,0,88,2,1,1400.0,isolation,/services/isolation-thermique,src/app/(public)/services/[service]/page.tsx,hellio,https://particulier.hellio.com/blog/travaux/isolation-soufflee,hellio#2
59,poele a granule,29000,21,40,5,1,1381.0,poele,/cee/bar-th-112,src/app/(public)/cee/[operation]/page.tsx,france_renov,https://france-renov.gouv.fr/renovation/chauffage/poele-granules,france_renov#5
60,isolation mur,1300,2,96,3,2,1300.0,isolation,/services/isolation-thermique,src/app/(public)/services/[service]/page.tsx,france_renov,https://france-renov.gouv.fr/renovation/isolation/murs-maison,france_renov#3|sonergia#9
61,chaudière fioul,1300,1,45,5,1,1300.0,chauffage,/services/chauffagiste,src/app/(public)/services/[service]/page.tsx,hellio,https://particulier.hellio.com/blog/actualites/interdiction-chaudieres-fioul,hellio#5
62,chauffage collectif,1300,0,29,6,1,1300.0,chauffage,/services/chauffagiste,src/app/(public)/services/[service]/page.tsx,hellio,https://copropriete.hellio.com/blog/actualites/dates-chauffage-collectif,hellio#6
63,seche linge pompe a chaleur ou condensation,1300,0,10,7,1,1300.0,pompe-a-chaleur,/services/pompe-a-chaleur,src/app/(public)/services/[service]/page.tsx,hellio,https://particulier.hellio.com/blog/conseils/seche-linge-pompe-chaleur-condensation,hellio#7
64,isolation polyuréthane,1300,1,24,6,1,1300.0,isolation,/services/isolation-thermique,src/app/(public)/services/[service]/page.tsx,sonergia,https://sonergia.fr/conseils-travaux/isolation/materiaux-isolants/le-polyurethane-lisolation-mince-par-excellence/,sonergia#6
65,isolation des combles,3600,6,124,1,2,1200.0,isolation,/services/isolation-thermique,src/app/(public)/services/[service]/page.tsx,france_renov,https://france-renov.gouv.fr/renovation/isolation/combles-maison,france_renov#1|effy#3
66,prix chaudiere gaz,1200,1,61,1,1,1200.0,chauffage,/services/chauffagiste,src/app/(public)/services/[service]/page.tsx,effy,https://www.effy.fr/travaux-energetique/chauffage/chaudiere/prix-chaudiere-gaz,effy#1
67,isolation toit terrasse,600,0,50,2,2,1200.0,isolation,/services/isolation-thermique,src/app/(public)/services/[service]/page.tsx,france_renov,https://france-renov.gouv.fr/renovation/isolation/toitures-terrasses,france_renov#2|effy#4
68,installation vmc double flux,600,0,46,4,2,1200.0,ventilation,/cee/bar-th-127,src/app/(public)/cee/[operation]/page.tsx,effy,https://www.effy.fr/travaux-energetique/ventilation/vmc-double-flux/installation,effy#4|france_renov#6
69,prix granulés bois,1200,1,26,8,1,1200.0,poele,/cee/bar-th-112,src/app/(public)/cee/[operation]/page.tsx,hellio,https://particulier.hellio.com/blog/conseils/prix-granule-bois,hellio#8
70,isolation phonique,8300,7,22,2,1,1185.7,isolation-phonique,,,sonergia,https://sonergia.fr/conseils-travaux/isolation/isolation-phonique/comment-isoler-phoniquement-un-mur-entre-voisins/,sonergia#2
71,ballon d'eau chaude thermodynamique,2300,2,25,6,1,1150.0,chauffe-eau,/cee/bar-th-148,src/app/(public)/cee/[operation]/page.tsx,france_renov,https://france-renov.gouv.fr/renovation/chauffage/chauffe-eau-thermodynamique-maison,france_renov#6
72,isolation sous toiture entre chevrons,1100,0,59,1,1,1100.0,isolation,/services/isolation-thermique,src/app/(public)/services/[service]/page.tsx,effy,https://www.effy.fr/travaux-energetique/isolation/isolation-toit/chevrons,effy#1
73,renovation toiture,1100,1,43,5,1,1100.0,isolation,/services/isolation-thermique,src/app/(public)/services/[service]/page.tsx,effy,https://www.effy.fr/travaux-energetique/isolation/isolation-toit/toiture-terrasse/aides/renovation,effy#5
74,isolation extérieure,2200,2,187,4,1,1100.0,isolation,/services/isolation-thermique,src/app/(public)/services/[service]/page.tsx,france_renov,https://france-renov.gouv.fr/renovation/isolation/murs-maison,france_renov#4
75,meilleur chauffage d'appoint sans électricité,1100,0,6,6,1,1100.0,chauffage,/services/chauffagiste,src/app/(public)/services/[service]/page.tsx,sonergia,https://sonergia.fr/conseils-travaux/chauffage/chauffage-dappoint-economique-plus-de-confort-sans-vous-ruiner/,sonergia#6
76,ventilation,4300,4,35,2,1,1075.0,ventilation,/cee/bar-th-127,src/app/(public)/cee/[operation]/page.tsx,france_renov,https://france-renov.gouv.fr/renovation/vmc,france_renov#2
77,chauffe-eau thermodynamique,7100,7,25,3,1,1014.3,chauffe-eau,/cee/bar-th-148,src/app/(public)/cee/[operation]/page.tsx,france_renov,https://france-renov.gouv.fr/renovation/chauffage/chauffe-eau-thermodynamique-maison,france_renov#3
78,rendement panneau solaire,3000,6,71,5,2,1000.0,solaire,/services/panneaux-solaires,src/app/(public)/services/[service]/page.tsx,effy,https://www.effy.fr/travaux-energetique/solaire/rendement-panneau,effy#5|hellio#8
79,installation poele a granule,1000,0,46,2,1,1000.0,poele,/cee/bar-th-112,src/app/(public)/cee/[operation]/page.tsx,effy,https://www.effy.fr/travaux-energetique/chauffage/poele/les-bonnes-raisons-d-installer-un-poele-a-granules,effy#2
80,combien coûte une pompe à chaleur,1000,1,94,4,1,1000.0,pompe-a-chaleur,/services/pompe-a-chaleur,src/app/(public)/services/[service]/page.tsx,effy,https://www.effy.fr/travaux-energetique/chauffage/pompe-a-chaleur/prix-pac-air-eau,effy#4
81,pac mitsubishi,1000,0,89,2,1,1000.0,pompe-a-chaleur,/services/pompe-a-chaleur,src/app/(public)/services/[service]/page.tsx,effy,https://www.effy.fr/travaux-energetique/chauffage/pompe-a-chaleur/mitsubishi,effy#2
82,isolation combles perdus,2000,2,108,1,1,1000.0,isolation,/services/isolation-thermique,src/app/(public)/services/[service]/page.tsx,france_renov,https://france-renov.gouv.fr/renovation/isolation/combles-perdus,france_renov#1
83,ballon eau chaude thermodynamique,3000,3,22,4,1,1000.0,chauffe-eau,/cee/bar-th-148,src/app/(public)/cee/[operation]/page.tsx,france_renov,https://france-renov.gouv.fr/renovation/chauffage/chauffe-eau-thermodynamique-maison,france_renov#4
84,chauffage au gaz,1000,0,21,3,1,1000.0,chauffage,/services/chauffagiste,src/app/(public)/services/[service]/page.tsx,france_renov,https://france-renov.gouv.fr/renovation/chauffage/gaz-appartement,france_renov#3
85,isolation acoustique mur,1000,0,18,8,1,1000.0,isolation,/services/isolation-thermique,src/app/(public)/services/[service]/page.tsx,sonergia,https://sonergia.fr/conseils-travaux/isolation/isolation-phonique/comment-isoler-phoniquement-un-mur-entre-voisins/,sonergia#8
86,borne recharge voiture électrique,8900,9,75,9,1,988.9,irve,,,effy,https://www.effy.fr/renovation-energetique/borne-recharge-voiture-electrique,effy#9
87,chaudière à gaz : prix,900,0,,4,1,900.0,chauffage,/services/chauffagiste,src/app/(public)/services/[service]/page.tsx,effy,https://www.effy.fr/travaux-energetique/chauffage/chaudiere/prix-chaudiere-gaz,effy#4
88,entretien pompe a chaleur air eau,900,1,97,6,1,900.0,pompe-a-chaleur,/services/pompe-a-chaleur,src/app/(public)/services/[service]/page.tsx,effy,https://www.effy.fr/travaux-energetique/chauffage/pompe-a-chaleur/prix-entretien,effy#6
89,prix isolation extérieur maison 100m2,900,0,93,8,1,900.0,isolation,/services/isolation-thermique,src/app/(public)/services/[service]/page.tsx,effy,https://www.effy.fr/renovation-energetique/maison-phenix/prix/isolation-exterieur-100m2,effy#8
90,isolation thermique intérieur,900,2,29,3,2,900.0,isolation,/services/isolation-thermique,src/app/(public)/services/[service]/page.tsx,france_renov,https://france-renov.gouv.fr/renovation/isolation/murs-interieurs-appartement,france_renov#3|sonergia#10
91,isolation sous sol,900,0,60,4,1,900.0,isolation,/services/isolation-thermique,src/app/(public)/services/[service]/page.tsx,sonergia,https://sonergia.fr/conseils-travaux/isolation/sol/comment-realiser-lisolation-dun-sous-sol-humide-les-solutions/,sonergia#4
92,isolation phonique mur chambre,900,1,11,8,1,900.0,isolation-phonique,,,sonergia,https://sonergia.fr/conseils-travaux/isolation/isolation-phonique/comment-isoler-phoniquement-un-mur-entre-voisins/,sonergia#8
93,pompe a chaleur air air,7100,8,111,7,1,887.5,pompe-a-chaleur,/services/pompe-a-chaleur,src/app/(public)/services/[service]/page.tsx,france_renov,https://france-renov.gouv.fr/renovation/chauffage/pompe-chaleur-maison,france_renov#7
94,pompe à chaleur,18000,21,117,3,1,857.1,pompe-a-chaleur,/services/pompe-a-chaleur,src/app/(public)/services/[service]/page.tsx,france_renov,https://france-renov.gouv.fr/renovation/chauffage/pompe-chaleur-maison,france_renov#3
95,fonctionnement pompe a chaleur,2500,3,6,4,1,833.3,pompe-a-chaleur,/services/pompe-a-chaleur,src/app/(public)/services/[service]/page.tsx,france_renov,https://france-renov.gouv.fr/renovation/chauffage/pompe-chaleur-maison,france_renov#4
96,prix d'une pompe à chaleur,800,1,94,5,1,800.0,pompe-a-chaleur,/services/pompe-a-chaleur,src/app/(public)/services/[service]/page.tsx,effy,https://www.effy.fr/travaux-energetique/chauffage/pompe-a-chaleur/prix-pac-air-eau,effy#5
97,isolation extérieure maison,1600,2,189,1,1,800.0,isolation,/services/isolation-thermique,src/app/(public)/services/[service]/page.tsx,france_renov,https://france-renov.gouv.fr/renovation/isolation/murs-maison,france_renov#1
98,isolation des combles perdus,800,0,108,1,1,800.0,isolation,/services/isolation-thermique,src/app/(public)/services/[service]/page.tsx,france_renov,https://france-renov.gouv.fr/renovation/isolation/combles-perdus,france_renov#1
99,pompe à chaleur appartement,800,0,62,3,1,800.0,pompe-a-chaleur,/services/pompe-a-chaleur,src/app/(public)/services/[service]/page.tsx,hellio,https://copropriete.hellio.com/blog/renovation-energetique/pompe-chaleur-appartement-sans-unite-exterieure,hellio#3
100,isolation phonique mur mitoyen,800,0,11,1,1,800.0,isolation-phonique,,,sonergia,https://sonergia.fr/conseils-travaux/isolation/isolation-phonique/comment-isoler-phoniquement-un-mur-entre-voisins/,sonergia#1
