"﻿""Keyword""",Country,Location,Language,Entities,Branded,Local,Navigational,Informational,Commercial,Transactional,SERP features,Volume,KD,CPC,Previous organic traffic,Current organic traffic,Organic traffic change,Current paid traffic,Previous position,Current position,Position change,Previous position kind,Previous URL,Current position kind,Current URL,Previous date,Current date
plombier rouen,FR,France,French,Rouen (Location),false,true,false,true,true,false,,1000,0,5.84,50,,,,4,,Lost,,https://servicesartisans.fr/devis/plombier/le-grand-quevilly/rouen,,,2026-03-18 16:53:53,
plombier caen 24h24,FR,France,French,Caen (Location),false,true,false,true,false,true,"People also ask, Sitelinks",100,0,,,18,,,,2,New,,,,https://servicesartisans.fr/urgence/plombier/caen,,2026-04-02 23:00:27
appel serrurier cherbourg cherbourg-en-cotentin,FR,France,French,"Cherbourg (Location), Cherbourg-en-Cotentin (Location)",false,true,false,true,false,true,"People also ask, Local pack",50,0,,,17,,,,1,New,,,,https://servicesartisans.fr/urgence/serrurier/cherbourg-en-cotentin,,2026-03-25 07:37:28
domotique maison connectée vendee,FR,France,French,Vendée (Location),false,true,false,true,true,false,"Local pack, People also ask, Video preview, Bottom ads",30,0,,,11,,,,1,New,,,,https://servicesartisans.fr/departements/vendee/domoticien,,2026-03-27 14:18:02
ascenseur nièvre,FR,France,French,Nièvre (Location),false,true,false,true,false,false,People also ask,20,0,,,8,,,,1,New,,,,https://servicesartisans.fr/departements/nievre/ascensoriste,,2026-03-28 09:55:24
diagnostic plomb professionnel cannes,FR,France,French,Cannes (Location),false,true,false,true,true,false,"Local pack, People also ask, Sitelinks, Video preview",70,0,,,6,,,,5,New,,,,https://servicesartisans.fr/avis/diagnostiqueur/cannes,,2026-04-01 23:10:27
forfait évry,FR,France,French,Evry (Location),false,true,false,true,false,false,People also ask,50,0,,,6,,,,3,New,,,,https://servicesartisans.fr/tarifs/borne-recharge/evry-courcouronnes,,2026-04-01 08:33:19
installation domotique vendee,FR,France,French,Vendée (Location),false,true,false,true,true,false,"Local pack, People also ask, Video preview",40,0,,,5,,,,3,New,,,,https://servicesartisans.fr/departements/vendee/domoticien,,2026-03-25 09:46:06
prix charpentier,FR,France,French,,false,false,false,true,false,false,"Featured snippet, People also ask, Sitelinks",200,0,0.48,5,,,,10,,Lost,,https://servicesartisans.fr/tarifs/charpentier,,,2026-03-05 04:59:27,
ma prime renov 2026,FR,France,French,MaPrimeRénov' (Event),true,false,false,true,false,false,People also ask,6200,68,1.27,,4,,,,26,New,,,,https://servicesartisans.fr/guides/maprimerenov-2026,,2026-04-15 21:01:14
architecte d'intérieur ploemel,FR,France,French,Ploemel (Location),false,true,false,true,true,false,"Knowledge panel, People also ask",30,0,,,3,,,,3,New,,,,https://servicesartisans.fr/services/architecte-interieur/auray/ploemel,,2026-03-29 18:34:02
contrat de nettoyage 86,FR,France,French,Vienne (Location),false,true,false,true,false,false,People also ask,40,0,,1,3,2,,10,4,6,,https://servicesartisans.fr/departements/vienne/nettoyage,,https://servicesartisans.fr/departements/vienne/nettoyage,2026-03-14 18:32:29,2026-04-17 02:51:33
vitrier maubeuge,FR,France,French,Maubeuge (Location),false,true,false,true,true,false,"Local pack, People also ask, Sitelinks",70,0,0.76,,3,,,,8,New,,,,https://servicesartisans.fr/services/vitrier/maubeuge,,2026-04-02 02:41:48
cuisiniste pays de la loire,FR,France,French,Pays de la Loire (Location),false,true,false,true,true,false,"People also ask, Sitelinks",80,1,,,3,,,,8,New,,,,https://servicesartisans.fr/regions/pays-de-la-loire/cuisiniste,,2026-04-16 03:19:02
vitrier muret,FR,France,French,Muret (Location),false,true,false,true,true,false,"Local pack, People also ask",80,0,1.07,,3,,,,9,New,,,,https://servicesartisans.fr/services/vitrier/muret,,2026-04-01 20:58:27
aquitaine plombier,FR,France,French,Aquitaine (Location),false,true,false,true,true,false,"Local pack, People also ask, Video preview",30,0,,,3,,,,6,New,,,,https://servicesartisans.fr/regions/nouvelle-aquitaine/plombier,,2026-03-30 03:28:27
déménagement pas cher alpes maritimes,FR,France,French,Alpes Maritimes (Location),false,true,false,true,true,false,"Local pack, People also ask, Video preview, Bottom ads",50,0,,,3,,,,7,New,,,,https://servicesartisans.fr/departements/alpes-maritimes/demenageur,,2026-03-27 01:30:29
surélévation ris-orangis,FR,France,French,Ris-Orangis (Location),false,true,false,true,true,false,Knowledge panel,30,0,,,3,,,,4,New,,,,https://servicesartisans.fr/tarifs/charpentier/ris-orangis/surelevation-en-ossature-bois,,2026-03-22 02:54:02
artisan peintre a lyon,FR,France,French,Lyon (Location),false,true,false,true,true,false,"Local pack, People also ask, Video preview, Sitelinks",30,0,,,3,,,,6,New,,,,https://servicesartisans.fr/services/peintre-en-batiment/lyon,,2026-04-01 17:46:27
vitrier roquevaire,FR,France,French,Roquevaire (Location),false,true,false,true,true,false,"Local pack, Thumbnail, People also ask",80,1,,,3,,,,10,New,,,,https://servicesartisans.fr/avis/vitrier/roquevaire,,2026-04-15 23:13:12
serrurier paimpol,FR,France,French,Paimpol (Location),false,true,false,true,true,false,"Local pack, People also ask",90,0,1.23,,2,,,,12,New,,,,https://servicesartisans.fr/services/serrurier/paimpol,,2026-04-11 16:36:02
installation prise,FR,France,French,,false,false,false,true,false,false,"People also ask, Video preview, Sitelinks",70,0,0.74,,2,,,,5,New,,,,https://servicesartisans.fr/blog/comment-installer-prise-electrique,,2026-04-10 14:22:52
serrurier aix les bains,FR,France,French,Aix-les-Bains (Location),false,true,false,true,true,false,"Local pack, People also ask, Thumbnail",600,2,2.67,,2,,,,19,New,,,,https://servicesartisans.fr/services/serrurier/aix-les-bains/serrurier-2-savoies-900916347,,2026-04-14 21:41:02
domotique villeneuve sur lot,FR,France,French,Villeneuve-sur-Lot (Location),false,true,false,true,true,false,"Sitelinks, Local pack",80,0,,,2,,,,11,New,,,,https://servicesartisans.fr/services/domoticien/villeneuve-sur-lot,,2026-04-06 15:11:18
prix placard sur mesure menuisier,FR,France,French,,false,false,false,true,true,false,"Featured snippet, People also ask, Shopping, Thumbnail, Sitelinks",60,0,0.37,,2,,,,9,New,,,,https://servicesartisans.fr/tarifs/menuisier/tournefeuille/fabrication-et-pose-d-un-placard-sur-mesure,,2026-03-21 12:56:08
tekno batilux,FR,France,French,Tekno Batilux (Organization),true,false,false,true,false,false,Sitelinks,50,0,,,2,,,,8,New,,,,https://servicesartisans.fr/services/macon/saint-martin-du-var/tekno-batilux-travaux-de-maconnerie-generale-et-gros-oeuvre-de-batiment-travaux--889363537,,2026-04-01 08:03:53
eric corniglion,FR,France,French,Eric Corniglion (Person),false,false,false,true,false,false,Video preview,100,0,0.05,,2,,,,6,New,,,,https://servicesartisans.fr/services/solier/vence/eric-corniglion-327758421,,2026-04-10 22:18:47
bm macon,FR,France,French,"B&M Macon (Organization), B&M Macon (Location)",true,true,false,true,false,false,"People also ask, Thumbnail, Sitelinks",700,0,4.00,2,,,,20,,Lost,,https://servicesartisans.fr/services/macon/roquefort-la-bedoule/bm-construction-853986826,,,2026-03-03 22:56:05,
ascenseur auxonne,FR,France,French,Auxonne (Location),false,true,false,true,true,false,People also ask,20,0,,,2,,,,4,New,,,,https://servicesartisans.fr/avis/ascensoriste/auxonne,,2026-03-21 22:07:46
artisanat frouzins,FR,France,French,Frouzins (Location),false,true,false,true,false,false,"Thumbnail, People also ask",30,0,,2,,,,6,,Lost,,https://servicesartisans.fr/villes/frouzins/centre-ville,,,2026-02-23 08:30:48,
contrat de nettoyage 17,FR,France,French,17 (Location),false,true,false,true,false,false,"People also ask, Sitelinks",40,0,,1,,,,8,,Lost,,https://servicesartisans.fr/departements/charente-maritime/nettoyage,,,2026-03-11 08:12:02,
vitrier fontenay le fleury,FR,France,French,Fontenay-le-Fleury (Location),false,true,false,true,true,false,Knowledge panel,30,0,1.41,,1,,,,7,New,,,,https://servicesartisans.fr/avis/vitrier/fontenay-le-fleury,,2026-04-09 18:17:46
ramonage anglet,FR,France,French,Anglet (Location),false,true,false,true,false,false,"Local pack, People also ask",70,0,1.02,,1,,,,12,New,,,,https://servicesartisans.fr/avis/ramoneur/anglet,,2026-03-31 16:30:47
tarif pose sol pvc,FR,France,French,,false,false,false,true,false,false,"Featured snippet, People also ask",50,0,0.41,,1,,,,11,New,,,,https://servicesartisans.fr/tarifs/solier/noisy-le-sec/pose-de-sol-pvc-vinyle-en-lames-ou-dalles,,2026-03-19 19:40:38
serrurier la ferte bernard,FR,France,French,La Ferté Bernard (Location),false,true,false,true,false,false,"Local pack, People also ask",40,0,1.31,,1,,,,11,New,,,,https://servicesartisans.fr/services/serrurier/la-ferte-bernard,,2026-04-11 05:04:41
demenageur cambrai,FR,France,French,Cambrai (Location),false,true,false,true,true,false,"Top ads, Local pack, People also ask, Thumbnail",50,0,1.18,1,,,,11,,Lost,,https://servicesartisans.fr/devis/demenageur/cambrai/centre-ville,,,2026-02-25 07:38:53,
serrurier mont saint aignan,FR,France,French,Mont Saint Aignan (Location),false,true,false,true,true,false,"Local pack, People also ask, Thumbnail, Bottom ads",50,0,5.65,,1,,,,11,New,,,,https://servicesartisans.fr/services/serrurier/mont-saint-aignan,,2026-04-15 16:37:17
serrurier sevran,FR,France,French,Sevran (Location),false,true,false,true,true,false,"Local pack, People also ask, Thumbnail",350,0,7.33,,1,,,,20,New,,,,https://servicesartisans.fr/urgence/serrurier/sevran,,2026-04-17 18:45:56
ascenseur belleville en beaujolais,FR,France,French,Belleville-en-Beaujolais (Location),false,true,false,true,false,false,"Thumbnail, People also ask, Sitelinks",10,0,,,1,,,,2,New,,,,https://servicesartisans.fr/avis/ascensoriste/belleville-en-beaujolais,,2026-04-01 00:57:39
peintre qualifie bordeaux,FR,France,French,Bordeaux (Location),false,true,false,true,true,false,"People also ask, Video preview",10,0,1.27,,1,,,,4,New,,,,https://servicesartisans.fr/services/peintre-en-batiment/bordeaux,,2026-04-01 04:09:02
ascenseur cosne sur loire,FR,France,French,Cosne-sur-Loire (Location),false,true,false,true,false,false,People also ask,20,0,,,1,,,,6,New,,,,https://servicesartisans.fr/urgence/ascensoriste/cosne-cours-sur-loire,,2026-03-29 18:47:29
papier peint chalons en champagne,FR,France,French,Châlons-en-Champagne (Location),false,true,false,true,true,false,,30,0,,,1,,,,9,New,,,,https://servicesartisans.fr/tarifs/peintre-en-batiment/chalons-en-champagne/pose-de-papier-peint,,2026-03-23 14:30:02
carreleur pontivy,FR,France,French,Pontivy (Location),false,true,false,true,true,false,"Local pack, People also ask",40,1,0.42,,1,,,,12,New,,,,https://servicesartisans.fr/services/carreleur/pontivy,,2026-04-01 18:51:11
prix carrelage m2,FR,France,French,,false,false,false,true,true,false,"Featured snippet, People also ask, Shopping, Thumbnail, Video preview",2200,3,0.07,,1,,,,17,New,,,,https://servicesartisans.fr/questions/prix-pose-carrelage-m2,,2026-04-11 22:51:24
cuisiniste quimper avis,FR,France,French,Quimper (Location),false,true,false,true,true,false,"People also ask, Sitelinks",30,0,1.22,,1,,,,9,New,,,,https://servicesartisans.fr/avis/cuisiniste/quimper,,2026-04-01 19:22:46
vitrier gien,FR,France,French,Gien (Location),false,true,false,true,true,false,"People also ask, Knowledge panel",60,0,0.97,,1,,,,12,New,,,,https://servicesartisans.fr/services/vitrier/gien,,2026-04-09 14:32:02
prix pose cheneau zinc,FR,France,French,,false,false,false,true,false,false,People also ask,10,0,0.48,,1,,,,5,New,,,,https://servicesartisans.fr/tarifs/zingueur/puteaux/pose-de-gouttieres-en-zinc,,2026-03-25 05:43:56
vitrier montereau fault yonne,FR,France,French,Montereau-Fault-Yonne (Location),false,true,false,true,true,true,"Local pack, People also ask",30,0,1.16,,1,,,,10,New,,,,https://servicesartisans.fr/services/vitrier/montereau-fault-yonne,,2026-04-10 16:50:43
faire un double de clé lyon prix,FR,France,French,Lyon (Location),false,true,false,true,false,false,"Featured snippet, People also ask, Knowledge panel, Sitelinks",20,0,0.69,,1,,,,8,New,,,,https://servicesartisans.fr/tarifs/serrurier/lyon/copie-de-cle-standard-ou-haute-securite,,2026-03-20 12:28:28
vitrier osny,FR,France,French,Osny (Location),false,true,false,true,true,false,People also ask,40,0,,,1,,,,10,New,,,,https://servicesartisans.fr/avis/vitrier/osny,,2026-03-21 09:08:28
vitrier voisins le bretonneux,FR,France,French,Voisins-le-Bretonneux (Location),false,true,false,true,true,false,"Local pack, Thumbnail",30,0,,1,1,0,,11,11,,,https://servicesartisans.fr/avis/vitrier/voisins-le-bretonneux,,https://servicesartisans.fr/avis/vitrier/voisins-le-bretonneux,2026-03-16 19:52:20,2026-03-16 19:52:20
prix remplacement interrupteur,FR,France,French,,false,false,false,true,false,false,"People also ask, Sitelinks",40,0,0.34,,1,,,,10,New,,,,https://servicesartisans.fr/tarifs/electricien/tourcoing/remplacement-d-un-interrupteur-differentiel,,2026-03-20 08:31:28
europa service,FR,France,French,Europa Services (Organization),true,false,false,true,false,false,,40,0,,1,,,,10,,Lost,,https://servicesartisans.fr/services/platrier/clichy/europa-services-977498005,,,2026-03-06 11:32:17,
tarif plombier dunkerque,FR,France,French,Dunkirk (Location),false,true,false,true,false,false,"Featured snippet, People also ask, Sitelinks",10,0,0.50,,1,,,,4,New,,,,https://servicesartisans.fr/tarifs/plombier/dunkerque,,2026-04-07 13:05:31
serrurier le mans tarif,FR,France,French,Le Mans (Location),false,true,false,true,false,false,"Featured snippet, People also ask, Sitelinks",30,0,0.48,,1,,,,9,New,,,,https://servicesartisans.fr/tarifs/serrurier/le-mans/copie-de-cle-standard-ou-haute-securite,,2026-04-02 14:49:54
plombier dijon tarif,FR,France,French,Dijon (Location),false,true,false,true,false,false,"People also ask, Local pack",40,0,1.28,,1,,,,12,New,,,,https://servicesartisans.fr/tarifs/plombier/dijon/renovation-complete-plomberie-salle-de-bain-alimentation-evacuation,,2026-03-23 02:42:16
artisans de france,FR,France,French,Artisans de France (Organization),true,false,false,true,false,false,"Local pack, People also ask, Thumbnail",50,12,1.30,1,1,0,,12,12,,,https://servicesartisans.fr/,,https://servicesartisans.fr/,2026-03-16 05:36:57,2026-03-16 05:36:57
prix platrier,FR,France,French,,false,false,false,true,false,false,"Featured snippet, People also ask",20,0,0.49,1,,,,10,,Lost,,https://servicesartisans.fr/tarifs/platrier,,,2026-02-28 09:13:02,
tarif pose parquet pvc,FR,France,French,,false,false,false,true,false,false,"Featured snippet, People also ask, Sitelinks",30,0,0.42,,1,,,,9,New,,,,https://servicesartisans.fr/tarifs/solier/saint-pierre/pose-de-sol-pvc-vinyle-en-lames-ou-dalles,,2026-03-19 04:45:02
ascenseur doubs,FR,France,French,Doubs (Location),false,true,false,true,false,false,"Featured snippet, Sitelinks",20,0,,,1,,,,8,New,,,,https://servicesartisans.fr/departements/doubs/ascensoriste,,2026-04-13 17:03:02
plombier magny le hongre,FR,France,French,Magny le Hongre (Location),false,true,false,true,true,true,"People also ask, Knowledge panel",50,0,6.64,,1,,,,12,New,,,,https://servicesartisans.fr/avis/plombier/magny-le-hongre,,2026-04-10 17:43:53
serrurier annecy tarif,FR,France,French,Annecy (Location),false,true,false,true,false,false,"Featured snippet, People also ask, Knowledge panel",50,0,1.45,,1,,,,12,New,,,,https://servicesartisans.fr/tarifs/serrurier/annecy/copie-de-cle-standard-ou-haute-securite,,2026-03-31 18:34:53
vitrier montceau les mines,FR,France,French,Montceau-les-Mines (Location),false,true,false,true,true,false,"Local pack, Thumbnail, People also ask",40,0,0.99,,1,,,,12,New,,,,https://servicesartisans.fr/services/vitrier/montceau-les-mines/suZIEsxpmGCS-4Aq,,2026-04-16 04:45:52
demenageur yvelines avis,FR,France,French,Yvelines (Location),false,true,false,true,false,false,People also ask,0,0,1.69,,1,,,,1,New,,,,https://servicesartisans.fr/avis/demenageur/meulan-en-yvelines,,2026-03-25 14:38:15
fenetres double vitrage,FR,France,French,,false,false,false,true,true,false,"Shopping, Thumbnail, People also ask, Video preview",600,0,0.96,,1,,,,23,New,,,,https://servicesartisans.fr/blog/guide-fenetre-double-vitrage,,2026-04-01 11:32:59
serrurier mormant,FR,France,French,Mormant (Location),false,true,false,true,false,false,People also ask,40,0,3.07,,1,,,,11,New,,,,https://servicesartisans.fr/avis/serrurier/mormant,,2026-03-22 09:22:39
pavis d'escurac,FR,France,French,Pavis D'Escurac (Organization),true,false,false,true,false,false,"Sitelinks, People also ask",40,0,,,1,,,,8,New,,,,https://servicesartisans.fr/services/architecte-interieur/cogolin/pavis-d-escurac-architecte-812115251,,2026-04-10 20:04:55
vitrier hendaye,FR,France,French,Hendaye (Location),false,true,false,true,true,false,"Local pack, People also ask",30,0,1.21,,1,,,,12,New,,,,https://servicesartisans.fr/services/vitrier/hendaye,,2026-04-11 02:27:32
menuisier urgence,FR,France,French,,false,false,false,true,false,true,"Local pack, People also ask",10,0,,,1,,,,8,New,,,,https://servicesartisans.fr/urgence/menuisier/douchy-les-mines,,2026-03-23 22:05:31
remplacement toilettes nimes,FR,France,French,Nîmes (Location),false,true,false,true,false,true,People also ask,30,0,,,1,,,,11,New,,,,https://servicesartisans.fr/tarifs/plombier/nimes/installation-d-un-wc,,2026-03-21 23:56:29
serrurier angers tarif,FR,France,French,Angers (Location),false,true,false,true,false,false,"Featured snippet, People also ask, Sitelinks, Local pack",30,0,0.51,,1,,,,12,New,,,,https://servicesartisans.fr/tarifs/serrurier/angers/copie-de-cle-standard-ou-haute-securite,,2026-03-23 10:33:42
ascenseur l'allier,FR,France,French,Allier (Location),false,true,false,true,false,false,People also ask,20,1,,1,,,,9,,Lost,,https://servicesartisans.fr/departements/allier/ascensoriste,,,2026-03-04 21:59:27,
plombier le chesnay,FR,France,French,Le Chesnay (Location),false,true,false,true,true,true,"Local pack, People also ask, Thumbnail",250,0,8.90,1,,,,24,,Lost,,https://servicesartisans.fr/services/plombier/velizy-villacoublay/le-chesnay-rocquencourt,,,2026-03-03 01:01:18,
prix pose cuisine,FR,France,French,,false,false,false,true,false,false,People also ask,700,0,0.62,,1,,,,28,New,,,,https://servicesartisans.fr/questions/prix-cuisine-equipee-pose,,2026-04-11 22:23:46
plombier neudorf,FR,France,French,Neudorf (Location),false,true,false,true,false,true,"Local pack, People also ask",30,0,4.73,1,,,,13,,Lost,,https://servicesartisans.fr/villes/strasbourg/neudorf,,,2026-03-05 07:20:52,
traitement capricorne charpente prix,FR,France,French,,false,false,false,true,false,false,"Featured snippet, People also ask, Sitelinks",30,0,1.08,,1,,,,11,New,,,,https://servicesartisans.fr/tarifs/charpentier/tarbes/traitement-charpente-par-injection-anti-termites-capricornes,,2026-03-28 22:28:32
demenagement tournan en brie,FR,France,French,Tournan-en-Brie (Location),false,true,false,true,true,false,"Top ads, Paid sitelinks, Local pack, Sitelinks, People also ask",20,0,,0,,,,12,,Lost,,https://servicesartisans.fr/devis/demenageur/tournan-en-brie/centre-ville,,,2026-03-04 22:33:28,
prix pose visiophone,FR,France,French,,false,false,false,true,false,false,"People also ask, Sitelinks",20,0,0.36,,0,,,,10,New,,,,https://servicesartisans.fr/tarifs/electricien/tours/installation-d-un-interphone-ou-visiophone,,2026-03-22 10:28:44
serrurier a fréjus,FR,France,French,Fréjus (Location),false,true,false,true,true,false,"Local pack, People also ask, Video preview",0,0,,,0,,,,3,New,,,,https://servicesartisans.fr/services/serrurier/frejus,,2026-03-27 05:20:38
couvreur wissous,FR,France,French,Wissous (Location),false,true,false,true,true,false,"People also ask, Knowledge panel",20,0,,,0,,,,11,New,,,,https://servicesartisans.fr/services/couvreur/wissous,,2026-04-11 07:46:47
vitrier clichy,US,United States,French,Clichy (Location),false,true,false,true,true,false,"Local pack, Sitelinks",10,0,,,0,,,,10,New,,,,https://servicesartisans.fr/services/vitrier/clichy,,2026-04-11 19:12:14
piscine vierzon tarif,FR,France,French,Vierzon (Location),false,true,false,true,false,false,"People also ask, Sitelinks, Knowledge panel",10,0,,,0,,,,10,New,,,,https://servicesartisans.fr/tarifs/pisciniste/vierzon/piscine-hors-sol-bois-ou-acier,,2026-03-29 16:29:28
membrane epdm mandelieu,FR,France,English,Mandelieu-la-Napoule (Location),false,true,false,true,false,false,,0,0,,,0,,,,1,New,,,,https://servicesartisans.fr/tarifs/etancheiste/mandelieu-la-napoule/etancheite-toiture-terrasse-membrane-epdm,,2026-04-14 20:22:03
intervention sur alarme paris,RU,Russian Federation,French,Paris (Location),false,true,false,true,false,false,"People also ask, Sitelinks, Video preview",0,0,,,0,,,,1,New,,,,https://servicesartisans.fr/urgence/alarme-securite/paris,,2026-03-24 13:08:27
deniel rance chauffage,FR,France,French,Deniel Rance Chauffage (Organization),true,false,false,true,false,false,,10,0,0.43,,0,,,,9,New,,,,https://servicesartisans.fr/services/plombier/caulnes/deniel-rance-chauffage-382326114,,2026-04-15 14:49:33
jb terrassement gannat,FR,France,French,"JB Terrassement (Organization), Gannat (Location)",true,true,false,true,false,false,Thumbnail,10,0,,,0,,,,9,New,,,,https://servicesartisans.fr/services/terrassier/gannat/jb-terrassement-518569298,,2026-04-18 02:15:37
agrafage vitrolles,FR,France,French,Vitrolles (Location),false,true,false,true,true,false,,10,0,,,0,,,,9,New,,,,https://servicesartisans.fr/tarifs/facadier/vitrolles/reprise-de-fissures-structurelles-avec-agrafage,,2026-04-14 22:57:29
serrurier fayence,FR,France,French,Fayence (Location),false,true,false,true,false,false,"Thumbnail, People also ask, Knowledge panel",20,0,2.59,,0,,,,12,New,,,,https://servicesartisans.fr/services/serrurier/fayence,,2026-04-10 18:00:15
installateur d'interphone,FR,France,French,,false,false,false,true,false,false,"People also ask, Knowledge panel",10,0,0.99,,0,,,,10,New,,,,https://servicesartisans.fr/tarifs/electricien/carcassonne/installation-d-un-interphone-ou-visiophone,,2026-04-13 08:37:50
membrane caoutchouc antibes,FR,France,French,Antibes (Location),false,true,false,true,true,false,Sitelinks,0,0,,,0,,,,5,New,,,,https://servicesartisans.fr/tarifs/etancheiste/antibes/etancheite-toiture-terrasse-membrane-bitume,,2026-03-28 14:13:27
salle de bain saint-andré-de-cubzac,FR,France,French,Saint-André-de-Cubzac (Location),false,true,false,true,true,false,"Thumbnail, People also ask",10,0,,0,,,,10,,Lost,,https://servicesartisans.fr/services/salle-de-bain/saint-andre-de-cubzac/centre-ville,,,2026-03-02 05:35:02,
rudolphe courty,FR,France,French,Rudolphe Courty (Person),false,false,false,true,false,false,,10,0,,,0,,,,7,New,,,,https://servicesartisans.fr/services/solier/louviers/rudolphe-courty-884176587,,2026-04-12 00:46:42
plombier pau tarif,FR,France,French,Pau (Location),false,true,false,true,false,false,"Featured snippet, People also ask, Knowledge panel, Sitelinks",20,0,0.43,,0,,,,12,New,,,,https://servicesartisans.fr/tarifs/plombier/pau/renovation-complete-plomberie-salle-de-bain-alimentation-evacuation,,2026-03-24 06:45:48
devis déménagement avrillé,US,United States,French,Avrillé (Location),false,true,false,true,true,true,"People also ask, Sitelinks",10,0,,,0,,,,9,New,,,,https://servicesartisans.fr/devis/demenageur/avrille/centre-ville,,2026-03-24 02:18:43
tarif entretien chaudière gaz saint-etienne,FR,France,French,Saint-Etienne (Location),false,true,false,true,true,false,"Featured snippet, People also ask, Local pack",10,0,0.72,,0,,,,7,New,,,,https://servicesartisans.fr/tarifs/chauffagiste/saint-etienne/entretien-annuel-de-chaudiere-gaz,,2026-03-19 06:03:02
tarif remplacement double vitrage nimes,FR,France,French,Nîmes (Location),false,true,false,true,true,false,"Featured snippet, People also ask, Sitelinks",0,0,,,0,,,,5,New,,,,https://servicesartisans.fr/tarifs/vitrier/nimes/remplacement-d-une-vitre-cassee-standard,,2026-03-20 17:47:30
gouttières zinc à antibes,US,United States,French,Antibes (Location),false,true,false,true,true,false,"People also ask, Shopping, Thumbnail",10,0,,,0,,,,9,New,,,,https://servicesartisans.fr/tarifs/zingueur/antibes/pose-de-gouttieres-en-zinc,,2026-04-17 15:49:27
fenetre double vitrage,FR,France,French,,false,false,false,true,true,true,"Shopping, Thumbnail, People also ask, Video preview",2000,2,0.96,,0,,,,29,New,,,,https://servicesartisans.fr/blog/guide-fenetre-double-vitrage,,2026-04-08 23:49:20
serrurier saint brieuc,FR,France,French,Saint-Brieuc (Location),false,true,false,true,true,false,"Thumbnail, People also ask, Knowledge panel",250,0,1.42,0,0,0,,26,26,,,https://servicesartisans.fr/services/serrurier/saint-brieuc,,https://servicesartisans.fr/services/serrurier/saint-brieuc,2026-03-05 17:17:28,2026-03-05 17:17:28
frelon agencement,FR,France,French,Frelon Agencement (Organization),true,false,false,true,false,false,,10,0,,0,,,,9,,Lost,,https://servicesartisans.fr/services/menuisier/larcay/frelon-agencement-326890431,,,2026-03-09 10:47:53,
serrurier tourcoing,FR,France,French,Tourcoing (Location),false,true,false,true,true,false,"Local pack, Thumbnail, People also ask",800,0,10.13,,0,,,,34,New,,,,https://servicesartisans.fr/avis/serrurier/tourcoing,,2026-04-10 14:30:32
coffre fort saint etienne,FR,France,French,Saint Etienne (Location),false,true,false,true,true,false,"Local pack, People also ask, Sitelinks",10,0,1.00,,0,,,,11,New,,,,https://servicesartisans.fr/tarifs/alarme-securite/saint-etienne/coffre-fort-encastre-pose-comprise,,2026-04-15 02:44:50
serrurerie des buclos,FR,France,French,Serrurerie Des Buclos (Organization),true,true,false,true,false,false,"Featured snippet, Thumbnail",10,0,0.58,,0,,,,9,New,,,,https://servicesartisans.fr/services/serrurier/meylan/serrurerie-des-buclos-068500438,,2026-04-09 21:57:32
serrurier nation,FR,France,French,Nation (Location),false,true,false,true,false,false,"Sitelinks, Knowledge panel, People also ask",10,0,1.34,,0,,,,9,New,,,,https://servicesartisans.fr/services/serrurier/paris/serrurerie-et-protection-nation-352495816,,2026-04-12 04:45:09
serrurier caen,FR,France,French,Caen (Location),false,true,false,true,true,false,"Local pack, People also ask, Thumbnail, Bottom ads",500,2,1.74,,0,,,,26,New,,,,https://servicesartisans.fr/urgence/serrurier/caen,,2026-04-13 05:59:04
taille de haie grasse,FR,France,French,Grasse (Location),false,true,false,true,false,false,People also ask,0,0,,,0,,,,9,New,,,,https://servicesartisans.fr/tarifs/jardinier/grasse/taille-de-haie,,2026-03-19 20:57:02
excellis clim,FR,France,French,Excellis Clim (Organization),true,false,false,true,false,false,,0,0,,,0,,,,9,New,,,,https://servicesartisans.fr/services/plombier/miramas/excellis-clim-913679205,,2026-03-22 07:30:45
terrassement maison seine-maritime,FR,France,French,Seine-Maritime (Location),false,true,false,true,true,false,"Local pack, People also ask",0,0,,,0,,,,3,New,,,,https://servicesartisans.fr/departements/seine-maritime/terrassier,,2026-04-04 08:09:40
pose de parquet massif la madeleine,FR,France,French,La Madeleine (Location),false,true,false,true,true,true,"People also ask, Sitelinks",0,0,,,0,,,,7,New,,,,https://servicesartisans.fr/tarifs/solier/la-madeleine/pose-de-parquet-massif-colle,,2026-03-26 07:12:17
installation plancher chauffant grasse,FR,France,French,Grasse (Location),false,true,false,true,true,false,People also ask,0,0,,,0,,,,4,New,,,,https://servicesartisans.fr/tarifs/chauffagiste/grasse/installation-d-un-plancher-chauffant,,2026-03-29 10:09:32
serrurier montargis,FR,France,French,Montargis (Location),false,true,false,true,false,false,"Thumbnail, People also ask, Knowledge panel",200,2,2.55,0,,,,28,,Lost,,https://servicesartisans.fr/services/serrurier/chalette-sur-loing/montargis,,,2026-03-06 16:36:55,
pose de parquet lormont,FR,France,French,Lormont (Location),false,true,false,true,true,true,"Local pack, People also ask",0,0,,0,,,,9,,Lost,,https://servicesartisans.fr/services/poseur-de-parquet/lormont/yvrac,,,2026-03-10 16:26:26,
tonte gazon clichy,FR,France,French,Clichy (Location),false,true,false,true,true,true,"People also ask, Local pack",0,0,,,0,,,,5,New,,,,https://servicesartisans.fr/tarifs/jardinier/clichy/tonte-de-pelouse-jardin-de-200-m,,2026-03-23 15:29:17
prix pompe a chaleur toulouse,FR,France,French,Toulouse (Location),false,true,false,true,true,false,"Featured snippet, People also ask",0,0,,,0,,,,10,New,,,,https://servicesartisans.fr/tarifs/chauffagiste/toulouse/installation-d-une-pompe-a-chaleur-air-eau,,2026-03-19 22:05:18
toilettes bouchées evry,FR,France,French,Evry (Location),false,true,false,true,true,true,"Featured snippet, People also ask",0,0,,,0,,,,10,New,,,,https://servicesartisans.fr/problemes/wc-bouche/evry-courcouronnes,,2026-04-03 14:49:47
cuisiniste loudeac,FR,France,French,Loudeac (Location),false,true,false,true,true,false,"People also ask, Knowledge panel",10,0,1.03,,0,,,,12,New,,,,https://servicesartisans.fr/services/cuisiniste/loudeac,,2026-04-11 19:11:27
ams plomberie marseille,FR,France,French,"AMS Plomberie (Organization), Marseille (Location)",true,true,false,true,false,false,"Thumbnail, People also ask",0,0,1.95,,0,,,,9,New,,,,https://servicesartisans.fr/services/plombier/marseille/ams-plomberie-841592272,,2026-04-10 10:24:04
tonte gazon pantin,FR,France,French,Pantin (Location),false,true,false,true,true,true,,0,0,,,0,,,,6,New,,,,https://servicesartisans.fr/tarifs/jardinier/pantin/tonte-de-pelouse-jardin-de-200-m,,2026-04-10 04:37:00
stores d'intérieur antibes,FR,France,French,Antibes (Location),false,true,false,true,true,false,Sitelinks,0,2,,,0,,,,9,New,,,,https://servicesartisans.fr/tarifs/storiste/antibes/store-interieur-venitien-enrouleur,,2026-04-14 06:28:02
cuisiniste tarbes,FR,France,French,Tarbes (Location),false,true,false,true,true,false,"Thumbnail, People also ask, Video preview",150,2,1.22,0,,,,30,,Lost,,https://servicesartisans.fr/services/cuisiniste/tarbes,,,2026-03-03 19:16:24,
diagnostic immobilier obligatoire 2021,US,United States,French,,false,false,false,true,false,false,"People also ask, Sitelinks",0,43,,,0,,,,10,New,,,,https://servicesartisans.fr/blog/diagnostic-immobilier-obligatoire-liste,,2026-03-22 09:20:46
couvreur zingueur saint just en chaussée,FR,France,French,Saint Just en Chaussee (Location),false,true,false,true,true,false,Local pack,0,0,,,0,,,,11,New,,,,https://servicesartisans.fr/avis/couvreur/saint-just-en-chaussee,,2026-04-03 02:33:53
changer sa chaudière fioul pelissanne,FR,France,French,Pelissanne (Location),false,true,false,true,false,true,People also ask,0,0,,,0,,,,10,New,,,,https://servicesartisans.fr/avis/chauffagiste/pelissanne,,2026-03-21 12:13:27
ocs assainissement,FR,France,French,OCS ASSAINISSEMENT (Organization),true,false,false,true,false,false,,0,0,,,0,,,,10,New,,,,https://servicesartisans.fr/services/carreleur/woippy/6b846bf14569a096,,2026-03-22 04:46:29
ambiance poele perissac,FR,France,French,"Ambiance Poêles (Organization), Perissac (Location)",true,true,false,true,false,false,,0,0,,,0,,,,7,New,,,,https://servicesartisans.fr/services/chauffagiste/perissac/ap-reno-ambiance-poele-900770587,,2026-04-12 05:49:28
installation de vitrerie,FR,France,French,,false,false,false,true,true,false,"Local pack, People also ask",0,0,,,0,,,,8,New,,,,https://servicesartisans.fr/departements/herault/vitrier,,2026-03-23 04:05:39
tarif carreleur,FR,France,French,,false,false,false,true,false,false,"Featured snippet, People also ask, Video preview",200,3,0.42,0,,,,32,,Lost,,https://servicesartisans.fr/tarifs/carreleur,,,2026-03-06 22:29:13,
entreprise isolation thermique persan,FR,France,French,Persan (Location),false,true,false,true,true,false,"Knowledge panel, Sitelinks",0,0,,0,,,,11,,Lost,,https://servicesartisans.fr/services/isolation-thermique/persan/centre-ville,,,2026-03-08 01:23:27,
tonte gazon bagnolet,FR,France,French,Bagnolet (Location),false,true,false,true,true,true,"People also ask, Local pack",0,0,,,0,,,,11,New,,,,https://servicesartisans.fr/tarifs/jardinier/bagnolet/entretien-mensuel-d-un-jardin-200-m,,2026-03-22 19:02:47
etancheite bureaux villefranche sur mer,FR,France,French,Villefranche-sur-Mer (Location),false,true,false,true,true,false,People also ask,0,0,,,0,,,,8,New,,,,https://servicesartisans.fr/devis/etancheiste/villefranche-sur-mer,,2026-04-11 21:07:05
tonte gazon plaisir,FR,France,French,Plaisir (Location),false,true,false,true,true,false,"People also ask, Knowledge panel",0,0,,,0,,,,8,New,,,,https://servicesartisans.fr/tarifs/jardinier/plaisir/tonte-de-pelouse-jardin-de-200-m,,2026-04-05 20:34:05
plombier yerres,FR,France,French,Yerres (Location),false,true,false,true,true,true,"People also ask, Knowledge panel, Thumbnail",200,11,7.55,0,,,,33,,Lost,,https://servicesartisans.fr/services/plombier/vigneux-sur-seine/yerres,,,2026-02-25 04:45:42,
remise en état après chantier menton,FR,France,French,Menton (Location),false,true,false,true,true,false,People also ask,0,0,,,0,,,,9,New,,,,https://servicesartisans.fr/tarifs/nettoyage/menton/nettoyage-de-fin-de-chantier-appartement-60-m,,2026-03-22 17:32:50
alarme centre val de loire,US,United States,French,Centre-Val de Loire (Location),false,true,false,true,true,false,People also ask,0,0,,0,,,,9,,Lost,,https://servicesartisans.fr/departements/loiret/alarme-securite,,,2026-02-24 07:10:49,
installation d’arrosage grasse,FR,France,French,Grasse (Location),false,true,false,true,true,false,Knowledge panel,0,0,,,0,,,,9,New,,,,https://servicesartisans.fr/tarifs/jardinier/grasse/installation-d-arrosage-automatique,,2026-03-23 20:33:46
serrurier epinal,FR,France,French,Epinal (Location),false,true,false,true,false,false,"Thumbnail, People also ask, Knowledge panel",200,0,1.80,0,,,,32,,Lost,,https://servicesartisans.fr/services/serrurier/epinal,,,2026-02-14 16:35:50,
prix chauffe eau thermodynamique castres,FR,France,French,Castres (Location),false,true,false,true,true,false,"Shopping, Thumbnail, People also ask, Sitelinks",0,0,,,0,,,,14,New,,,,https://servicesartisans.fr/tarifs/plombier/castres/remplacement-d-un-chauffe-eau,,2026-03-30 08:04:17
crédence en verre grasse,FR,France,French,Grasse (Location),false,true,false,true,true,false,"Shopping, Thumbnail, Sitelinks",0,1,,,0,,,,11,New,,,,https://servicesartisans.fr/tarifs/vitrier/grasse/pose-d-une-credence-en-verre-cuisine,,2026-03-24 06:28:03
cuisiniste perpignan,FR,France,French,Perpignan (Location),false,true,false,true,true,false,"Thumbnail, People also ask, Video preview",250,6,1.61,0,,,,40,,Lost,,https://servicesartisans.fr/services/cuisiniste/perpignan,,,2026-03-03 02:19:22,
electricien lyon,FR,France,French,Lyon (Location),false,true,false,true,true,true,"Local pack, People also ask, Thumbnail, Video preview",1300,22,2.28,0,,,,52,,Lost,,https://servicesartisans.fr/services/electricien/lyon,,,2026-03-03 01:00:17,
serrurier aix-les-bains,FR,France,French,Aix-les-Bains (Location),false,true,false,true,true,true,"Local pack, People also ask, Thumbnail, Video preview",600,2,1.02,,0,,,,48,New,,,,https://servicesartisans.fr/avis/serrurier/aix-les-bains,,2026-04-18 03:59:24
serrurier vanves,FR,France,French,Vanves (Location),false,true,false,true,true,false,"Local pack, Thumbnail, People also ask, Video preview",300,0,11.38,0,,,,44,,Lost,,https://servicesartisans.fr/services/serrurier/vanves,,,2026-02-27 15:55:03,
serrurier avignon,FR,France,French,Avignon (Location),false,true,false,true,true,false,"Local pack, People also ask, Thumbnail",450,1,3.03,,0,,,,47,New,,,,https://servicesartisans.fr/urgence/serrurier/avignon,,2026-04-11 08:19:41
tarif désembouage engie,FR,France,French,ENGIE (Organization),true,false,false,true,false,false,"Featured snippet, People also ask, Sitelinks",450,1,0.28,0,,,,45,,Lost,,https://servicesartisans.fr/tarifs/chauffagiste/palaiseau/desembouage-d-un-circuit-de-chauffage,,,2026-03-18 08:28:26,
plombier dunkerque,FR,France,French,Dunkirk (Location),false,true,false,true,true,true,"Local pack, Thumbnail, People also ask",350,4,4.21,0,,,,48,,Lost,,https://servicesartisans.fr/services/plombier/dunkerque,,,2026-03-07 09:21:34,
couvreur boulogne sur mer,FR,France,French,Boulogne-sur-Mer (Location),false,true,false,true,true,false,"Local pack, People also ask, Thumbnail, Video preview",200,1,2.23,0,,,,46,,Lost,,https://servicesartisans.fr/services/couvreur/boulogne-sur-mer,,,2026-03-04 03:06:14,
serrurier rennes urgence,FR,France,French,Rennes (Location),false,true,false,true,false,true,"Local pack, People also ask, Thumbnail",600,2,2.39,0,,,,52,,Lost,,https://servicesartisans.fr/urgence/serrurier/rennes,,,2026-03-07 05:26:17,
cout architecte d'intérieur,FR,France,French,,false,false,false,true,false,false,"Sitelinks, People also ask, Video preview",200,1,0.43,0,0,0,,44,44,,,https://servicesartisans.fr/tarifs/architecte-interieur,,https://servicesartisans.fr/tarifs/architecte-interieur,2026-02-25 12:19:52,2026-02-25 12:19:52
chauffagiste tarbes,FR,France,French,Tarbes (Location),false,true,false,true,true,false,"Local pack, People also ask",150,6,0.99,0,,,,47,,Lost,,https://servicesartisans.fr/services/chauffagiste/tarbes,,,2026-03-05 07:13:23,
plombier d'urgence,FR,France,French,,false,false,false,true,false,true,"Local pack, People also ask, Video preview",250,1,0.35,0,,,,48,,Lost,,https://servicesartisans.fr/urgence/plombier/clermont-ferrand,,,2026-03-06 00:13:21,
urgence serrurier,FR,France,French,,false,false,false,true,false,true,"Local pack, People also ask, Thumbnail, Video preview",1000,11,0.20,0,,,,59,,Lost,,https://servicesartisans.fr/urgence/serrurier/nimes,,,2026-03-10 05:51:49,
chauffagiste le mans,FR,France,French,Le Mans (Location),false,true,false,true,false,false,"Local pack, People also ask, Thumbnail, Video preview",250,4,1.07,0,,,,52,,Lost,,https://servicesartisans.fr/services/chauffagiste/le-mans,,,2026-03-04 12:07:26,
serrurier urgence,FR,France,French,,false,false,false,true,false,true,"Local pack, People also ask, Video preview",1200,0,0.20,0,,,,60,,Lost,,https://servicesartisans.fr/urgence/serrurier/montauban,,,2026-03-16 21:19:57,
plombier marseille,FR,France,French,Marseille (Location),false,true,false,true,true,true,"Local pack, People also ask, Thumbnail, Video preview",2200,5,2.91,0,,,,64,,Lost,,https://servicesartisans.fr/services/plombier/marseille,,,2026-03-16 04:22:11,
plombier gonesse,FR,France,French,Gonesse (Location),false,true,false,true,false,true,"Local pack, People also ask, Thumbnail",200,0,5.45,,0,,,,53,New,,,,https://servicesartisans.fr/services/plombier/gonesse,,2026-04-04 00:49:17
vitrier strasbourg,FR,France,French,Strasbourg (Location),false,true,false,true,true,false,"Local pack, Sitelinks, People also ask, Thumbnail, Video preview",250,6,2.54,0,,,,55,,Lost,,https://servicesartisans.fr/services/vitrier/strasbourg,,,2026-03-04 15:28:34,
artisan peintre bordeaux,FR,France,French,Bordeaux (Location),false,true,false,true,true,false,"Local pack, People also ask, Thumbnail, Video preview",450,7,2.39,0,,,,61,,Lost,,https://servicesartisans.fr/services/peintre-en-batiment/bordeaux,,,2026-03-07 15:23:45,
serrurier meylan,FR,France,French,Meylan (Location),false,true,false,true,false,false,"Local pack, Thumbnail, People also ask, Video preview",400,0,0.82,0,,,,59,,Lost,,https://servicesartisans.fr/services/serrurier/meylan,,,2026-03-01 01:00:09,
cuisiniste dunkerque,FR,France,French,Dunkirk (Location),false,true,false,true,true,false,"Thumbnail, People also ask",200,0,1.01,0,,,,55,,Lost,,https://servicesartisans.fr/services/cuisiniste/dunkerque,,,2026-03-04 01:42:17,
chauffagiste thionville,FR,France,French,Thionville (Location),false,true,false,true,true,false,"Local pack, People also ask, Thumbnail, Video preview",250,4,1.34,0,,,,60,,Lost,,https://servicesartisans.fr/services/chauffagiste/thionville,,,2026-03-04 17:16:00,
plombier cergy,FR,France,French,Cergy (Location),false,true,false,true,true,true,"Local pack, Thumbnail, People also ask",500,5,2.33,0,,,,63,,Lost,,https://servicesartisans.fr/services/plombier/cergy,,,2026-03-02 19:32:10,
couvreur amiens,FR,France,French,Amiens (Location),false,true,false,true,true,false,"Local pack, Thumbnail, People also ask",1000,12,2.04,0,,,,68,,Lost,,https://servicesartisans.fr/services/couvreur/amiens,,,2026-03-05 01:01:20,
electriciens paris,FR,France,French,Paris (Location),false,true,false,true,true,true,"Local pack, Thumbnail, People also ask, Video preview",200,1,5.32,0,,,,62,,Lost,,https://servicesartisans.fr/services/electricien/paris,,,2026-03-06 15:00:38,
peintre limoges,FR,France,French,Limoges (Location),false,true,false,true,true,false,"Local pack, People also ask, Thumbnail, Video preview",200,2,0.85,0,,,,62,,Lost,,https://servicesartisans.fr/services/peintre-en-batiment/limoges,,,2026-03-03 22:39:56,
artisan serrurier,FR,France,French,,false,false,false,true,true,false,"Local pack, People also ask, Thumbnail, Video preview",400,11,1.40,0,,,,64,,Lost,,https://servicesartisans.fr/services/serrurier/lyon,,,2026-03-08 15:02:43,
plombier chalon sur saone,FR,France,French,Chalon-sur-Saône (Location),false,true,false,true,true,true,"Local pack, People also ask, Thumbnail",500,2,0.71,0,,,,67,,Lost,,https://servicesartisans.fr/services/plombier/chalon-sur-saone,,,2026-03-05 05:18:03,
plombier pornichet,FR,France,French,Pornichet (Location),false,true,false,true,true,true,"Local pack, People also ask, Thumbnail",200,0,2.58,0,,,,65,,Lost,,https://servicesartisans.fr/devis/plombier/pornichet/centre-ville,,,2026-02-24 13:16:02,
couvreur clermont ferrand,FR,France,French,Clermont-Ferrand (Location),false,true,false,true,true,false,"Local pack, Thumbnail, People also ask, Video preview",1400,7,2.11,0,,,,75,,Lost,,https://servicesartisans.fr/avis/couvreur/clermont-ferrand,,,2026-03-18 23:19:58,
cuisiniste orleans,FR,France,French,Orléans (Location),false,true,false,true,true,false,"Thumbnail, People also ask, Video preview",250,11,2.67,0,,,,65,,Lost,,https://servicesartisans.fr/services/cuisiniste/orleans,,,2026-03-05 09:01:15,
deratisation prix,FR,France,French,,false,false,false,true,true,false,"Featured snippet, People also ask, Sitelinks, Video preview",200,0,0.90,0,0,0,,65,65,,,https://servicesartisans.fr/tarifs/deratisation,,https://servicesartisans.fr/tarifs/deratisation,2026-02-24 01:53:20,2026-02-24 01:53:20
couvreur lille,FR,France,French,Lille (Location),false,true,false,true,true,false,"Local pack, People also ask, Thumbnail",2300,1,2.37,0,,,,80,,Lost,,https://servicesartisans.fr/services/couvreur/lille,,,2026-03-06 00:00:28,
couvreur lorient,FR,France,French,Lorient (Location),false,true,false,true,true,false,"Local pack, People also ask, Thumbnail",1200,0,2.54,0,,,,76,,Lost,,https://servicesartisans.fr/services/couvreur/lorient,,,2026-03-04 06:26:18,
maçon strasbourg,FR,France,French,Strasbourg (Location),false,true,false,true,true,false,"Thumbnail, People also ask, Video preview",50,0,0.71,0,,,,60,,Lost,,https://servicesartisans.fr/services/macon/strasbourg,,,2026-03-06 04:46:38,
démoussage toiture prix au m2,FR,France,French,,false,false,false,true,false,false,"Featured snippet, People also ask, Sitelinks, Video preview",600,1,0.93,0,,,,74,,Lost,,https://servicesartisans.fr/tarifs/couvreur/toulouse/nettoyage-et-demoussage-de-toiture,,,2026-03-17 10:32:09,
bg6,FR,France,,BG6 (Organization),true,false,false,true,false,false,Sitelinks,50,0,,0,,,,6,,Lost,,https://servicesartisans.fr/services/geometre/tresses/bg6-bg6-bg6-510506058,,,2026-03-10 08:40:47,
chauffagiste dunkerque,FR,France,French,Dunkirk (Location),false,true,false,true,true,false,"Local pack, People also ask, Thumbnail, Video preview",200,2,1.54,0,,,,73,,Lost,,https://servicesartisans.fr/services/chauffagiste/dunkerque,,,2026-03-04 02:52:26,
peintre nice,FR,France,French,Nice (Location),false,true,false,true,false,false,"Local pack, Thumbnail, Video preview",250,1,1.55,0,,,,73,,Lost,,https://servicesartisans.fr/services/peintre-en-batiment/nice,,,2026-03-05 14:30:01,
prix du fioul à lutterbach,FR,France,French,Lutterbach (Location),false,true,false,true,false,false,"People also ask, Sitelinks",10,0,,0,,,,58,,Lost,,https://servicesartisans.fr/departements/haut-rhin/chauffagiste,,,2026-02-22 09:56:38,
couvreur limoges,FR,France,French,Limoges (Location),false,true,false,true,true,false,"Local pack, Thumbnail, People also ask",350,8,2.32,0,,,,83,,Lost,,https://servicesartisans.fr/services/couvreur/limoges,,,2026-03-03 08:49:42,
prix terrassement maison 100m2,FR,France,French,,false,false,false,true,false,false,"Featured snippet, People also ask, Sitelinks",100,0,0.78,0,,,,81,,Lost,,https://servicesartisans.fr/tarifs/terrassier,,,2026-02-24 22:07:35,
débistrage prix,FR,France,French,,false,false,false,true,false,false,"Featured snippet, People also ask, Sitelinks, Shopping, Thumbnail, Video preview",200,0,0.47,0,,,,85,,Lost,,https://servicesartisans.fr/tarifs/ramoneur/salon-de-provence,,,2026-03-12 12:15:12,
zingueur,FR,France,French,,false,false,false,true,false,false,"People also ask, Local pack, Thumbnail, Video preview",1300,0,2.00,0,,,,54,,Lost,,https://servicesartisans.fr/departements/loire-atlantique/zingueur,,,2026-03-04 02:26:06,
plombier auxerre,FR,France,French,Auxerre (Location),false,true,false,true,true,true,"Local pack, People also ask, Thumbnail",300,4,0.68,0,,,,90,,Lost,,https://servicesartisans.fr/services/plombier/auxerre,,,2026-03-03 21:52:29,
tarif deratisation,FR,France,French,,false,false,false,true,true,false,"Featured snippet, People also ask, Video preview",200,0,0.83,0,0,0,,83,83,,,https://servicesartisans.fr/tarifs/deratisation,,https://servicesartisans.fr/tarifs/deratisation,2026-02-23 12:24:30,2026-02-23 12:24:30
tarif jardinier heure,FR,France,French,,false,false,false,true,false,false,"Featured snippet, People also ask, Video preview",150,0,0.49,0,0,0,,86,86,,,https://servicesartisans.fr/tarifs-artisans/jardinier,,https://servicesartisans.fr/tarifs-artisans/jardinier,2026-02-25 15:08:27,2026-02-25 15:08:27
dératisation lyon,FR,France,French,Lyon (Location),false,true,false,true,true,false,"Local pack, Thumbnail, People also ask, Video preview",250,7,1.47,0,,,,92,,Lost,,https://servicesartisans.fr/avis/deratisation/lyon,,,2026-02-23 19:53:49,
climero,FR,France,French,Climero (Organization),true,false,false,true,false,false,"Sitelinks, Knowledge panel",20,0,,0,,,,7,,Lost,,https://servicesartisans.fr/services/climaticien/montpellier/climero-943642397,,,2026-03-11 06:00:34,
devis plombier,FR,France,French,,false,false,false,true,true,true,"Local pack, People also ask, Sitelinks, Video preview",250,1,2.24,0,0,0,,99,99,,,https://servicesartisans.fr/devis/plombier,,https://servicesartisans.fr/devis/plombier,2026-03-04 06:54:12,2026-03-04 06:54:12
domolec,FR,France,French,Domolec (Organization),true,false,false,true,false,false,Knowledge panel,50,0,0.73,0,,,,9,,Lost,,https://servicesartisans.fr/services/electricien/meximieux/domolec-domolec-980881122,,,2026-03-15 09:56:35,
plombier besancon,FR,France,French,Besançon (Location),false,true,false,true,true,true,"Local pack, People also ask, Thumbnail",400,5,0.88,0,,,,36,,Lost,,https://servicesartisans.fr/services/plombier/besancon,,,2026-03-03 01:32:18,
og2l,FR,France,,OG2L (Organization),true,false,false,true,false,false,Thumbnail,10,0,,,0,,,,9,New,,,,https://servicesartisans.fr/services/architecte-interieur/bressuire/og2l-og2l-478339054,,2026-04-09 06:07:27
stit,FR,France,French,STIT (Organization),true,false,false,true,false,false,"People also ask, Thumbnail, Video preview",200,0,0.06,0,,,,13,,Lost,,https://servicesartisans.fr/services/isolation-thermique/saint-germain-en-laye/stit-services-societe-de-travaux-d-isolation-thermique-et-services-791875164,,,2026-03-12 16:42:02,
serrurier lyon,FR,France,French,Lyon (Location),false,true,false,true,true,false,Thumbnail,3100,0,4.16,0,,,,34,,Lost,,https://servicesartisans.fr/services/serrurier/lyon,,,2026-03-17 08:48:27,
carreleur,FR,France,French,,false,false,false,true,false,false,"Local pack, People also ask, Thumbnail, Video preview",5600,4,0.80,0,,,,58,,Lost,,https://servicesartisans.fr/services/carreleur/brest,,,2026-03-07 18:28:32,
plombier poitiers,FR,France,French,Poitiers (Location),false,true,false,true,true,false,"Local pack, People also ask, Thumbnail",700,2,0.92,0,,,,50,,Lost,,https://servicesartisans.fr/services/plombier/poitiers,,,2026-03-04 22:56:02,
brico man,FR,France,French,Bricoman (Organization),true,false,true,true,true,false,"Sitelinks, Local pack, People also ask, Video preview",3700,0,0.01,,0,,,,20,New,,,,https://servicesartisans.fr/services/solier/nice/brico-man-brico-man-538466319,,2026-04-12 03:27:35
serrurier,FR,France,French,,false,false,false,true,false,false,"Local pack, People also ask, Thumbnail, Video preview",59000,8,5.28,0,,,,99,,Lost,,https://servicesartisans.fr/services/serrurier/lyon,,,2026-03-10 01:35:20,
prix paysagiste,FR,France,French,,false,false,false,true,false,false,"Featured snippet, Thumbnail, People also ask, Video preview",450,0,0.59,0,0,0,,85,85,,,https://servicesartisans.fr/tarifs/paysagiste/strasbourg,,https://servicesartisans.fr/tarifs/paysagiste/strasbourg,2026-02-27 21:34:39,2026-02-27 21:34:39
prix pose,FR,France,French,,false,false,false,true,false,false,"Sitelinks, People also ask, Video preview",300,0,1.17,0,,,,50,,Lost,,https://servicesartisans.fr/tarifs,,,2026-03-09 03:21:03,
labelenergie,FR,France,French,Label Energie (Organization),true,false,false,true,false,false,"Thumbnail, Knowledge panel",200,2,1.70,0,,,,49,,Lost,,https://servicesartisans.fr/services/chauffagiste/sarcelles/label-energie-508007796,,,2026-03-03 20:41:00,
réparation domotique vendee,FR,France,French,Vendée (Location),false,true,false,true,true,false,"Local pack, People also ask",0,0,,,0,,,,3,New,,,,https://servicesartisans.fr/departements/vendee/domoticien,,2026-04-02 18:35:49
etancheite goudron menton,FR,France,French,Menton (Location),false,true,false,true,false,false,"People also ask, Knowledge panel, Sitelinks",0,0,,,0,,,,6,New,,,,https://servicesartisans.fr/tarifs/etancheiste/menton/etancheite-toiture-terrasse-membrane-bitume,,2026-03-19 20:56:03
membrane epdm cannes,FR,France,English,Cannes (Location),false,true,false,true,true,false,People also ask,0,0,,,0,,,,7,New,,,,https://servicesartisans.fr/tarifs/etancheiste/cannes/etancheite-toiture-terrasse-membrane-bitume,,2026-03-31 11:59:44
entretien de jardin notredamedebondeville,FR,France,French,Notre Dame de Bondeville (Location),false,true,false,true,true,false,Local pack,0,0,,,0,,,,8,New,,,,https://servicesartisans.fr/avis/jardinier/notre-dame-de-bondeville,,2026-04-01 08:19:18
peintre en bâtiment creteil,FR,France,French,Créteil (Location),false,true,false,true,true,false,"Local pack, People also ask, Video preview",0,0,,,0,,,,2,New,,,,https://servicesartisans.fr/services/peintre-en-batiment/creteil,,2026-03-25 16:17:23
cuisine plus boé avis,FR,France,French,Cuisine Plus Boé (Organization),true,false,false,true,true,false,"People also ask, Sitelinks, Knowledge panel",0,0,,,0,,,,11,New,,,,https://servicesartisans.fr/avis/cuisiniste/boe,,2026-04-09 19:09:38
rénovation salle de bain aimargues,US,United States,French,Aimargues (Location),false,true,false,true,true,false,"Sitelinks, Local pack",0,0,,,0,,,,3,New,,,,https://servicesartisans.fr/services/salle-de-bain/vauvert/aimargues,,2026-03-24 06:09:47
installation sirene extérieure lorgues,FR,France,French,Lorgues (Location),false,true,false,true,true,false,People also ask,0,0,,,0,,,,7,New,,,,https://servicesartisans.fr/devis/alarme-securite/lorgues,,2026-04-08 09:21:53
serrurier à échirolles,FR,France,French,Echirolles (Location),false,true,false,true,false,true,"Local pack, People also ask, Thumbnail",0,0,,0,,,,11,,Lost,,https://servicesartisans.fr/services/serrurier/echirolles/e25adec7f5c9976e,,,2026-03-01 11:49:29,
installation domotique liévin,FR,France,French,Liévin (Location),false,true,false,true,true,false,"Knowledge panel, People also ask",0,0,,,0,,,,6,New,,,,https://servicesartisans.fr/tarifs/electricien/lievin/installation-d-un-systeme-domotique-eclairage-volets,,2026-03-22 16:24:28
norme électrique 2022,FR,France,French,,false,false,false,true,false,false,"Video preview, People also ask, Sitelinks",0,0,,,0,,,,5,New,,,,https://servicesartisans.fr/guides/normes-electriques,,2026-04-05 22:38:27
membrane epdm menton,FR,France,French,Menton (Location),false,true,false,true,true,false,People also ask,0,0,,,0,,,,8,New,,,,https://servicesartisans.fr/tarifs/etancheiste/menton/etancheite-toiture-terrasse-membrane-bitume,,2026-03-22 20:19:32
cuisine plus brive-la-gaillarde avis,FR,France,French,"Cuisine Plus (Organization), Brive-la-Gaillarde (Location)",true,true,false,true,true,false,"People also ask, Knowledge panel, Sitelinks",0,0,,,0,,,,9,New,,,,https://servicesartisans.fr/avis/cuisiniste/brive-la-gaillarde,,2026-04-07 07:49:32
diagnostic électricité montauban,FR,France,French,Montauban (Location),false,true,false,true,true,false,"Local pack, People also ask",0,0,,,0,,,,4,New,,,,https://servicesartisans.fr/avis/diagnostiqueur/montauban,,2026-03-26 20:43:28
garde-corps en verre grasse,FR,France,French,Grasse (Location),false,true,false,true,true,true,"Shopping, Thumbnail",0,0,,,0,,,,3,New,,,,https://servicesartisans.fr/tarifs/vitrier/grasse/installation-d-un-garde-corps-en-verre-balcon-terrasse,,2026-03-25 11:01:32
tarif pose électrolyseur,FR,France,French,,false,false,false,true,false,false,"Featured snippet, People also ask, Sitelinks",0,0,,,0,,,,11,New,,,,https://servicesartisans.fr/tarifs/pisciniste/savigny-sur-orge/installation-traitement-automatique-electrolyse-au-sel,,2026-03-21 22:27:51
ramonage de cheminée marck,FR,France,French,Marck (Location),false,true,false,true,false,true,"Featured snippet, People also ask, Local pack, Sitelinks",0,0,,,0,,,,7,New,,,,https://servicesartisans.fr/tarifs/ramoneur/marck,,2026-04-10 16:28:27
serrurier urgent montpellier,FR,France,French,Montpellier (Location),false,true,false,true,false,true,"Local pack, People also ask",0,0,2.85,,0,,,,5,New,,,,https://servicesartisans.fr/urgence/serrurier/montpellier,,2026-03-25 11:29:04
dépannage camera de surveillance les herbiers,FR,France,French,Les Herbiers (Location),false,true,false,true,false,true,People also ask,0,0,,,0,,,,11,New,,,,https://servicesartisans.fr/urgence/domoticien/les-herbiers,,2026-04-13 15:32:18
versailles solar avis,FR,France,French,Versailles Solar (Organization),true,false,false,true,true,false,"Sitelinks, People also ask, Knowledge panel",0,0,0.90,,0,,,,5,New,,,,https://servicesartisans.fr/avis/panneaux-solaires/versailles,,2026-03-29 12:02:56
pose de carrelage quesnoy-sur-deûle,US,United States,French,Quesnoy-sur-Deûle (Location),false,true,false,true,true,true,"People also ask, Knowledge panel, Sitelinks",0,0,,0,0,0,,10,10,,,https://servicesartisans.fr/avis/carreleur/quesnoy-sur-deule,,https://servicesartisans.fr/avis/carreleur/quesnoy-sur-deule,2026-03-17 10:18:58,2026-03-17 10:18:58
fenêtre double vitrage henin beaumont,FR,France,French,Henin-Beaumont (Location),false,true,false,true,true,false,"People also ask, Shopping, Thumbnail, Knowledge panel",0,0,,,0,,,,1,New,,,,https://servicesartisans.fr/tarifs/miroitier/henin-beaumont/remplacement-de-double-vitrage,,2026-04-04 18:40:32
prix pose fenêtre au black,FR,France,French,,false,false,false,true,false,false,"People also ask, Sitelinks",0,2,1.11,,0,,,,9,New,,,,https://servicesartisans.fr/tarifs/menuisier/rouen/pose-d-une-fenetre-double-vitrage-pvc,,2026-03-29 23:42:30
monte escalier le barcares,FR,France,French,Le Barcarès (Location),false,true,false,true,true,false,Knowledge panel,0,0,,,0,,,,11,New,,,,https://servicesartisans.fr/tarifs/ascensoriste/le-barcares,,2026-03-28 03:49:47
relec34,FR,France,,Relec34 (Organization),true,true,false,true,false,false,"Sitelinks, People also ask",0,0,,0,,,,9,,Lost,,https://servicesartisans.fr/services/electricien/agde/f86a3f1db80abcc3,,,2026-02-28 16:08:50,
engazonnement par projection aix en provence,FR,France,French,Aix-en-Provence (Location),false,true,false,true,true,false,"Sitelinks, Local pack",0,0,,,0,,,,7,New,,,,https://servicesartisans.fr/tarifs/jardinier/aix-en-provence/engazonnement-semis-ou-placage-de-gazon,,2026-03-21 05:18:32
pose porte interieure draguignan,FR,France,French,Draguignan (Location),false,true,false,true,true,true,People also ask,0,2,,,0,,,,10,New,,,,https://servicesartisans.fr/tarifs/menuisier/draguignan/pose-d-une-porte-interieure,,2026-03-21 00:37:27
diagnostic gaz agen,FR,France,French,Agen (Location),false,true,false,true,false,false,"Featured snippet, Local pack",0,0,,,0,,,,9,New,,,,https://servicesartisans.fr/tarifs/diagnostiqueur/agen/diagnostic-gaz-installation-de-plus-de-15-ans,,2026-04-12 09:53:22
dépannage domotique vendee,FR,France,French,Vendée (Location),false,true,false,true,false,false,"Local pack, People also ask",0,0,,,0,,,,3,New,,,,https://servicesartisans.fr/departements/vendee/domoticien,,2026-04-05 00:13:04
diagnostic gaz seysses,FR,France,French,Seysses (Location),false,true,false,true,false,false,"People also ask, Sitelinks, Video preview",0,0,,,0,,,,2,New,,,,https://servicesartisans.fr/avis/diagnostiqueur/seysses,,2026-03-29 10:26:28
serrurier a saint-herblain,FR,France,French,Saint-Herblain (Location),false,true,false,true,true,false,"Local pack, People also ask",0,0,,,0,,,,5,New,,,,https://servicesartisans.fr/services/serrurier/saint-herblain,,2026-03-29 23:23:27
etancheite toit goudron mandelieu,FR,France,French,Mandelieu-la-Napoule (Location),false,true,false,true,true,true,"Sitelinks, People also ask",0,0,,,0,,,,10,New,,,,https://servicesartisans.fr/tarifs/etancheiste/mandelieu-la-napoule/etancheite-toiture-terrasse-membrane-epdm,,2026-04-10 16:40:48
plâtrier cote d’azur,FR,France,French,Côte d'Azur (Location),false,true,false,true,true,false,"Local pack, People also ask",0,0,,0,0,0,,5,6,-1,,https://servicesartisans.fr/departements/alpes-maritimes/platrier,,https://servicesartisans.fr/departements/alpes-maritimes/platrier,2026-02-24 22:27:32,2026-03-24 13:04:47
nettoyage de copropriété à rungis,US,United States,French,Rungis (Location),false,true,false,true,true,false,Local pack,0,0,,,0,,,,11,New,,,,https://servicesartisans.fr/avis/nettoyage/rungis,,2026-04-04 01:49:03
charpentier parempuyre,FR,France,French,Parempuyre (Location),false,true,false,true,true,false,"Top ads, Local pack, Thumbnail, Bottom ads, Paid sitelinks",0,0,,0,,,,8,,Lost,,https://servicesartisans.fr/services/diagnostiqueur/parempuyre/b04fd7c9c18f8045,,,2026-02-28 09:55:13,
demenagement bidart,FR,France,French,Bidart (Location),false,true,false,true,true,false,"Local pack, People also ask, Sitelinks",0,0,,0,,,,10,,Lost,,https://servicesartisans.fr/devis/demenageur/bidart/centre-ville,,,2026-03-05 05:27:10,
devis domotique en ligne,US,United States,French,,false,false,false,false,true,true,People also ask,0,0,,0,,,,5,,Lost,,https://servicesartisans.fr/devis/domoticien,,,2026-02-23 16:40:17,
etancheite toit goudron grasse,FR,France,French,Grasse (Location),false,true,false,true,false,false,"People also ask, Sitelinks, Bottom ads, Paid sitelinks",0,0,,,0,,,,4,New,,,,https://servicesartisans.fr/tarifs/etancheiste/grasse/etancheite-toiture-terrasse-membrane-bitume,,2026-03-19 06:56:52
installation robinet vendee,FR,France,French,Vendée (Location),false,true,false,true,false,true,People also ask,0,0,,,0,,,,3,New,,,,https://servicesartisans.fr/tarifs/plombier/les-sables-d-olonne/pose-d-un-robinet-mitigeur,,2026-03-26 00:07:28
pose de dressing sur mesure la madeleine,FR,France,French,La Madeleine (Location),false,true,false,true,true,false,Knowledge panel,0,0,,,0,,,,10,New,,,,https://servicesartisans.fr/tarifs/ebeniste/la-madeleine/creation-d-un-dressing-sur-mesure,,2026-03-28 00:42:17
film isolant ajaccio,FR,France,French,Ajaccio (Location),false,true,false,true,true,false,People also ask,0,0,,,0,,,,11,New,,,,https://servicesartisans.fr/services/vitrier/ajaccio,,2026-03-27 08:31:17
changement de vitrages 06,FR,France,French,06 (Location),false,true,false,true,true,true,"People also ask, Video preview",0,0,,,0,,,,4,New,,,,https://servicesartisans.fr/departements/alpes-maritimes/vitrier,,2026-03-31 13:28:04
déménageur montereaufaultyonne,FR,France,French,Montereau-Fault-Yonne (Location),false,true,false,true,true,false,"Local pack, People also ask",0,0,,,0,,,,7,New,,,,https://servicesartisans.fr/avis/demenageur/montereau-fault-yonne,,2026-03-25 16:29:47
demenagement lescar,FR,France,French,Lescar (Location),false,true,false,true,true,true,"Local pack, People also ask",0,0,,0,,,,8,,Lost,,https://servicesartisans.fr/services/demenageur/lons/lescar,,,2026-03-10 06:28:54,
devis déménageur bayonne,FR,France,French,Bayonne (Location),false,true,false,true,true,true,"People also ask, Local pack, Sitelinks",0,0,,,0,,,,7,New,,,,https://servicesartisans.fr/avis/demenageur/bayonne,,2026-03-30 11:21:16
isolation thermique drome,FR,France,French,Drôme (Location),false,true,false,true,true,false,"Local pack, People also ask, Video preview",0,0,,,0,,,,2,New,,,,https://servicesartisans.fr/departements/drome/isolation-thermique,,2026-03-27 09:29:33
demenagement cambo les bains,FR,France,French,Cambo-les-Bains (Location),false,true,false,true,true,true,"People also ask, Knowledge panel, Bottom ads, Paid sitelinks",0,0,,0,,,,8,,Lost,,https://servicesartisans.fr/avis/demenageur/cambo-les-bains,,,2026-03-06 13:11:02,
déménagement gretz armainvilliers,FR,France,French,Gretz-Armainvilliers (Location),false,true,false,true,true,false,"Top ads, Paid sitelinks, People also ask, Local pack",0,0,,0,,,,7,,Lost,,https://servicesartisans.fr/devis/demenageur/ozoir-la-ferriere/gretz-armainvilliers,,,2026-03-04 06:13:28,
etancheite toit goudron cannes,FR,France,French,Cannes (Location),false,true,false,true,true,false,"Sitelinks, Local pack",0,0,,,0,,,,7,New,,,,https://servicesartisans.fr/tarifs/etancheiste/cannes/etancheite-toiture-terrasse-membrane-bitume,,2026-03-30 03:24:29
alarme maison le muy,FR,France,French,Le Muy (Location),false,true,false,true,true,false,"People also ask, Sitelinks, Bottom ads",0,0,,0,,,,3,,Lost,,https://servicesartisans.fr/services/alarme-securite/roquebrune-sur-argens/le-muy,,,2026-03-05 06:07:42,
diagnostic obligatoire vente maison 2022,FR,France,French,,false,false,false,true,false,false,"People also ask, Video preview",0,0,,,0,,,,3,New,,,,https://servicesartisans.fr/blog/diagnostic-immobilier-obligatoire-liste,,2026-03-25 06:28:43
traitement rats lacanau,FR,France,French,Lacanau (Location),false,true,false,true,true,false,"Knowledge panel, Sitelinks, People also ask",0,0,,,0,,,,9,New,,,,https://servicesartisans.fr/urgence/deratisation/lacanau,,2026-03-26 16:32:52
cuisine équipée issy les moulineaux,FR,France,French,Issy-les-Moulineaux (Location),false,true,false,true,true,false,"People also ask, Shopping, Thumbnail",0,0,,,0,,,,9,New,,,,https://servicesartisans.fr/tarifs/cuisiniste/issy-les-moulineaux/cuisine-equipee-entree-de-gamme-5-ml,,2026-03-20 12:48:02
rénovation salle de bain sur mesure vendee,FR,France,French,Vendée (Location),false,true,false,true,true,false,"People also ask, Sitelinks, Knowledge panel, Video preview",0,0,,,0,,,,4,New,,,,https://servicesartisans.fr/departements/vendee/salle-de-bain,,2026-04-03 02:12:28
tonte gazon levalloisperret,FR,France,French,Levallois-Perret (Location),false,true,false,true,true,true,"People also ask, Knowledge panel",0,0,,,0,,,,11,New,,,,https://servicesartisans.fr/tarifs/jardinier/levallois-perret/tonte-de-pelouse-jardin-de-200-m,,2026-03-31 18:25:14
taille haie meudon,FR,France,French,Meudon (Location),false,true,false,true,true,false,"Top ads, Knowledge panel, People also ask",0,0,,0,0,0,,11,11,,,https://servicesartisans.fr/tarifs/jardinier/meudon/taille-de-haie,,https://servicesartisans.fr/tarifs/jardinier/meudon/taille-de-haie,2026-03-18 23:33:28,2026-03-18 23:33:28
taille haie cergy,FR,France,French,Cergy (Location),false,true,false,true,true,true,"Local pack, People also ask, Video preview",0,0,,,0,,,,6,New,,,,https://servicesartisans.fr/tarifs/jardinier/pontoise/taille-de-haie,,2026-03-28 04:11:50
installation store vénitiens mandelieu,FR,France,French,Mandelieu (Location),false,true,false,true,true,false,Sitelinks,0,0,,,0,,,,5,New,,,,https://servicesartisans.fr/tarifs/storiste/mandelieu-la-napoule/store-interieur-venitien-enrouleur,,2026-04-15 22:07:17
taille haie saint denis,FR,France,French,Saint-Denis (Location),false,true,false,true,true,true,"Local pack, People also ask",0,0,,,0,,,,4,New,,,,https://servicesartisans.fr/tarifs/jardinier/saint-denis/taille-de-haie,,2026-04-06 12:44:11
rabah medjane,FR,France,French,Rabah Medjane (Person),false,false,false,true,false,false,Thumbnail,0,0,,0,,,,5,,Lost,,https://servicesartisans.fr/services/electricien/valenton/rabah-medjane-535014203,,,2026-03-06 10:32:29,
électricien dépannage urgent,FR,France,French,,false,false,false,true,false,true,"Featured snippet, Local pack, People also ask, Video preview",0,0,0.89,,0,,,,5,New,,,,https://servicesartisans.fr/urgence/electricien,,2026-04-06 15:55:11
