"﻿""URL""",Status,UR,Previous traffic,Current traffic,Traffic change,Previous traffic value,Current traffic value,Traffic value change,Current referring domains,Previous # of keywords,Current # of keywords,Keywords change,Previous top keyword,Current top keyword,Previous top keyword: Country,Current top keyword: Country,Previous top keyword: Volume,Current top keyword: Volume,Previous top keyword: Position,Current top keyword: Position,Top keyword: Position change,Page type
https://servicesartisans.fr/devis/plombier/le-grand-quevilly/rouen,Lost,0,50,,-50,293.14,,-293.14,0,1,,-1,plombier rouen,,France,,1000,,4,,,
https://servicesartisans.fr/urgence/plombier/caen,New,0,,18,18,,,,0,,1,1,,plombier caen 24h24,,France,,100,,2,,
https://servicesartisans.fr/departements/vendee/domoticien,New,0,,17,17,,,,0,,4,4,,domotique maison connectée vendee,,France,,30,,1,,
https://servicesartisans.fr/urgence/serrurier/cherbourg-en-cotentin,New,0,,17,17,,,,0,,1,1,,appel serrurier cherbourg cherbourg-en-cotentin,,France,,50,,1,,
https://servicesartisans.fr/departements/nievre/ascensoriste,New,0,,8,8,,,,0,,1,1,,ascenseur nièvre,,France,,20,,1,,
https://servicesartisans.fr/avis/diagnostiqueur/cannes,New,0,,6,6,,,,0,,1,1,,diagnostic plomb professionnel cannes,,France,,70,,5,,
https://servicesartisans.fr/tarifs/borne-recharge/evry-courcouronnes,New,0,,6,6,,,,0,,1,1,,forfait évry,,France,,50,,3,,
https://servicesartisans.fr/tarifs/charpentier,Lost,0,5,,-5,2.21,,-2.21,0,1,,-1,prix charpentier,,France,,200,,10,,,
https://servicesartisans.fr/guides/maprimerenov-2026,New,0,,4,4,,5.48,5.48,0,,1,1,,ma prime renov 2026,,France,,6200,,26,,
https://servicesartisans.fr/services/vitrier/muret,New,0,,3,3,,3.09,3.09,0,,1,1,,vitrier muret,,France,,80,,9,,
https://servicesartisans.fr/departements/alpes-maritimes/demenageur,New,0,,3,3,,,,0,,1,1,,déménagement pas cher alpes maritimes,,France,,50,,7,,
https://servicesartisans.fr/services/architecte-interieur/auray/ploemel,New,0,,3,3,,,,0,,1,1,,architecte d'intérieur ploemel,,France,,30,,3,,
https://servicesartisans.fr/regions/pays-de-la-loire/cuisiniste,New,0,,3,3,,,,0,,1,1,,cuisiniste pays de la loire,,France,,80,,8,,
https://servicesartisans.fr/departements/vienne/nettoyage,,0,1,3,2,,,,0,1,1,,contrat de nettoyage 86,contrat de nettoyage 86,France,France,40,40,10,4,6,
https://servicesartisans.fr/regions/nouvelle-aquitaine/plombier,New,0,,3,3,,,,0,,1,1,,aquitaine plombier,,France,,30,,6,,
https://servicesartisans.fr/services/peintre-en-batiment/lyon,New,0,,3,3,,,,0,,1,1,,artisan peintre a lyon,,France,,30,,6,,
https://servicesartisans.fr/avis/vitrier/roquevaire,New,0,,3,3,,,,0,,1,1,,vitrier roquevaire,,France,,80,,10,,
https://servicesartisans.fr/tarifs/charpentier/ris-orangis/surelevation-en-ossature-bois,New,0,,3,3,,,,0,,1,1,,surélévation ris-orangis,,France,,30,,4,,
https://servicesartisans.fr/services/vitrier/maubeuge,New,0,,3,3,,2.48,2.48,0,,1,1,,vitrier maubeuge,,France,,70,,8,,
https://servicesartisans.fr/services/domoticien/villeneuve-sur-lot,New,0,,2,2,,,,0,,1,1,,domotique villeneuve sur lot,,France,,80,,11,,
https://servicesartisans.fr/avis/ascensoriste/auxonne,New,0,,2,2,,,,0,,1,1,,ascenseur auxonne,,France,,20,,4,,
https://servicesartisans.fr/blog/comment-installer-prise-electrique,New,0,,2,2,,1.59,1.59,0,,1,1,,installation prise,,France,,70,,5,,
https://servicesartisans.fr/services/serrurier/paimpol,New,0,,2,2,,2.91,2.91,0,,1,1,,serrurier paimpol,,France,,90,,12,,
https://servicesartisans.fr/services/solier/vence/eric-corniglion-327758421,New,0,,2,2,,0.09,0.09,0,,1,1,,eric corniglion,,France,,100,,6,,
https://servicesartisans.fr/services/serrurier/aix-les-bains/serrurier-2-savoies-900916347,New,0,,2,2,,5.45,5.45,0,,1,1,,serrurier aix les bains,,France,,600,,19,,
https://servicesartisans.fr/services/macon/saint-martin-du-var/tekno-batilux-travaux-de-maconnerie-generale-et-gros-oeuvre-de-batiment-travaux--889363537,New,0,,2,2,,,,0,,1,1,,tekno batilux,,France,,50,,8,,
https://servicesartisans.fr/tarifs/menuisier/tournefeuille/fabrication-et-pose-d-un-placard-sur-mesure,New,0,,2,2,,0.68,0.68,0,,1,1,,prix placard sur mesure menuisier,,France,,60,,9,,
https://servicesartisans.fr/services/macon/roquefort-la-bedoule/bm-construction-853986826,Lost,0,2,,-2,7.29,,-7.29,0,1,,-1,bm macon,,France,,700,,20,,,
https://servicesartisans.fr/villes/frouzins/centre-ville,Lost,0,2,,-2,,,,0,1,,-1,artisanat frouzins,,France,,30,,6,,,
https://servicesartisans.fr/services/serrurier/la-ferte-bernard,New,0,,1,1,,1.69,1.69,0,,1,1,,serrurier la ferte bernard,,France,,40,,11,,
https://servicesartisans.fr/tarifs/peintre-en-batiment/chalons-en-champagne/pose-de-papier-peint,New,0,,1,1,,,,0,,1,1,,papier peint chalons en champagne,,France,,30,,9,,
https://servicesartisans.fr/questions/prix-cuisine-equipee-pose,New,0,,1,1,,0.34,0.34,0,,1,1,,prix pose cuisine,,France,,700,,28,,
https://servicesartisans.fr/services/carreleur/pontivy,New,0,,1,1,,0.43,0.43,0,,1,1,,carreleur pontivy,,France,,40,,12,,
https://servicesartisans.fr/avis/serrurier/mormant,New,0,,1,1,,2.18,2.18,0,,1,1,,serrurier mormant,,France,,40,,11,,
https://servicesartisans.fr/avis/vitrier/voisins-le-bretonneux,,0,1,1,,,,,0,1,1,,vitrier voisins le bretonneux,vitrier voisins le bretonneux,France,France,30,30,11,11,0,
https://servicesartisans.fr/avis/ramoneur/anglet,New,0,,1,1,,1.37,1.37,0,,1,1,,ramonage anglet,,France,,70,,12,,
https://servicesartisans.fr/avis/demenageur/meulan-en-yvelines,New,0,,1,1,,1.23,1.23,0,,1,1,,demenageur yvelines avis,,France,,0,,1,,
https://servicesartisans.fr/avis/vitrier/osny,New,0,,1,1,,,,0,,1,1,,vitrier osny,,France,,40,,10,,
https://servicesartisans.fr/services/serrurier/mont-saint-aignan,New,0,,1,1,,6.81,6.81,0,,1,1,,serrurier mont saint aignan,,France,,50,,11,,
https://servicesartisans.fr/avis/vitrier/fontenay-le-fleury,New,0,,1,1,,1.97,1.97,0,,1,1,,vitrier fontenay le fleury,,France,,30,,7,,
https://servicesartisans.fr/tarifs/electricien/tourcoing/remplacement-d-un-interrupteur-differentiel,New,0,,1,1,,0.30,0.30,0,,1,1,,prix remplacement interrupteur,,France,,40,,10,,
https://servicesartisans.fr/urgence/serrurier/sevran,New,0,,1,1,,8.64,8.64,0,,1,1,,serrurier sevran,,France,,350,,20,,
https://servicesartisans.fr/tarifs/serrurier/annecy/copie-de-cle-standard-ou-haute-securite,New,0,,1,1,,1.07,1.07,0,,1,1,,serrurier annecy tarif,,France,,50,,12,,
https://servicesartisans.fr/tarifs/plombier/dijon/renovation-complete-plomberie-salle-de-bain-alimentation-evacuation,New,0,,1,1,,1.05,1.05,0,,1,1,,plombier dijon tarif,,France,,40,,12,,
https://servicesartisans.fr/avis/plombier/magny-le-hongre,New,0,,1,1,,5.02,5.02,0,,1,1,,plombier magny le hongre,,France,,50,,12,,
https://servicesartisans.fr/tarifs/solier/saint-pierre/pose-de-sol-pvc-vinyle-en-lames-ou-dalles,New,0,,1,1,,0.32,0.32,0,,1,1,,tarif pose parquet pvc,,France,,30,,9,,
https://servicesartisans.fr/services/vitrier/montceau-les-mines/suZIEsxpmGCS-4Aq,New,0,,1,1,,0.72,0.72,0,,1,1,,vitrier montceau les mines,,France,,40,,12,,
https://servicesartisans.fr/tarifs/charpentier/tarbes/traitement-charpente-par-injection-anti-termites-capricornes,New,0,,1,1,,0.57,0.57,0,,1,1,,traitement capricorne charpente prix,,France,,30,,11,,
https://servicesartisans.fr/tarifs/serrurier/angers/copie-de-cle-standard-ou-haute-securite,New,0,,1,1,,0.32,0.32,0,,1,1,,serrurier angers tarif,,France,,30,,12,,
https://servicesartisans.fr/services/architecte-interieur/cogolin/pavis-d-escurac-architecte-812115251,New,0,,1,1,,,,0,,1,1,,pavis d'escurac,,France,,40,,8,,
https://servicesartisans.fr/tarifs/solier/noisy-le-sec/pose-de-sol-pvc-vinyle-en-lames-ou-dalles,New,0,,1,1,,0.54,0.54,0,,1,1,,tarif pose sol pvc,,France,,50,,11,,
https://servicesartisans.fr/urgence/ascensoriste/cosne-cours-sur-loire,New,0,,1,1,,,,0,,1,1,,ascenseur cosne sur loire,,France,,20,,6,,
https://servicesartisans.fr/services/vitrier/gien,New,0,,1,1,,0.96,0.96,0,,1,1,,vitrier gien,,France,,60,,12,,
https://servicesartisans.fr/urgence/menuisier/douchy-les-mines,New,0,,1,1,,,,0,,1,1,,menuisier urgence,,France,,10,,8,,
https://servicesartisans.fr/tarifs/plombier/nimes/installation-d-un-wc,New,0,,1,1,,,,0,,1,1,,remplacement toilettes nimes,,France,,30,,11,,
https://servicesartisans.fr/services/vitrier/hendaye,New,0,,1,1,,0.83,0.83,0,,1,1,,vitrier hendaye,,France,,30,,12,,
https://servicesartisans.fr/tarifs/plombier/dunkerque,New,0,,1,1,,0.42,0.42,0,,1,1,,tarif plombier dunkerque,,France,,10,,4,,
https://servicesartisans.fr/tarifs/serrurier/le-mans/copie-de-cle-standard-ou-haute-securite,New,0,,1,1,,0.40,0.40,0,,1,1,,serrurier le mans tarif,,France,,30,,9,,
https://servicesartisans.fr/questions/prix-pose-carrelage-m2,New,0,,1,1,,0.07,0.07,0,,1,1,,prix carrelage m2,,France,,2200,,17,,
https://servicesartisans.fr/avis/cuisiniste/quimper,New,0,,1,1,,1.24,1.24,0,,1,1,,cuisiniste quimper avis,,France,,30,,9,,
https://servicesartisans.fr/services/peintre-en-batiment/bordeaux,,0,0,1,1,0.00,1.43,1.43,0,1,1,,artisan peintre bordeaux,peintre qualifie bordeaux,France,France,450,10,61,4,,
https://servicesartisans.fr/departements/doubs/ascensoriste,New,0,,1,1,,,,0,,1,1,,ascenseur doubs,,France,,20,,8,,
https://servicesartisans.fr/tarifs/zingueur/puteaux/pose-de-gouttieres-en-zinc,New,0,,1,1,,0.47,0.47,0,,1,1,,prix pose cheneau zinc,,France,,10,,5,,
https://servicesartisans.fr/tarifs/serrurier/lyon/copie-de-cle-standard-ou-haute-securite,New,0,,1,1,,0.64,0.64,0,,1,1,,faire un double de clé lyon prix,,France,,20,,8,,
https://servicesartisans.fr/avis/ascensoriste/belleville-en-beaujolais,New,0,,1,1,,,,0,,1,1,,ascenseur belleville en beaujolais,,France,,10,,2,,
https://servicesartisans.fr/blog/guide-fenetre-double-vitrage,New,0,,1,1,,0.88,0.88,0,,2,2,,fenetres double vitrage,,France,,600,,23,,
https://servicesartisans.fr/services/vitrier/montereau-fault-yonne,New,0,,1,1,,1.07,1.07,0,,1,1,,vitrier montereau fault yonne,,France,,30,,10,,
https://servicesartisans.fr/,,6,1,1,,1.05,1.05,,33,1,1,,artisans de france,artisans de france,France,France,50,50,12,12,0,
https://servicesartisans.fr/devis/demenageur/cambrai/centre-ville,Lost,0,1,,-1,1.48,,-1.48,0,1,,-1,demenageur cambrai,,France,,50,,11,,,
https://servicesartisans.fr/departements/allier/ascensoriste,Lost,0,1,,-1,,,,0,1,,-1,ascenseur l'allier,,France,,20,,9,,,
https://servicesartisans.fr/services/platrier/clichy/europa-services-977498005,Lost,0,1,,-1,,,,0,1,,-1,europa service,,France,,40,,10,,,
https://servicesartisans.fr/services/plombier/velizy-villacoublay/le-chesnay-rocquencourt,Lost,0,1,,-1,5.00,,-5.00,0,1,,-1,plombier le chesnay,,France,,250,,24,,,
https://servicesartisans.fr/tarifs/platrier,Lost,0,1,,-1,0.38,,-0.38,0,1,,-1,prix platrier,,France,,20,,10,,,
https://servicesartisans.fr/departements/charente-maritime/nettoyage,Lost,0,1,,-1,,,,0,1,,-1,contrat de nettoyage 17,,France,,40,,8,,,
https://servicesartisans.fr/villes/strasbourg/neudorf,Lost,0,1,,-1,2.61,,-2.61,0,1,,-1,plombier neudorf,,France,,30,,13,,,
https://servicesartisans.fr/tarifs/chauffagiste/grasse/installation-d-un-plancher-chauffant,New,0,,0,,,,,0,,1,1,,installation plancher chauffant grasse,,France,,0,,4,,
https://servicesartisans.fr/tarifs/ascensoriste/le-barcares,New,0,,0,,,,,0,,1,1,,monte escalier le barcares,,France,,0,,11,,
https://servicesartisans.fr/services/solier/louviers/rudolphe-courty-884176587,New,0,,0,,,,,0,,1,1,,rudolphe courty,,France,,10,,7,,
https://servicesartisans.fr/services/solier/nice/brico-man-brico-man-538466319,New,0,,0,,,0.00,0.00,0,,1,1,,brico man,,France,,3700,,20,,
https://servicesartisans.fr/avis/diagnostiqueur/seysses,New,0,,0,,,,,0,,1,1,,diagnostic gaz seysses,,France,,0,,2,,
https://servicesartisans.fr/departements/alpes-maritimes/vitrier,New,0,,0,,,,,0,,1,1,,changement de vitrages 06,,France,,0,,4,,
https://servicesartisans.fr/tarifs/menuisier/draguignan/pose-d-une-porte-interieure,New,0,,0,,,,,0,,1,1,,pose porte interieure draguignan,,France,,0,,10,,
https://servicesartisans.fr/blog/diagnostic-immobilier-obligatoire-liste,New,0,,0,,,,,0,,2,2,,diagnostic immobilier obligatoire 2021,,United States,,0,,10,,
https://servicesartisans.fr/tarifs/solier/la-madeleine/pose-de-parquet-massif-colle,New,0,,0,,,,,0,,1,1,,pose de parquet massif la madeleine,,France,,0,,7,,
https://servicesartisans.fr/tarifs/storiste/antibes/store-interieur-venitien-enrouleur,New,0,,0,,,,,0,,1,1,,stores d'intérieur antibes,,France,,0,,9,,
https://servicesartisans.fr/services/serrurier/saint-brieuc,,,0,0,,0.27,0.27,,,1,1,,serrurier saint brieuc,serrurier saint brieuc,France,France,250,250,26,26,0,
https://servicesartisans.fr/services/couvreur/wissous,New,0,,0,,,,,0,,1,1,,couvreur wissous,,France,,20,,11,,
https://servicesartisans.fr/tarifs-artisans/jardinier,,,0,0,,0.00,0.00,,,1,1,,tarif jardinier heure,tarif jardinier heure,France,France,150,150,86,86,0,
https://servicesartisans.fr/departements/seine-maritime/terrassier,New,0,,0,,,,,0,,1,1,,terrassement maison seine-maritime,,France,,0,,3,,
https://servicesartisans.fr/services/plombier/gonesse,New,0,,0,,,0.00,0.00,0,,1,1,,plombier gonesse,,France,,200,,53,,
https://servicesartisans.fr/services/plombier/marseille/ams-plomberie-841592272,New,0,,0,,,0.12,0.12,0,,1,1,,ams plomberie marseille,,France,,0,,9,,
https://servicesartisans.fr/tarifs/jardinier/clichy/tonte-de-pelouse-jardin-de-200-m,New,0,,0,,,,,0,,1,1,,tonte gazon clichy,,France,,0,,5,,
https://servicesartisans.fr/tarifs/jardinier/grasse/taille-de-haie,New,0,,0,,,,,0,,1,1,,taille de haie grasse,,France,,0,,9,,
https://servicesartisans.fr/tarifs/electricien/carcassonne/installation-d-un-interphone-ou-visiophone,New,0,,0,,,0.32,0.32,0,,1,1,,installateur d'interphone,,France,,10,,10,,
https://servicesartisans.fr/tarifs/etancheiste/menton/etancheite-toiture-terrasse-membrane-bitume,New,0,,0,,,,,0,,2,2,,membrane epdm menton,,France,,0,,8,,
https://servicesartisans.fr/avis/serrurier/aix-les-bains,New,0,,0,,,0.01,0.01,0,,1,1,,serrurier aix-les-bains,,France,,600,,48,,
https://servicesartisans.fr/tarifs/vitrier/nimes/remplacement-d-une-vitre-cassee-standard,New,0,,0,,,,,0,,1,1,,tarif remplacement double vitrage nimes,,France,,0,,5,,
https://servicesartisans.fr/avis/couvreur/saint-just-en-chaussee,New,0,,0,,,,,0,,1,1,,couvreur zingueur saint just en chaussée,,France,,0,,11,,
https://servicesartisans.fr/services/carreleur/woippy/6b846bf14569a096,New,0,,0,,,,,0,,1,1,,ocs assainissement,,France,,0,,10,,
https://servicesartisans.fr/problemes/wc-bouche/evry-courcouronnes,New,0,,0,,,,,0,,1,1,,toilettes bouchées evry,,France,,0,,10,,
https://servicesartisans.fr/departements/drome/isolation-thermique,New,0,,0,,,,,0,,1,1,,isolation thermique drome,,France,,0,,2,,
https://servicesartisans.fr/avis/carreleur/quesnoy-sur-deule,,0,0,0,,,,,0,1,1,,pose de carrelage quesnoy-sur-deûle,pose de carrelage quesnoy-sur-deûle,United States,United States,0,0,10,10,0,
https://servicesartisans.fr/tarifs/plombier/castres/remplacement-d-un-chauffe-eau,New,0,,0,,,,,0,,1,1,,prix chauffe eau thermodynamique castres,,France,,0,,14,,
https://servicesartisans.fr/services/chauffagiste/perissac/ap-reno-ambiance-poele-900770587,New,0,,0,,,,,0,,1,1,,ambiance poele perissac,,France,,0,,7,,
https://servicesartisans.fr/tarifs/deratisation,,,0,0,,0.00,0.00,,,2,2,,deratisation prix,deratisation prix,France,France,200,200,65,65,0,
https://servicesartisans.fr/devis/etancheiste/villefranche-sur-mer,New,0,,0,,,,,0,,1,1,,etancheite bureaux villefranche sur mer,,France,,0,,8,,
https://servicesartisans.fr/tarifs/architecte-interieur,,,0,0,,0.00,0.00,,,1,1,,cout architecte d'intérieur,cout architecte d'intérieur,France,France,200,200,44,44,0,
https://servicesartisans.fr/avis/jardinier/notre-dame-de-bondeville,New,0,,0,,,,,0,,1,1,,entretien de jardin notredamedebondeville,,France,,0,,8,,
https://servicesartisans.fr/departements/vendee/salle-de-bain,New,0,,0,,,,,0,,1,1,,rénovation salle de bain sur mesure vendee,,France,,0,,4,,
https://servicesartisans.fr/tarifs/alarme-securite/saint-etienne/coffre-fort-encastre-pose-comprise,New,0,,0,,,0.17,0.17,0,,1,1,,coffre fort saint etienne,,France,,10,,11,,
https://servicesartisans.fr/tarifs/jardinier/grasse/installation-d-arrosage-automatique,New,0,,0,,,,,0,,1,1,,installation d’arrosage grasse,,France,,0,,9,,
https://servicesartisans.fr/services/architecte-interieur/bressuire/og2l-og2l-478339054,New,0,,0,,,,,0,,1,1,,og2l,,France,,10,,9,,
https://servicesartisans.fr/services/vitrier/clichy,New,0,,0,,,,,0,,1,1,,vitrier clichy,,United States,,10,,10,,
https://servicesartisans.fr/urgence/alarme-securite/paris,New,0,,0,,,,,0,,1,1,,intervention sur alarme paris,,Russian Federation,,0,,1,,
https://servicesartisans.fr/avis/demenageur/bayonne,New,0,,0,,,,,0,,1,1,,devis déménageur bayonne,,France,,0,,7,,
https://servicesartisans.fr/tarifs/etancheiste/grasse/etancheite-toiture-terrasse-membrane-bitume,New,0,,0,,,,,0,,1,1,,etancheite toit goudron grasse,,France,,0,,4,,
https://servicesartisans.fr/tarifs/etancheiste/mandelieu-la-napoule/etancheite-toiture-terrasse-membrane-epdm,New,0,,0,,,,,0,,2,2,,membrane epdm mandelieu,,France,,0,,1,,
https://servicesartisans.fr/tarifs/vitrier/grasse/installation-d-un-garde-corps-en-verre-balcon-terrasse,New,0,,0,,,,,0,,1,1,,garde-corps en verre grasse,,France,,0,,3,,
https://servicesartisans.fr/tarifs/chauffagiste/saint-etienne/entretien-annuel-de-chaudiere-gaz,New,0,,0,,,0.17,0.17,0,,1,1,,tarif entretien chaudière gaz saint-etienne,,France,,10,,7,,
https://servicesartisans.fr/tarifs/jardinier/bagnolet/entretien-mensuel-d-un-jardin-200-m,New,0,,0,,,,,0,,1,1,,tonte gazon bagnolet,,France,,0,,11,,
https://servicesartisans.fr/tarifs/jardinier/aix-en-provence/engazonnement-semis-ou-placage-de-gazon,New,0,,0,,,,,0,,1,1,,engazonnement par projection aix en provence,,France,,0,,7,,
https://servicesartisans.fr/guides/normes-electriques,New,0,,0,,,,,0,,1,1,,norme électrique 2022,,France,,0,,5,,
https://servicesartisans.fr/tarifs/storiste/mandelieu-la-napoule/store-interieur-venitien-enrouleur,New,0,,0,,,,,0,,1,1,,installation store vénitiens mandelieu,,France,,0,,5,,
https://servicesartisans.fr/avis/cuisiniste/brive-la-gaillarde,New,0,,0,,,,,0,,1,1,,cuisine plus brive-la-gaillarde avis,,France,,0,,9,,
https://servicesartisans.fr/tarifs/pisciniste/vierzon/piscine-hors-sol-bois-ou-acier,New,0,,0,,,,,0,,1,1,,piscine vierzon tarif,,France,,10,,10,,
https://servicesartisans.fr/tarifs/electricien/lievin/installation-d-un-systeme-domotique-eclairage-volets,New,0,,0,,,,,0,,1,1,,installation domotique liévin,,France,,0,,6,,
https://servicesartisans.fr/tarifs/jardinier/saint-denis/taille-de-haie,New,0,,0,,,,,0,,1,1,,taille haie saint denis,,France,,0,,4,,
https://servicesartisans.fr/services/terrassier/gannat/jb-terrassement-518569298,New,0,,0,,,,,0,,1,1,,jb terrassement gannat,,France,,10,,9,,
https://servicesartisans.fr/services/salle-de-bain/vauvert/aimargues,New,0,,0,,,,,0,,1,1,,rénovation salle de bain aimargues,,United States,,0,,3,,
https://servicesartisans.fr/services/cuisiniste/loudeac,New,0,,0,,,0.07,0.07,0,,1,1,,cuisiniste loudeac,,France,,10,,12,,
https://servicesartisans.fr/tarifs/electricien/tours/installation-d-un-interphone-ou-visiophone,New,0,,0,,,0.16,0.16,0,,1,1,,prix pose visiophone,,France,,20,,10,,
https://servicesartisans.fr/tarifs/miroitier/henin-beaumont/remplacement-de-double-vitrage,New,0,,0,,,,,0,,1,1,,fenêtre double vitrage henin beaumont,,France,,0,,1,,
https://servicesartisans.fr/tarifs/jardinier/pontoise/taille-de-haie,New,0,,0,,,,,0,,1,1,,taille haie cergy,,France,,0,,6,,
https://servicesartisans.fr/avis/diagnostiqueur/montauban,New,0,,0,,,,,0,,1,1,,diagnostic électricité montauban,,France,,0,,4,,
https://servicesartisans.fr/departements/alpes-maritimes/platrier,,0,0,0,,,,,0,1,1,,plâtrier cote d’azur,plâtrier cote d’azur,France,France,0,0,5,6,-1,
https://servicesartisans.fr/urgence/electricien,New,0,,0,,,0.00,,0,,1,1,,électricien dépannage urgent,,France,,0,,5,,
https://servicesartisans.fr/tarifs/plombier/les-sables-d-olonne/pose-d-un-robinet-mitigeur,New,0,,0,,,,,0,,1,1,,installation robinet vendee,,France,,0,,3,,
https://servicesartisans.fr/devis/alarme-securite/lorgues,New,0,,0,,,,,0,,1,1,,installation sirene extérieure lorgues,,France,,0,,7,,
https://servicesartisans.fr/devis/plombier,,,0,0,,0.00,0.00,,,1,1,,devis plombier,devis plombier,France,France,250,250,99,99,0,
https://servicesartisans.fr/tarifs/diagnostiqueur/agen/diagnostic-gaz-installation-de-plus-de-15-ans,New,0,,0,,,,,0,,1,1,,diagnostic gaz agen,,France,,0,,9,,
https://servicesartisans.fr/avis/chauffagiste/pelissanne,New,0,,0,,,,,0,,1,1,,changer sa chaudière fioul pelissanne,,France,,0,,10,,
https://servicesartisans.fr/avis/demenageur/montereau-fault-yonne,New,0,,0,,,,,0,,1,1,,déménageur montereaufaultyonne,,France,,0,,7,,
https://servicesartisans.fr/services/vitrier/ajaccio,New,0,,0,,,,,0,,1,1,,film isolant ajaccio,,France,,0,,11,,
https://servicesartisans.fr/tarifs/chauffagiste/toulouse/installation-d-une-pompe-a-chaleur-air-eau,New,0,,0,,,,,0,,1,1,,prix pompe a chaleur toulouse,,France,,0,,10,,
https://servicesartisans.fr/departements/herault/vitrier,New,0,,0,,,,,0,,1,1,,installation de vitrerie,,France,,0,,8,,
https://servicesartisans.fr/tarifs/nettoyage/menton/nettoyage-de-fin-de-chantier-appartement-60-m,New,0,,0,,,,,0,,1,1,,remise en état après chantier menton,,France,,0,,9,,
https://servicesartisans.fr/tarifs/ramoneur/marck,New,0,,0,,,,,0,,1,1,,ramonage de cheminée marck,,France,,0,,7,,
https://servicesartisans.fr/tarifs/jardinier/levallois-perret/tonte-de-pelouse-jardin-de-200-m,New,0,,0,,,,,0,,1,1,,tonte gazon levalloisperret,,France,,0,,11,,
https://servicesartisans.fr/tarifs/facadier/vitrolles/reprise-de-fissures-structurelles-avec-agrafage,New,0,,0,,,,,0,,1,1,,agrafage vitrolles,,France,,10,,9,,
https://servicesartisans.fr/tarifs/etancheiste/cannes/etancheite-toiture-terrasse-membrane-bitume,New,0,,0,,,,,0,,2,2,,membrane epdm cannes,,France,,0,,7,,
https://servicesartisans.fr/avis/nettoyage/rungis,New,0,,0,,,,,0,,1,1,,nettoyage de copropriété à rungis,,United States,,0,,11,,
https://servicesartisans.fr/services/serrurier/paris/serrurerie-et-protection-nation-352495816,New,0,,0,,,0.21,0.21,0,,1,1,,serrurier nation,,France,,10,,9,,
https://servicesartisans.fr/tarifs/paysagiste/strasbourg,,,0,0,,0.00,0.00,,,1,1,,prix paysagiste,prix paysagiste,France,France,450,450,85,85,0,
https://servicesartisans.fr/urgence/serrurier/caen,New,0,,0,,,0.22,0.22,0,,1,1,,serrurier caen,,France,,500,,26,,
https://servicesartisans.fr/services/serrurier/frejus,New,0,,0,,,,,0,,1,1,,serrurier a fréjus,,France,,0,,3,,
https://servicesartisans.fr/tarifs/menuisier/rouen/pose-d-une-fenetre-double-vitrage-pvc,New,0,,0,,,0.00,,0,,1,1,,prix pose fenêtre au black,,France,,0,,9,,
https://servicesartisans.fr/tarifs/etancheiste/antibes/etancheite-toiture-terrasse-membrane-bitume,New,0,,0,,,,,0,,1,1,,membrane caoutchouc antibes,,France,,0,,5,,
https://servicesartisans.fr/services/peintre-en-batiment/creteil,New,0,,0,,,,,0,,1,1,,peintre en bâtiment creteil,,France,,0,,2,,
https://servicesartisans.fr/services/serrurier/saint-herblain,New,0,,0,,,,,0,,1,1,,serrurier a saint-herblain,,France,,0,,5,,
https://servicesartisans.fr/tarifs/plombier/pau/renovation-complete-plomberie-salle-de-bain-alimentation-evacuation,New,0,,0,,,0.11,0.11,0,,1,1,,plombier pau tarif,,France,,20,,12,,
https://servicesartisans.fr/urgence/deratisation/lacanau,New,0,,0,,,,,0,,1,1,,traitement rats lacanau,,France,,0,,9,,
https://servicesartisans.fr/tarifs/pisciniste/savigny-sur-orge/installation-traitement-automatique-electrolyse-au-sel,New,0,,0,,,,,0,,1,1,,tarif pose électrolyseur,,France,,0,,11,,
https://servicesartisans.fr/services/serrurier/meylan/serrurerie-des-buclos-068500438,New,0,,0,,,0.10,0.10,0,,1,1,,serrurerie des buclos,,France,,10,,9,,
https://servicesartisans.fr/tarifs/jardinier/plaisir/tonte-de-pelouse-jardin-de-200-m,New,0,,0,,,,,0,,1,1,,tonte gazon plaisir,,France,,0,,8,,
https://servicesartisans.fr/services/plombier/caulnes/deniel-rance-chauffage-382326114,New,0,,0,,,0.15,0.15,0,,1,1,,deniel rance chauffage,,France,,10,,9,,
https://servicesartisans.fr/tarifs/zingueur/antibes/pose-de-gouttieres-en-zinc,New,0,,0,,,,,0,,1,1,,gouttières zinc à antibes,,United States,,10,,9,,
https://servicesartisans.fr/avis/vitrier/henin-beaumont,New,0,,0,,,,,0,,1,1,,fenêtre double vitrage henin beaumont,,France,,0,,7,,
https://servicesartisans.fr/tarifs/jardinier/pantin/tonte-de-pelouse-jardin-de-200-m,New,0,,0,,,,,0,,1,1,,tonte gazon pantin,,France,,0,,6,,
https://servicesartisans.fr/tarifs/cuisiniste/issy-les-moulineaux/cuisine-equipee-entree-de-gamme-5-ml,New,0,,0,,,,,0,,1,1,,cuisine équipée issy les moulineaux,,France,,0,,9,,
https://servicesartisans.fr/services/serrurier/fayence,New,0,,0,,,0.86,0.86,0,,1,1,,serrurier fayence,,France,,20,,12,,
https://servicesartisans.fr/urgence/serrurier/avignon,New,0,,0,,,0.02,0.02,0,,1,1,,serrurier avignon,,France,,450,,47,,
https://servicesartisans.fr/tarifs/vitrier/grasse/pose-d-une-credence-en-verre-cuisine,New,0,,0,,,,,0,,1,1,,crédence en verre grasse,,France,,0,,11,,
https://servicesartisans.fr/urgence/serrurier/montpellier,New,0,,0,,,0.00,,0,,1,1,,serrurier urgent montpellier,,France,,0,,5,,
https://servicesartisans.fr/avis/cuisiniste/boe,New,0,,0,,,,,0,,1,1,,cuisine plus boé avis,,France,,0,,11,,
https://servicesartisans.fr/urgence/domoticien/les-herbiers,New,0,,0,,,,,0,,1,1,,dépannage camera de surveillance les herbiers,,France,,0,,11,,
https://servicesartisans.fr/avis/panneaux-solaires/versailles,New,0,,0,,,0.00,,0,,1,1,,versailles solar avis,,France,,0,,5,,
https://servicesartisans.fr/tarifs/ebeniste/la-madeleine/creation-d-un-dressing-sur-mesure,New,0,,0,,,,,0,,1,1,,pose de dressing sur mesure la madeleine,,France,,0,,10,,
https://servicesartisans.fr/services/plombier/miramas/excellis-clim-913679205,New,0,,0,,,,,0,,1,1,,excellis clim,,France,,0,,9,,
https://servicesartisans.fr/devis/demenageur/avrille/centre-ville,New,0,,0,,,,,0,,1,1,,devis déménagement avrillé,,United States,,10,,9,,
https://servicesartisans.fr/avis/serrurier/tourcoing,New,0,,0,,,1.77,1.77,0,,1,1,,serrurier tourcoing,,France,,800,,34,,
https://servicesartisans.fr/tarifs/jardinier/meudon/taille-de-haie,,0,0,0,,,,,0,1,1,,taille haie meudon,taille haie meudon,France,France,0,0,11,11,0,
https://servicesartisans.fr/devis/demenageur/tournan-en-brie/centre-ville,Lost,0,0,,,,,,0,1,,-1,demenagement tournan en brie,,France,,20,,12,,,
https://servicesartisans.fr/avis/deratisation/lyon,Lost,0,0,,,0.00,,0.00,0,1,,-1,dératisation lyon,,France,,250,,92,,,
https://servicesartisans.fr/tarifs/carreleur,Lost,0,0,,,0.02,,-0.02,0,1,,-1,tarif carreleur,,France,,200,,32,,,
https://servicesartisans.fr/urgence/serrurier/grenoble,Lost,0,0,,,0.00,,0.00,0,1,,-1,serrurier urgence,,France,,1200,,89,,,
https://servicesartisans.fr/departements/loire-atlantique/zingueur,Lost,0,0,,,0.00,,0.00,0,1,,-1,zingueur,,France,,1300,,54,,,
https://servicesartisans.fr/services/cuisiniste/orleans,Lost,0,0,,,0.00,,0.00,0,1,,-1,cuisiniste orleans,,France,,250,,65,,,
https://servicesartisans.fr/services/chauffagiste/sarcelles/label-energie-508007796,Lost,0,0,,,0.00,,0.00,0,1,,-1,labelenergie,,France,,200,,49,,,
https://servicesartisans.fr/services/couvreur/limoges,Lost,0,0,,,0.00,,0.00,0,1,,-1,couvreur limoges,,France,,350,,83,,,
https://servicesartisans.fr/services/plombier/auxerre,Lost,0,0,,,0.00,,0.00,0,1,,-1,plombier auxerre,,France,,300,,90,,,
https://servicesartisans.fr/services/chauffagiste/dunkerque,Lost,0,0,,,0.00,,0.00,0,1,,-1,chauffagiste dunkerque,,France,,200,,73,,,
https://servicesartisans.fr/services/couvreur/lorient,Lost,0,0,,,0.00,,0.00,0,1,,-1,couvreur lorient,,France,,1200,,76,,,
https://servicesartisans.fr/services/plombier/poitiers,Lost,0,0,,,0.00,,0.00,0,1,,-1,plombier poitiers,,France,,700,,50,,,
https://servicesartisans.fr/tarifs/chauffagiste/palaiseau/desembouage-d-un-circuit-de-chauffage,Lost,0,0,,,0.00,,0.00,0,1,,-1,tarif désembouage engie,,France,,450,,45,,,
https://servicesartisans.fr/services/couvreur/lille,Lost,0,0,,,0.00,,0.00,0,1,,-1,couvreur lille,,France,,2300,,80,,,
https://servicesartisans.fr/services/serrurier/lyon,Lost,0,0,,,0.00,,0.00,0,3,,-3,artisan serrurier,,France,,400,,64,,,
https://servicesartisans.fr/services/demenageur/lons/lescar,Lost,0,0,,,,,,0,1,,-1,demenagement lescar,,France,,0,,8,,,
https://servicesartisans.fr/services/poseur-de-parquet/lormont/yvrac,Lost,0,0,,,,,,0,1,,-1,pose de parquet lormont,,France,,0,,9,,,
https://servicesartisans.fr/services/macon/strasbourg,Lost,0,0,,,0.00,,0.00,0,1,,-1,maçon strasbourg,,France,,50,,60,,,
https://servicesartisans.fr/departements/loiret/alarme-securite,Lost,0,0,,,,,,0,1,,-1,alarme centre val de loire,,United States,,0,,9,,,
https://servicesartisans.fr/avis/demenageur/cambo-les-bains,Lost,0,0,,,,,,0,1,,-1,demenagement cambo les bains,,France,,0,,8,,,
https://servicesartisans.fr/services/serrurier/chalette-sur-loing/montargis,Lost,0,0,,,0.20,,-0.20,0,1,,-1,serrurier montargis,,France,,200,,28,,,
https://servicesartisans.fr/services/chauffagiste/thionville,Lost,0,0,,,0.00,,0.00,0,1,,-1,chauffagiste thionville,,France,,250,,60,,,
https://servicesartisans.fr/services/couvreur/boulogne-sur-mer,Lost,0,0,,,0.01,,-0.01,0,1,,-1,couvreur boulogne sur mer,,France,,200,,46,,,
https://servicesartisans.fr/tarifs/terrassier,Lost,0,0,,,0.00,,0.00,0,1,,-1,prix terrassement maison 100m2,,France,,100,,81,,,
https://servicesartisans.fr/departements/haut-rhin/chauffagiste,Lost,0,0,,,,,,0,1,,-1,prix du fioul à lutterbach,,France,,10,,58,,,
https://servicesartisans.fr/services/plombier/besancon,Lost,0,0,,,0.00,,0.00,0,1,,-1,plombier besancon,,France,,400,,36,,,
https://servicesartisans.fr/services/menuisier/larcay/frelon-agencement-326890431,Lost,0,0,,,,,,0,1,,-1,frelon agencement,,France,,10,,9,,,
https://servicesartisans.fr/services/cuisiniste/tarbes,Lost,0,0,,,0.07,,-0.07,0,1,,-1,cuisiniste tarbes,,France,,150,,30,,,
https://servicesartisans.fr/services/salle-de-bain/saint-andre-de-cubzac/centre-ville,Lost,0,0,,,,,,0,1,,-1,salle de bain saint-andré-de-cubzac,,France,,10,,10,,,
https://servicesartisans.fr/devis/domoticien,Lost,0,0,,,,,,0,1,,-1,devis domotique en ligne,,United States,,0,,5,,,
https://servicesartisans.fr/tarifs/ramoneur/salon-de-provence,Lost,0,0,,,0.00,,0.00,0,1,,-1,débistrage prix,,France,,200,,85,,,
https://servicesartisans.fr/services/cuisiniste/dunkerque,Lost,0,0,,,0.00,,0.00,0,1,,-1,cuisiniste dunkerque,,France,,200,,55,,,
https://servicesartisans.fr/services/serrurier/meylan,Lost,0,0,,,0.00,,0.00,0,1,,-1,serrurier meylan,,France,,400,,59,,,
https://servicesartisans.fr/services/plombier/chalon-sur-saone,Lost,0,0,,,0.00,,0.00,0,1,,-1,plombier chalon sur saone,,France,,500,,67,,,
https://servicesartisans.fr/services/electricien/paris,Lost,0,0,,,0.00,,0.00,0,1,,-1,electriciens paris,,France,,200,,62,,,
https://servicesartisans.fr/services/cuisiniste/perpignan,Lost,0,0,,,0.01,,-0.01,0,1,,-1,cuisiniste perpignan,,France,,250,,40,,,
https://servicesartisans.fr/urgence/serrurier/rennes,Lost,0,0,,,0.01,,-0.01,0,1,,-1,serrurier rennes urgence,,France,,600,,52,,,
https://servicesartisans.fr/services/carreleur/brest,Lost,0,0,,,0.00,,0.00,0,1,,-1,carreleur,,France,,5600,,58,,,
https://servicesartisans.fr/services/alarme-securite/roquebrune-sur-argens/le-muy,Lost,0,0,,,,,,0,1,,-1,alarme maison le muy,,France,,0,,3,,,
https://servicesartisans.fr/services/isolation-thermique/persan/centre-ville,Lost,0,0,,,,,,0,1,,-1,entreprise isolation thermique persan,,France,,0,,11,,,
https://servicesartisans.fr/services/climaticien/montpellier/climero-943642397,Lost,0,0,,,,,,0,1,,-1,climero,,France,,20,,7,,,
https://servicesartisans.fr/services/plombier/dunkerque,Lost,0,0,,,0.01,,-0.01,0,1,,-1,plombier dunkerque,,France,,350,,48,,,
https://servicesartisans.fr/services/electricien/valenton/rabah-medjane-535014203,Lost,0,0,,,,,,0,1,,-1,rabah medjane,,France,,0,,5,,,
https://servicesartisans.fr/services/peintre-en-batiment/nice,Lost,0,0,,,0.00,,0.00,0,1,,-1,peintre nice,,France,,250,,73,,,
https://servicesartisans.fr/tarifs/couvreur/toulouse/nettoyage-et-demoussage-de-toiture,Lost,0,0,,,0.00,,0.00,0,1,,-1,démoussage toiture prix au m2,,France,,600,,74,,,
https://servicesartisans.fr/services/serrurier/epinal,Lost,0,0,,,0.04,,-0.04,0,1,,-1,serrurier epinal,,France,,200,,32,,,
https://servicesartisans.fr/services/electricien/meximieux/domolec-domolec-980881122,Lost,0,0,,,0.00,,0.00,0,1,,-1,domolec,,France,,50,,9,,,
https://servicesartisans.fr/devis/plombier/pornichet/saint-andre-des-eaux,Lost,0,0,,,0.00,,0.00,0,1,,-1,plombier pornichet,,France,,200,,88,,,
https://servicesartisans.fr/devis/plombier/pornichet/centre-ville,Lost,0,0,,,0.00,,0.00,0,1,,-1,plombier pornichet,,France,,200,,65,,,
https://servicesartisans.fr/services/vitrier/strasbourg,Lost,0,0,,,0.00,,0.00,0,1,,-1,vitrier strasbourg,,France,,250,,55,,,
https://servicesartisans.fr/services/geometre/tresses/bg6-bg6-bg6-510506058,Lost,0,0,,,,,,0,1,,-1,bg6,,France,,50,,6,,,
https://servicesartisans.fr/services/chauffagiste/le-mans,Lost,0,0,,,0.00,,0.00,0,1,,-1,chauffagiste le mans,,France,,250,,52,,,
https://servicesartisans.fr/devis/demenageur/bidart/centre-ville,Lost,0,0,,,,,,0,1,,-1,demenagement bidart,,France,,0,,10,,,
https://servicesartisans.fr/services/electricien/agde/f86a3f1db80abcc3,Lost,0,0,,,,,,0,1,,-1,relec34,,France,,0,,9,,,
https://servicesartisans.fr/services/serrurier/vanves,Lost,0,0,,,0.07,,-0.07,0,1,,-1,serrurier vanves,,France,,300,,44,,,
https://servicesartisans.fr/urgence/serrurier/nimes,Lost,0,0,,,0.00,,0.00,0,1,,-1,urgence serrurier,,France,,1000,,59,,,
https://servicesartisans.fr/urgence/plombier/clermont-ferrand,Lost,0,0,,,0.00,,0.00,0,1,,-1,plombier d'urgence,,France,,250,,48,,,
https://servicesartisans.fr/urgence/serrurier/montauban,Lost,0,0,,,0.00,,0.00,0,1,,-1,serrurier urgence,,France,,1200,,60,,,
https://servicesartisans.fr/services/isolation-thermique/saint-germain-en-laye/stit-services-societe-de-travaux-d-isolation-thermique-et-services-791875164,Lost,0,0,,,0.00,,0.00,0,1,,-1,stit,,France,,200,,13,,,
https://servicesartisans.fr/services/plombier/marseille,Lost,0,0,,,0.00,,0.00,0,1,,-1,plombier marseille,,France,,2200,,64,,,
https://servicesartisans.fr/services/plombier/cergy,Lost,0,0,,,0.00,,0.00,0,1,,-1,plombier cergy,,France,,500,,63,,,
https://servicesartisans.fr/avis/couvreur/clermont-ferrand,Lost,0,0,,,0.00,,0.00,0,1,,-1,couvreur clermont ferrand,,France,,1400,,75,,,
https://servicesartisans.fr/devis/demenageur/ozoir-la-ferriere/gretz-armainvilliers,Lost,0,0,,,,,,0,1,,-1,déménagement gretz armainvilliers,,France,,0,,7,,,
https://servicesartisans.fr/services/peintre-en-batiment/limoges,Lost,0,0,,,0.00,,0.00,0,1,,-1,peintre limoges,,France,,200,,62,,,
https://servicesartisans.fr/services/plombier/vigneux-sur-seine/yerres,Lost,0,0,,,0.27,,-0.27,0,1,,-1,plombier yerres,,France,,200,,33,,,
https://servicesartisans.fr/services/couvreur/amiens,Lost,0,0,,,0.00,,0.00,0,1,,-1,couvreur amiens,,France,,1000,,68,,,
https://servicesartisans.fr/urgence/serrurier/chambery,Lost,0,0,,,0.00,,0.00,0,1,,-1,serrurier urgence,,France,,1200,,74,,,
https://servicesartisans.fr/tarifs,Lost,0,0,,,0.00,,0.00,0,1,,-1,prix pose,,France,,300,,50,,,
https://servicesartisans.fr/services/chauffagiste/tarbes,Lost,0,0,,,0.00,,0.00,0,1,,-1,chauffagiste tarbes,,France,,150,,47,,,
https://servicesartisans.fr/services/electricien/lyon,Lost,0,0,,,0.02,,-0.02,0,1,,-1,electricien lyon,,France,,1300,,52,,,
https://servicesartisans.fr/services/diagnostiqueur/parempuyre/b04fd7c9c18f8045,Lost,0,0,,,,,,0,1,,-1,charpentier parempuyre,,France,,0,,8,,,
https://servicesartisans.fr/services/serrurier/echirolles/e25adec7f5c9976e,Lost,0,0,,,,,,0,1,,-1,serrurier à échirolles,,France,,0,,11,,,
