Page cible,Liens internes
https://servicesartisans.fr/,40000
https://servicesartisans.fr/regions/occitanie,40000
https://servicesartisans.fr/services/jardinier,40000
https://servicesartisans.fr/villes/toulouse,40000
https://servicesartisans.fr/departements/martinique,774
https://servicesartisans.fr/tarifs/ferronnier,741
https://servicesartisans.fr/departements/mayotte,553
https://servicesartisans.fr/regions/guadeloupe,451
https://servicesartisans.fr/regions/mayotte,352
https://servicesartisans.fr/departements/nouvelle-caledonie,328
https://servicesartisans.fr/services/electricien/le-lamentin,284
https://servicesartisans.fr/services/carreleur/le-lamentin,254
https://servicesartisans.fr/villes/cayenne,244
https://servicesartisans.fr/services/macon/limoges,243
https://servicesartisans.fr/villes/noumea,195
https://servicesartisans.fr/villes/riviere-salee,188
https://servicesartisans.fr/villes/bandrele,167
https://servicesartisans.fr/villes/matoury,164
https://servicesartisans.fr/villes/le-moule,163
https://servicesartisans.fr/villes/tsingoni,161
https://servicesartisans.fr/villes/pirae,158
https://servicesartisans.fr/villes/saint-jean-de-luz,158
https://servicesartisans.fr/villes/dumbea,156
https://servicesartisans.fr/departements/var/plombier,149
https://servicesartisans.fr/villes/ouangani,147
https://servicesartisans.fr/villes/bandraboua,145
https://servicesartisans.fr/villes/macouria,134
https://servicesartisans.fr/villes/kourou,132
https://servicesartisans.fr/villes/papara,132
https://servicesartisans.fr/devis/plombier/faaa,129
https://servicesartisans.fr/villes/paea,128
https://servicesartisans.fr/departements/haute-marne,121
https://servicesartisans.fr/departements/martinique/electricien,120
https://servicesartisans.fr/services/plombier/cayenne,118
https://servicesartisans.fr/services/electricien/mamoudzou,112
https://servicesartisans.fr/devis/plombier/mamoudzou,111
https://servicesartisans.fr/villes/remire-montjoly,110
https://servicesartisans.fr/services/peintre-en-batiment/mamoudzou,106
https://servicesartisans.fr/services/electricien/cayenne,105
https://servicesartisans.fr/services/peintre-en-batiment/cayenne,105
https://servicesartisans.fr/services/carreleur/mamoudzou,101
https://servicesartisans.fr/services/chauffagiste/mamoudzou,101
https://servicesartisans.fr/devis/electricien/le-lamentin,99
https://servicesartisans.fr/departements/martinique/plombier,97
https://servicesartisans.fr/services/carreleur/cayenne,94
https://servicesartisans.fr/services/serrurier/cayenne,92
https://servicesartisans.fr/villes/apatou,91
https://servicesartisans.fr/departements/guyane/plombier,89
https://servicesartisans.fr/departements/doubs/peintre-en-batiment,88
https://servicesartisans.fr/services/plombier/matoury,87
https://servicesartisans.fr/devis/plombier/papeete,86
https://servicesartisans.fr/devis/plombier/petit-bourg,85
https://servicesartisans.fr/devis/plombier/dzaoudzi,84
https://servicesartisans.fr/departements/martinique/peintre-en-batiment,83
https://servicesartisans.fr/devis/plombier/cayenne,83
https://servicesartisans.fr/villes/bourail,82
https://servicesartisans.fr/villes/lifou,82
https://servicesartisans.fr/devis/plombier/noumea,81
https://servicesartisans.fr/services/chauffagiste/les-abymes,79
https://servicesartisans.fr/villes/paita,79
https://servicesartisans.fr/devis/electricien/faaa,78
https://servicesartisans.fr/devis/electricien/noumea,76
https://servicesartisans.fr/devis/plombier/dumbea,76
https://servicesartisans.fr/departements/guadeloupe/plombier,75
https://servicesartisans.fr/services/serrurier/baie-mahault,75
https://servicesartisans.fr/devis/electricien/cayenne,74
https://servicesartisans.fr/services/metallier/le-robert,74
https://servicesartisans.fr/departements/guyane/electricien,73
https://servicesartisans.fr/departements/la-reunion/electricien,72
https://servicesartisans.fr/departements/guadeloupe/serrurier,71
https://servicesartisans.fr/devis/demenageur/papeete,71
https://servicesartisans.fr/departements/guadeloupe/electricien,70
https://servicesartisans.fr/devis/demenageur/pirae,70
https://servicesartisans.fr/services/plombier/faaa,70
https://servicesartisans.fr/departements/mayotte/electricien,69
https://servicesartisans.fr/departements/mayotte/plombier,69
https://servicesartisans.fr/departements/mayotte/serrurier,69
https://servicesartisans.fr/services/chauffagiste/baie-mahault,69
https://servicesartisans.fr/services/electricien/faaa,69
https://servicesartisans.fr/villes/papaichton,69
https://servicesartisans.fr/departements/la-reunion/plombier,68
https://servicesartisans.fr/devis/electricien/dumbea,66
https://servicesartisans.fr/services/carreleur/matoury,66
https://servicesartisans.fr/services/peintre-en-batiment/kourou,66
https://servicesartisans.fr/services/serrurier/petit-bourg,66
https://servicesartisans.fr/departements/guadeloupe/chauffagiste,65
https://servicesartisans.fr/departements/mayotte/peintre-en-batiment,65
https://servicesartisans.fr/departements/guyane/menuisier,63
https://servicesartisans.fr/devis/deratisation/pirae,63
https://servicesartisans.fr/devis/electricien/baie-mahault,63
https://servicesartisans.fr/villes/les-trois-bassins,63
https://servicesartisans.fr/departements/guyane/serrurier,62
https://servicesartisans.fr/departements/la-reunion/serrurier,62
https://servicesartisans.fr/devis/chauffagiste/faaa,62
https://servicesartisans.fr/villes/mtsamboro,62
https://servicesartisans.fr/villes/vieux-habitants,62
https://servicesartisans.fr/departements/martinique/carreleur,60
https://servicesartisans.fr/departements/mayotte/chauffagiste,60
https://servicesartisans.fr/services/chauffagiste/matoury,60
https://servicesartisans.fr/tarifs/electricien/faaa,60
https://servicesartisans.fr/avis/plombier/faaa,59
https://servicesartisans.fr/departements/guadeloupe/peintre-en-batiment,59
https://servicesartisans.fr/departements/martinique/serrurier,59
https://servicesartisans.fr/departements/martinique/menuisier,58
https://servicesartisans.fr/avis/plombier/noumea,57
https://servicesartisans.fr/departements/guyane/carreleur,57
https://servicesartisans.fr/departements/la-reunion/peintre-en-batiment,57
https://servicesartisans.fr/devis/chauffagiste/noumea,57
https://servicesartisans.fr/services/couvreur/riviere-salee,57
https://servicesartisans.fr/services/peintre-en-batiment/remire-montjoly,57
https://servicesartisans.fr/services/plombier/dumbea,57
https://servicesartisans.fr/departements/guadeloupe/carreleur,56
https://servicesartisans.fr/departements/guadeloupe/menuisier,56
https://servicesartisans.fr/regions/guadeloupe/serrurier,56
https://servicesartisans.fr/services/electricien/remire-montjoly,56
https://servicesartisans.fr/avis/electricien/noumea,55
https://servicesartisans.fr/regions/guyane/plombier,55
https://servicesartisans.fr/regions/mayotte/serrurier,55
https://servicesartisans.fr/services/carreleur/riviere-salee,55
https://servicesartisans.fr/services/plombier/dzaoudzi,55
https://servicesartisans.fr/avis/electricien/faaa,54
https://servicesartisans.fr/departements/martinique/couvreur,54
https://servicesartisans.fr/departements/mayotte/carreleur,54
https://servicesartisans.fr/departements/mayotte/menuisier,54
https://servicesartisans.fr/devis/electricien/matoury,54
https://servicesartisans.fr/services/carreleur/faaa,54
https://servicesartisans.fr/services/electricien/clamart,54
https://servicesartisans.fr/services/jardinier/le-lamentin,54
https://servicesartisans.fr/services/peintre-en-batiment/petit-bourg,54
https://servicesartisans.fr/services/plombier/punaauia,54
https://servicesartisans.fr/departements/la-reunion/carreleur,53
https://servicesartisans.fr/regions/guadeloupe/chauffagiste,53
https://servicesartisans.fr/services/carreleur/petit-bourg,53
https://servicesartisans.fr/services/peintre-en-batiment/riviere-salee,53
https://servicesartisans.fr/devis/chauffagiste/cayenne,52
https://servicesartisans.fr/devis/electricien/la-possession,52
https://servicesartisans.fr/regions/guyane/carreleur,52
https://servicesartisans.fr/regions/guyane/electricien,52
https://servicesartisans.fr/regions/mayotte/plombier,52
https://servicesartisans.fr/urgence/electricien/faaa,52
https://servicesartisans.fr/urgence/serrurier/faaa,52
https://servicesartisans.fr/devis/serrurier/faaa,51
https://servicesartisans.fr/devis/serrurier/mamoudzou,51
https://servicesartisans.fr/devis/serrurier/noumea,51
https://servicesartisans.fr/regions/la-reunion/menuisier,51
https://servicesartisans.fr/villes/acoua,51
https://servicesartisans.fr/departements/guadeloupe/couvreur,50
https://servicesartisans.fr/departements/martinique/metallier,50
https://servicesartisans.fr/departements/mayotte/couvreur,50
https://servicesartisans.fr/devis/chauffagiste/dumbea,50
https://servicesartisans.fr/regions/mayotte/electricien,50
https://servicesartisans.fr/services/couvreur/macouria,50
https://servicesartisans.fr/services/couvreur/noumea,50
https://servicesartisans.fr/services/electricien/riviere-salee,50
https://servicesartisans.fr/services/menuisier/riviere-salee,50
https://servicesartisans.fr/departements/martinique/chauffagiste,49
https://servicesartisans.fr/devis/electricien/tsingoni,49
https://servicesartisans.fr/regions/mayotte/chauffagiste,49
https://servicesartisans.fr/regions/nouvelle-caledonie/plombier,49
https://servicesartisans.fr/services/carreleur/kourou,49
https://servicesartisans.fr/services/carreleur/punaauia,49
https://servicesartisans.fr/services/serrurier/riviere-salee,49
https://servicesartisans.fr/services/vitrier/mamoudzou,49
https://servicesartisans.fr/avis/plombier/matoury,48
https://servicesartisans.fr/regions/guadeloupe/electricien,48
https://servicesartisans.fr/regions/guadeloupe/menuisier,48
https://servicesartisans.fr/regions/martinique/carreleur,48
https://servicesartisans.fr/services/cuisiniste/faaa,48
https://servicesartisans.fr/services/peintre-en-batiment/macouria,48
https://servicesartisans.fr/services/plombier/riviere-salee,48
https://servicesartisans.fr/services/serrurier/kourou,48
https://servicesartisans.fr/tarifs/chauffagiste/dumbea,48
https://servicesartisans.fr/villes/boueni,48
https://servicesartisans.fr/avis/plombier/cayenne,47
https://servicesartisans.fr/avis/serrurier/faaa,47
https://servicesartisans.fr/avis/serrurier/noumea,47
https://servicesartisans.fr/regions/la-reunion/carreleur,47
https://servicesartisans.fr/regions/martinique/electricien,47
https://servicesartisans.fr/regions/mayotte/carreleur,47
https://servicesartisans.fr/services/facadier/tsingoni,47
https://servicesartisans.fr/services/peintre-en-batiment/pirae,47
https://servicesartisans.fr/services/zingueur/mamoudzou,47
https://servicesartisans.fr/villes/petit-canal,47
https://servicesartisans.fr/avis/chauffagiste/noumea,46
https://servicesartisans.fr/departements/martinique/geometre,46
https://servicesartisans.fr/devis/serrurier/cayenne,46
https://servicesartisans.fr/regions/guadeloupe/peintre-en-batiment,46
https://servicesartisans.fr/regions/guyane/serrurier,46
https://servicesartisans.fr/regions/mayotte/peintre-en-batiment,46
https://servicesartisans.fr/services/serrurier/remire-montjoly,46
https://servicesartisans.fr/tarifs/plombier/cayenne,46
https://servicesartisans.fr/avis/chauffagiste/faaa,45
https://servicesartisans.fr/devis/electricien/dzaoudzi,45
https://servicesartisans.fr/devis/electricien/pirae,45
https://servicesartisans.fr/devis/electricien/riviere-salee,45
https://servicesartisans.fr/regions/guadeloupe/carreleur,45
https://servicesartisans.fr/regions/mayotte/couvreur,45
https://servicesartisans.fr/services/carreleur/bras-panon,45
https://servicesartisans.fr/services/carreleur/remire-montjoly,45
https://servicesartisans.fr/services/chauffagiste/riviere-salee,45
https://servicesartisans.fr/services/electricien/moorea-maiao,45
https://servicesartisans.fr/services/macon/noumea,45
https://servicesartisans.fr/tarifs/plombier/faaa,45
https://servicesartisans.fr/tarifs/plombier/noumea,45
https://servicesartisans.fr/urgence/chauffagiste/noumea,45
https://servicesartisans.fr/devis/plombier/remire-montjoly,44
https://servicesartisans.fr/regions/la-reunion/electricien,44
https://servicesartisans.fr/regions/martinique/couvreur,44
https://servicesartisans.fr/regions/martinique/menuisier,44
https://servicesartisans.fr/regions/martinique/serrurier,44
https://servicesartisans.fr/services/facadier/mamoudzou,44
https://servicesartisans.fr/services/plombier/noumea,44
https://servicesartisans.fr/urgence/plombier/faaa,44
https://servicesartisans.fr/avis/electricien/cayenne,43
https://servicesartisans.fr/regions/martinique/chauffagiste,43
https://servicesartisans.fr/regions/martinique/peintre-en-batiment,43
https://servicesartisans.fr/regions/mayotte/menuisier,43
https://servicesartisans.fr/regions/nouvelle-caledonie,43
https://servicesartisans.fr/services/chauffagiste/noumea,43
https://servicesartisans.fr/services/electricien/saintes,43
https://servicesartisans.fr/devis/chauffagiste/baie-mahault,42
https://servicesartisans.fr/devis/plombier/macouria,42
https://servicesartisans.fr/regions/saint-barthelemy/couvreur,42
https://servicesartisans.fr/services/chauffagiste/papeete,42
https://servicesartisans.fr/services/chauffagiste/remire-montjoly,42
https://servicesartisans.fr/services/facadier/dzaoudzi,42
https://servicesartisans.fr/services/vitrier/koungou,42
https://servicesartisans.fr/avis/chauffagiste/cayenne,41
https://servicesartisans.fr/services/carreleur/dzaoudzi,41
https://servicesartisans.fr/services/decorateur/faaa,41
https://servicesartisans.fr/services/zingueur/faaa,41
https://servicesartisans.fr/tarifs/plombier/dumbea,41
https://servicesartisans.fr/tarifs/serrurier/noumea,41
https://servicesartisans.fr/departements/marne/solier,40
https://servicesartisans.fr/devis/chauffagiste/mamoudzou,40
https://servicesartisans.fr/devis/plombier/kourou,40
https://servicesartisans.fr/regions/nouvelle-caledonie/carreleur,40
https://servicesartisans.fr/regions/saint-barthelemy/serrurier,40
https://servicesartisans.fr/services/charpentier/cayenne,40
https://servicesartisans.fr/services/electricien/macouria,40
https://servicesartisans.fr/services/jardinier/cayenne,40
https://servicesartisans.fr/services/menuisier/remire-montjoly,40
https://servicesartisans.fr/services/miroitier/le-lamentin,40
https://servicesartisans.fr/services/plombier/moorea-maiao,40
https://servicesartisans.fr/services/poseur-de-parquet/faaa,40
https://servicesartisans.fr/regions/nouvelle-caledonie/chauffagiste,39
https://servicesartisans.fr/services/couvreur/faaa,39
https://servicesartisans.fr/services/cuisiniste/matoury,39
https://servicesartisans.fr/services/jardinier/faaa,39
https://servicesartisans.fr/services/peintre-en-batiment/faaa,39
https://servicesartisans.fr/devis/chauffagiste/la-possession,38
https://servicesartisans.fr/devis/electricien/papeete,38
https://servicesartisans.fr/services/couvreur/dumbea,38
https://servicesartisans.fr/services/cuisiniste/fort-de-france,38
https://servicesartisans.fr/services/nettoyage/mamoudzou,38
https://servicesartisans.fr/services/serrurier/punaauia,38
https://servicesartisans.fr/avis/plombier/baie-mahault,37
https://servicesartisans.fr/devis/electricien/macouria,37
https://servicesartisans.fr/services/carreleur/macouria,37
https://servicesartisans.fr/services/couvreur/pirae,37
https://servicesartisans.fr/urgence/electricien/mamoudzou,37
https://servicesartisans.fr/urgence/electricien/noumea,37
https://servicesartisans.fr/urgence/plombier/cayenne,37
https://servicesartisans.fr/urgence/serrurier/mamoudzou,37
https://servicesartisans.fr/devis/electricien/petit-bourg,36
https://servicesartisans.fr/services/alarme-securite/faaa,36
https://servicesartisans.fr/services/charpentier/faaa,36
https://servicesartisans.fr/services/charpentier/matoury,36
https://servicesartisans.fr/services/chauffagiste/faaa,36
https://servicesartisans.fr/services/cuisiniste/le-lamentin,36
https://servicesartisans.fr/services/jardinier/pirae,36
https://servicesartisans.fr/services/platrier/faaa,36
https://servicesartisans.fr/services/pompe-a-chaleur/faaa,36
https://servicesartisans.fr/services/solier/matoury,36
https://servicesartisans.fr/services/zingueur/dzaoudzi,36
https://servicesartisans.fr/tarifs/electricien/pirae,36
https://servicesartisans.fr/tarifs/plombier/mamoudzou,36
https://servicesartisans.fr/avis/serrurier/les-abymes,35
https://servicesartisans.fr/devis/peintre-en-batiment/faaa,35
https://servicesartisans.fr/regions/nouvelle-caledonie/menuisier,35
https://servicesartisans.fr/services/alarme-securite/mamoudzou,35
https://servicesartisans.fr/services/chauffagiste/macouria,35
https://servicesartisans.fr/services/cuisiniste/cayenne,35
https://servicesartisans.fr/services/deratisation/mamoudzou,35
https://servicesartisans.fr/services/desinsectisation/mamoudzou,35
https://servicesartisans.fr/services/desinsectisation/punaauia,35
https://servicesartisans.fr/services/menuisier/macouria,35
https://servicesartisans.fr/services/peintre-en-batiment/noumea,35
https://servicesartisans.fr/services/ramoneur/mamoudzou,35
https://servicesartisans.fr/services/vitrier/dembeni,35
https://servicesartisans.fr/villes/taiarapu-ouest,35
https://servicesartisans.fr/avis/electricien/mamoudzou,34
https://servicesartisans.fr/services/carreleur/gap,34
https://servicesartisans.fr/services/carreleur/la-possession,34
https://servicesartisans.fr/services/desinsectisation/dzaoudzi,34
https://servicesartisans.fr/services/electricien/valenton,34
https://servicesartisans.fr/services/jardinier/punaauia,34
https://servicesartisans.fr/services/vitrier/dzaoudzi,34
https://servicesartisans.fr/urgence/peintre-en-batiment/cayenne,34
https://servicesartisans.fr/avis/plombier/les-abymes,33
https://servicesartisans.fr/avis/serrurier/mamoudzou,33
https://servicesartisans.fr/departements/polynesie-francaise/electricien,33
https://servicesartisans.fr/devis/chauffagiste/les-abymes,33
https://servicesartisans.fr/devis/serrurier/matoury,33
https://servicesartisans.fr/regions/saint-barthelemy/plombier,33
https://servicesartisans.fr/services/jardinier/kourou,33
https://servicesartisans.fr/services/nettoyage/matoury,33
https://servicesartisans.fr/services/vitrier/baie-mahault,33
https://servicesartisans.fr/services/vitrier/le-lamentin,33
https://servicesartisans.fr/regions/nouvelle-caledonie/electricien,32
https://servicesartisans.fr/regions/nouvelle-caledonie/vitrier,32
https://servicesartisans.fr/services/cuisiniste/mamoudzou,32
https://servicesartisans.fr/services/domoticien/faaa,32
https://servicesartisans.fr/services/jardinier/mahina,32
https://servicesartisans.fr/services/ramoneur/dzaoudzi,32
https://servicesartisans.fr/urgence/chauffagiste/faaa,32
https://servicesartisans.fr/devis/electricien/punaauia,31
https://servicesartisans.fr/services/alarme-securite/noumea,31
https://servicesartisans.fr/services/climaticien/faaa,31
https://servicesartisans.fr/services/deratisation/dzaoudzi,31
https://servicesartisans.fr/services/ferronnier/fort-de-france,31
https://servicesartisans.fr/services/ferronnier/riviere-salee,31
https://servicesartisans.fr/services/jardinier/la-possession,31
https://servicesartisans.fr/services/jardinier/papeete,31
https://servicesartisans.fr/services/macon/dumbea,31
https://servicesartisans.fr/services/vitrier/les-abymes,31
https://servicesartisans.fr/avis/plombier/papeete,30
https://servicesartisans.fr/regions/saint-barthelemy/chauffagiste,30
https://servicesartisans.fr/services/architecte-interieur/kourou,30
https://servicesartisans.fr/services/carreleur/dumbea,30
https://servicesartisans.fr/services/charpentier/kourou,30
https://servicesartisans.fr/services/chauffagiste/dumbea,30
https://servicesartisans.fr/services/cuisiniste/macouria,30
https://servicesartisans.fr/services/desinsectisation/moorea-maiao,30
https://servicesartisans.fr/services/desinsectisation/tsingoni,30
https://servicesartisans.fr/services/facadier/bandrele,30
https://servicesartisans.fr/services/miroitier/mamoudzou,30
https://servicesartisans.fr/services/serrurier/la-possession,30
https://servicesartisans.fr/services/storiste/riviere-salee,30
https://servicesartisans.fr/services/zingueur/fort-de-france,30
https://servicesartisans.fr/urgence/peintre-en-batiment/faaa,30
https://servicesartisans.fr/urgence/plombier/le-lamentin,30
https://servicesartisans.fr/avis/carreleur/baie-mahault,29
https://servicesartisans.fr/avis/electricien/le-lamentin,29
https://servicesartisans.fr/avis/peintre-en-batiment/faaa,29
https://servicesartisans.fr/avis/plombier/mamoudzou,29
https://servicesartisans.fr/devis/electricien/kourou,29
https://servicesartisans.fr/devis/electricien/remire-montjoly,29
https://servicesartisans.fr/devis/nettoyage/mamoudzou,29
https://servicesartisans.fr/devis/nettoyage/punaauia,29
https://servicesartisans.fr/devis/peintre-en-batiment/papeete,29
https://servicesartisans.fr/regions/saint-barthelemy/jardinier,29
https://servicesartisans.fr/services/antenniste/baie-mahault,29
https://servicesartisans.fr/services/antenniste/fort-de-france,29
https://servicesartisans.fr/services/antenniste/le-lamentin,29
https://servicesartisans.fr/services/antenniste/mamoudzou,29
https://servicesartisans.fr/services/carreleur/papara,29
https://servicesartisans.fr/services/deratisation/punaauia,29
https://servicesartisans.fr/services/diagnostiqueur/mamoudzou,29
https://servicesartisans.fr/services/etancheiste/faaa,29
https://servicesartisans.fr/services/jardinier/remire-montjoly,29
https://servicesartisans.fr/services/miroitier/riviere-salee,29
https://servicesartisans.fr/services/nettoyage/tsingoni,29
https://servicesartisans.fr/services/paysagiste/matoury,29
https://servicesartisans.fr/services/storiste/mamoudzou,29
https://servicesartisans.fr/services/vitrier/dumbea,29
https://servicesartisans.fr/services/zingueur/matoury,29
https://servicesartisans.fr/tarifs/serrurier/mamoudzou,29
https://servicesartisans.fr/urgence/plombier/matoury,29
https://servicesartisans.fr/avis/carreleur/faaa,28
https://servicesartisans.fr/avis/electricien/papeete,28
https://servicesartisans.fr/avis/plombier/pirae,28
https://servicesartisans.fr/avis/plombier/punaauia,28
https://servicesartisans.fr/departements/nouvelle-caledonie/electricien,28
https://servicesartisans.fr/departements/polynesie-francaise/serrurier,28
https://servicesartisans.fr/devis/chauffagiste/papeete,28
https://servicesartisans.fr/devis/deratisation/matoury,28
https://servicesartisans.fr/devis/serrurier/les-abymes,28
https://servicesartisans.fr/services/antenniste/cayenne,28
https://servicesartisans.fr/services/antenniste/les-abymes,28
https://servicesartisans.fr/services/antenniste/macouria,28
https://servicesartisans.fr/services/couvreur/saint-barthelemy,28
https://servicesartisans.fr/services/cuisiniste/kourou,28
https://servicesartisans.fr/services/deratisation/faaa,28
https://servicesartisans.fr/services/deratisation/pirae,28
https://servicesartisans.fr/services/deratisation/tsingoni,28
https://servicesartisans.fr/services/facadier/baie-mahault,28
https://servicesartisans.fr/services/ferronnier/ducos,28
https://servicesartisans.fr/services/isolation-thermique/faaa,28
https://servicesartisans.fr/services/paysagiste/cayenne,28
https://servicesartisans.fr/services/peintre-en-batiment/saint-barthelemy,28
https://servicesartisans.fr/services/terrassier/cayenne,28
https://servicesartisans.fr/services/terrassier/faaa,28
https://servicesartisans.fr/tarifs/plombier/baie-mahault,28
https://servicesartisans.fr/avis/electricien/lifou,27
https://servicesartisans.fr/avis/peintre-en-batiment/les-abymes,27
https://servicesartisans.fr/devis/electricien/paita,27
https://servicesartisans.fr/services/alarme-securite/matoury,27
https://servicesartisans.fr/services/antenniste/ducos,27
https://servicesartisans.fr/services/carreleur/riviere-pilote,27
https://servicesartisans.fr/services/deratisation/riviere-salee,27
https://servicesartisans.fr/services/desinsectisation/taiarapu-est,27
https://servicesartisans.fr/services/domoticien/noumea,27
https://servicesartisans.fr/services/facadier/petit-bourg,27
https://servicesartisans.fr/services/pompe-a-chaleur/dumbea,27
https://servicesartisans.fr/services/salle-de-bain/faaa,27
https://servicesartisans.fr/services/salle-de-bain/mamoudzou,27
https://servicesartisans.fr/services/salle-de-bain/noumea,27
https://servicesartisans.fr/services/terrassier/kourou,27
https://servicesartisans.fr/services/terrassier/matoury,27
https://servicesartisans.fr/services/vitrier/faaa,27
https://servicesartisans.fr/services/zingueur/cayenne,27
https://servicesartisans.fr/tarifs/serrurier/matoury,27
https://servicesartisans.fr/avis/cuisiniste/faaa,26
https://servicesartisans.fr/avis/deratisation/baie-mahault,26
https://servicesartisans.fr/avis/diagnostiqueur/les-abymes,26
https://servicesartisans.fr/avis/menuisier/faaa,26
https://servicesartisans.fr/avis/serrurier/papeete,26
https://servicesartisans.fr/devis/nettoyage/cayenne,26
https://servicesartisans.fr/devis/nettoyage/faaa,26
https://servicesartisans.fr/devis/nettoyage/koungou,26
https://servicesartisans.fr/devis/nettoyage/matoury,26
https://servicesartisans.fr/devis/peintre-en-batiment/baie-mahault,26
https://servicesartisans.fr/services/alarme-securite/sch-lcher,26
https://servicesartisans.fr/services/antenniste/matoury,26
https://servicesartisans.fr/services/antenniste/petit-bourg,26
https://servicesartisans.fr/services/carreleur/noumea,26
https://servicesartisans.fr/services/charpentier/macouria,26
https://servicesartisans.fr/services/desinsectisation/le-lamentin,26
https://servicesartisans.fr/services/domoticien/mamoudzou,26
https://servicesartisans.fr/services/facadier/kourou,26
https://servicesartisans.fr/services/facadier/noumea,26
https://servicesartisans.fr/services/ferronnier/kourou,26
https://servicesartisans.fr/services/ferronnier/macouria,26
https://servicesartisans.fr/services/metallier/cayenne,26
https://servicesartisans.fr/services/nettoyage/kourou,26
https://servicesartisans.fr/services/panneaux-solaires/noumea,26
https://servicesartisans.fr/services/terrassier/noumea,26
https://servicesartisans.fr/tarifs/menuisier/dumbea,26
https://servicesartisans.fr/tarifs/plombier/matoury,26
https://servicesartisans.fr/urgence/electricien/la-possession,26
https://servicesartisans.fr/urgence/serrurier/le-lamentin,26
https://servicesartisans.fr/avis/deratisation/les-abymes,25
https://servicesartisans.fr/avis/plombier/mahina,25
https://servicesartisans.fr/avis/plombier/petit-bourg,25
https://servicesartisans.fr/avis/zingueur/faaa,25
https://servicesartisans.fr/departements/guadeloupe/geometre,25
https://servicesartisans.fr/departements/la-reunion/terrassier,25
https://servicesartisans.fr/departements/nouvelle-caledonie/couvreur,25
https://servicesartisans.fr/devis/cuisiniste/faaa,25
https://servicesartisans.fr/devis/demenageur/cayenne,25
https://servicesartisans.fr/devis/menuisier/faaa,25
https://servicesartisans.fr/devis/peintre-en-batiment/cayenne,25
https://servicesartisans.fr/regions/polynesie-francaise/electricien,25
https://servicesartisans.fr/services/architecte-interieur/le-lamentin,25
https://servicesartisans.fr/services/carreleur/paea,25
https://servicesartisans.fr/services/chauffagiste/la-possession,25
https://servicesartisans.fr/services/cuisiniste/remire-montjoly,25
https://servicesartisans.fr/services/demenageur/dzaoudzi,25
https://servicesartisans.fr/services/desinsectisation/fort-de-france,25
https://servicesartisans.fr/services/facadier/les-abymes,25
https://servicesartisans.fr/services/facadier/macouria,25
https://servicesartisans.fr/services/isolation-thermique/papeete,25
https://servicesartisans.fr/services/metallier/kourou,25
https://servicesartisans.fr/services/nettoyage/faaa,25
https://servicesartisans.fr/services/nettoyage/noumea,25
https://servicesartisans.fr/services/paysagiste/noumea,25
https://servicesartisans.fr/services/peintre-en-batiment/castelsarrasin,25
https://servicesartisans.fr/services/platrier/cayenne,25
https://servicesartisans.fr/services/salle-de-bain/dumbea,25
https://servicesartisans.fr/services/salle-de-bain/petit-bourg,25
https://servicesartisans.fr/services/storiste/faaa,25
https://servicesartisans.fr/services/vitrier/cayenne,25
https://servicesartisans.fr/tarifs/plombier/fort-de-france,25
https://servicesartisans.fr/tarifs/plombier/pirae,25
https://servicesartisans.fr/tarifs/serrurier/baie-mahault,25
https://servicesartisans.fr/avis/serrurier/la-possession,24
https://servicesartisans.fr/avis/vitrier/faaa,24
https://servicesartisans.fr/avis/vitrier/mamoudzou,24
https://servicesartisans.fr/departements/mayotte/geometre,24
https://servicesartisans.fr/departements/nouvelle-caledonie/peintre-en-batiment,24
https://servicesartisans.fr/departements/nouvelle-caledonie/plombier,24
https://servicesartisans.fr/services/antenniste/le-gosier,24
https://servicesartisans.fr/services/antenniste/le-moule,24
https://servicesartisans.fr/services/antenniste/pirae,24
https://servicesartisans.fr/services/antenniste/remire-montjoly,24
https://servicesartisans.fr/services/antenniste/riviere-salee,24
https://servicesartisans.fr/services/deratisation/kourou,24
https://servicesartisans.fr/services/deratisation/riviere-pilote,24
https://servicesartisans.fr/services/desinsectisation/pamandzi,24
https://servicesartisans.fr/services/jardinier/paea,24
https://servicesartisans.fr/services/miroitier/les-abymes,24
https://servicesartisans.fr/services/nettoyage/pirae,24
https://servicesartisans.fr/services/platrier/mamoudzou,24
https://servicesartisans.fr/services/platrier/noumea,24
https://servicesartisans.fr/services/serrurier/noumea,24
https://servicesartisans.fr/services/solier/faaa,24
https://servicesartisans.fr/services/storiste/matoury,24
https://servicesartisans.fr/tarifs/couvreur/faaa,24
https://servicesartisans.fr/urgence/serrurier/baie-mahault,24
https://servicesartisans.fr/avis/charpentier/faaa,23
https://servicesartisans.fr/avis/electricien/macouria,23
https://servicesartisans.fr/avis/serrurier/petit-bourg,23
https://servicesartisans.fr/devis/peintre-en-batiment/pirae,23
https://servicesartisans.fr/regions/saint-barthelemy,23
https://servicesartisans.fr/services/climaticien/dumbea,23
https://servicesartisans.fr/services/climaticien/noumea,23
https://servicesartisans.fr/services/desinsectisation/baie-mahault,23
https://servicesartisans.fr/services/desinsectisation/ducos,23
https://servicesartisans.fr/services/ferronnier/matoury,23
https://servicesartisans.fr/services/geometre/bandrele,23
https://servicesartisans.fr/services/miroitier/baie-mahault,23
https://servicesartisans.fr/services/miroitier/dzaoudzi,23
https://servicesartisans.fr/services/miroitier/matoury,23
https://servicesartisans.fr/services/paysagiste/faaa,23
https://servicesartisans.fr/services/pisciniste/matoury,23
https://servicesartisans.fr/services/ramoneur/matoury,23
https://servicesartisans.fr/services/serrurier/riviere-pilote,23
https://servicesartisans.fr/services/terrassier/macouria,23
https://servicesartisans.fr/services/vitrier/pamandzi,23
https://servicesartisans.fr/tarifs/decorateur/faaa,23
https://servicesartisans.fr/tarifs/serrurier/pirae,23
https://servicesartisans.fr/urgence/chauffagiste/cayenne,23
https://servicesartisans.fr/urgence/chauffagiste/matoury,23
https://servicesartisans.fr/urgence/peintre-en-batiment/le-lamentin,23
https://servicesartisans.fr/urgence/plombier/baie-mahault,23
https://servicesartisans.fr/urgence/plombier/le-tampon,23
https://servicesartisans.fr/urgence/plombier/punaauia,23
https://servicesartisans.fr/urgence/serrurier/les-abymes,23
https://servicesartisans.fr/villes/macouria/cayenne,23
https://servicesartisans.fr/villes/macouria/matoury,23
https://servicesartisans.fr/avis/couvreur/dumbea,22
https://servicesartisans.fr/avis/couvreur/noumea,22
https://servicesartisans.fr/avis/geometre/les-abymes,22
https://servicesartisans.fr/avis/menuisier/noumea,22
https://servicesartisans.fr/avis/peintre-en-batiment/mamoudzou,22
https://servicesartisans.fr/avis/plombier/dzaoudzi,22
https://servicesartisans.fr/avis/serrurier/pirae,22
https://servicesartisans.fr/avis/zingueur/mamoudzou,22
https://servicesartisans.fr/departements/polynesie-francaise/carreleur,22
https://servicesartisans.fr/departements/polynesie-francaise/chauffagiste,22
https://servicesartisans.fr/devis/chauffagiste/macouria,22
https://servicesartisans.fr/devis/electricien/paea,22
https://servicesartisans.fr/devis/jardinier/mahina,22
https://servicesartisans.fr/devis/jardinier/pirae,22
https://servicesartisans.fr/devis/menuisier/noumea,22
https://servicesartisans.fr/services/alarme-securite/kourou,22
https://servicesartisans.fr/services/antenniste/dzaoudzi,22
https://servicesartisans.fr/services/antenniste/punaauia,22
https://servicesartisans.fr/services/climaticien/macouria,22
https://servicesartisans.fr/services/demenageur/le-lamentin,22
https://servicesartisans.fr/services/desinsectisation/riviere-salee,22
https://servicesartisans.fr/services/electricien/papara,22
https://servicesartisans.fr/services/etancheiste/dumbea,22
https://servicesartisans.fr/services/facadier/matoury,22
https://servicesartisans.fr/services/geometre/dumbea,22
https://servicesartisans.fr/services/metallier/dzaoudzi,22
https://servicesartisans.fr/services/metallier/faaa,22
https://servicesartisans.fr/services/nettoyage/macouria,22
https://servicesartisans.fr/services/solier/noumea,22
https://servicesartisans.fr/services/storiste/cayenne,22
https://servicesartisans.fr/services/vitrier/ducos,22
https://servicesartisans.fr/services/vitrier/la-possession,22
https://servicesartisans.fr/services/zingueur/kourou,22
https://servicesartisans.fr/tarifs/carreleur/faaa,22
https://servicesartisans.fr/tarifs/peintre-en-batiment/cayenne,22
https://servicesartisans.fr/urgence/electricien/papeete,22
https://servicesartisans.fr/urgence/plombier/les-abymes,22
https://servicesartisans.fr/urgence/plombier/saint-andre,22
https://servicesartisans.fr/villes/le-lamentin/ducos,22
https://servicesartisans.fr/villes/le-lamentin/fort-de-france,22
https://servicesartisans.fr/villes/le-lamentin/le-robert,22
https://servicesartisans.fr/avis/climaticien/faaa,21
https://servicesartisans.fr/avis/desinsectisation/les-abymes,21
https://servicesartisans.fr/avis/electricien/dzaoudzi,21
https://servicesartisans.fr/departements/guyane/antenniste,21
https://servicesartisans.fr/devis/chauffagiste/petit-bourg,21
https://servicesartisans.fr/devis/jardinier/faaa,21
https://servicesartisans.fr/devis/jardinier/mamoudzou,21
https://servicesartisans.fr/devis/nettoyage/noumea,21
https://servicesartisans.fr/devis/peintre-en-batiment/la-possession,21
https://servicesartisans.fr/devis/serrurier/pirae,21
https://servicesartisans.fr/devis/serrurier/riviere-salee,21
https://servicesartisans.fr/regions/nouvelle-caledonie/jardinier,21
https://servicesartisans.fr/regions/saint-barthelemy/menuisier,21
https://servicesartisans.fr/services/antenniste/faaa,21
https://servicesartisans.fr/services/ascensoriste/kourou,21
https://servicesartisans.fr/services/climaticien/kourou,21
https://servicesartisans.fr/services/cuisiniste/moorea-maiao,21
https://servicesartisans.fr/services/decorateur/noumea,21
https://servicesartisans.fr/services/desinsectisation/kourou,21
https://servicesartisans.fr/services/diagnostiqueur/faaa,21
https://servicesartisans.fr/services/domoticien/macouria,21
https://servicesartisans.fr/services/geometre/kourou,21
https://servicesartisans.fr/services/miroitier/faaa,21
https://servicesartisans.fr/services/miroitier/kourou,21
https://servicesartisans.fr/services/panneaux-solaires/riviere-salee,21
https://servicesartisans.fr/services/pisciniste/mamoudzou,21
https://servicesartisans.fr/services/vitrier/noumea,21
https://servicesartisans.fr/tarifs/chauffagiste/les-abymes,21
https://servicesartisans.fr/tarifs/menuisier/faaa,21
https://servicesartisans.fr/urgence/electricien/punaauia,21
https://servicesartisans.fr/villes/matoury/cayenne,21
https://servicesartisans.fr/villes/matoury/centre-ville,21
https://servicesartisans.fr/villes/matoury/macouria,21
https://servicesartisans.fr/villes/matoury/montsinery-tonnegrande,21
https://servicesartisans.fr/villes/matoury/remire-montjoly,21
https://servicesartisans.fr/villes/riviere-salee/les-trois-ilets,21
https://servicesartisans.fr/villes/riviere-salee/riviere-pilote,21
https://servicesartisans.fr/villes/riviere-salee/saint-esprit,21
https://servicesartisans.fr/avis/ascensoriste/les-abymes,20
https://servicesartisans.fr/avis/ascensoriste/mamoudzou,20
https://servicesartisans.fr/avis/cuisiniste/cayenne,20
https://servicesartisans.fr/avis/cuisiniste/matoury,20
https://servicesartisans.fr/avis/demenageur/baie-mahault,20
https://servicesartisans.fr/avis/deratisation/matoury,20
https://servicesartisans.fr/avis/desinsectisation/mamoudzou,20
https://servicesartisans.fr/avis/electricien/dembeni,20
https://servicesartisans.fr/avis/macon/noumea,20
https://servicesartisans.fr/avis/plombier/le-moule,20
https://servicesartisans.fr/avis/serrurier/macouria,20
https://servicesartisans.fr/avis/vitrier/koungou,20
https://servicesartisans.fr/departements/la-reunion/geometre,20
https://servicesartisans.fr/devis/carreleur/faaa,20
https://servicesartisans.fr/devis/cuisiniste/fort-de-france,20
https://servicesartisans.fr/devis/cuisiniste/mamoudzou,20
https://servicesartisans.fr/devis/electricien/les-avirons,20
https://servicesartisans.fr/devis/electricien/taiarapu-est,20
https://servicesartisans.fr/devis/jardinier/baie-mahault,20
https://servicesartisans.fr/devis/menuisier/dumbea,20
https://servicesartisans.fr/devis/serrurier/tsingoni,20
https://servicesartisans.fr/devis/zingueur/mamoudzou,20
https://servicesartisans.fr/services/alarme-securite/macouria,20
https://servicesartisans.fr/services/antenniste/bandraboua,20
https://servicesartisans.fr/services/antenniste/dembeni,20
https://servicesartisans.fr/services/antenniste/tsingoni,20
https://servicesartisans.fr/services/architecte-interieur/baie-mahault,20
https://servicesartisans.fr/services/chauffagiste/mtsamboro,20
https://servicesartisans.fr/services/cuisiniste/petit-bourg,20
https://servicesartisans.fr/services/decorateur/macouria,20
https://servicesartisans.fr/services/desinsectisation/les-abymes,20
https://servicesartisans.fr/services/facadier/remire-montjoly,20
https://servicesartisans.fr/services/ferronnier/dzaoudzi,20
https://servicesartisans.fr/services/ferronnier/remire-montjoly,20
https://servicesartisans.fr/services/geometre/faaa,20
https://servicesartisans.fr/services/jardinier/dumbea,20
https://servicesartisans.fr/services/miroitier/macouria,20
https://servicesartisans.fr/services/miroitier/petit-bourg,20
https://servicesartisans.fr/services/nettoyage/baie-mahault,20
https://servicesartisans.fr/services/pisciniste/macouria,20
https://servicesartisans.fr/services/ramoneur/baie-mahault,20
https://servicesartisans.fr/services/ramoneur/macouria,20
https://servicesartisans.fr/services/serrurier/bandrele,20
https://servicesartisans.fr/services/storiste/macouria,20
https://servicesartisans.fr/services/vitrier/bandrele,20
https://servicesartisans.fr/services/vitrier/le-tampon,20
https://servicesartisans.fr/services/zingueur/le-robert,20
https://servicesartisans.fr/services/zingueur/macouria,20
https://servicesartisans.fr/services/zingueur/riviere-pilote,20
https://servicesartisans.fr/tarifs/electricien/mahina,20
https://servicesartisans.fr/tarifs/facadier/tsingoni,20
https://servicesartisans.fr/tarifs/pompe-a-chaleur/papeete,20
https://servicesartisans.fr/tarifs/storiste/riviere-salee,20
https://servicesartisans.fr/urgence/chauffagiste/la-possession,20
https://servicesartisans.fr/urgence/electricien/matoury,20
https://servicesartisans.fr/urgence/serrurier/la-possession,20
https://servicesartisans.fr/villes/kourou/centre-ville,20
https://servicesartisans.fr/avis/carreleur/dumbea,19
https://servicesartisans.fr/avis/carreleur/mamoudzou,19
https://servicesartisans.fr/avis/cuisiniste/dumbea,19
https://servicesartisans.fr/avis/cuisiniste/noumea,19
https://servicesartisans.fr/avis/demenageur/le-moule,19
https://servicesartisans.fr/avis/deratisation/dzaoudzi,19
https://servicesartisans.fr/avis/deratisation/mamoudzou,19
https://servicesartisans.fr/avis/desinsectisation/dzaoudzi,19
https://servicesartisans.fr/avis/desinsectisation/moorea-maiao,19
https://servicesartisans.fr/avis/desinsectisation/papeete,19
https://servicesartisans.fr/avis/electricien/paita,19
https://servicesartisans.fr/avis/nettoyage/le-tampon,19
https://servicesartisans.fr/avis/nettoyage/noumea,19
https://servicesartisans.fr/avis/serrurier/kourou,19
https://servicesartisans.fr/avis/serrurier/punaauia,19
https://servicesartisans.fr/avis/vitrier/le-lamentin,19
https://servicesartisans.fr/avis/zingueur/les-abymes,19
https://servicesartisans.fr/departements/nouvelle-caledonie/carreleur,19
https://servicesartisans.fr/departements/nouvelle-caledonie/chauffagiste,19
https://servicesartisans.fr/devis/alarme-securite/baie-mahault,19
https://servicesartisans.fr/devis/climaticien/le-lamentin,19
https://servicesartisans.fr/devis/couvreur/dumbea,19
https://servicesartisans.fr/devis/couvreur/faaa,19
https://servicesartisans.fr/devis/couvreur/noumea,19
https://servicesartisans.fr/devis/cuisiniste/dumbea,19
https://servicesartisans.fr/devis/electricien/bandrele,19
https://servicesartisans.fr/devis/facadier/tsingoni,19
https://servicesartisans.fr/devis/nettoyage/petit-bourg,19
https://servicesartisans.fr/devis/poseur-de-parquet/papeete,19
https://servicesartisans.fr/devis/zingueur/faaa,19
https://servicesartisans.fr/services/carreleur/bras-panon/jean-christopher-clain-clain-carrelage-750138455,19
https://servicesartisans.fr/services/carreleur/saint-barthelemy,19
https://servicesartisans.fr/services/chauffagiste/saint-barthelemy,19
https://servicesartisans.fr/services/couvreur/lifou,19
https://servicesartisans.fr/services/deratisation/dumbea,19
https://servicesartisans.fr/services/deratisation/matoury,19
https://servicesartisans.fr/services/desinsectisation/macouria,19
https://servicesartisans.fr/services/diagnostiqueur/le-francois,19
https://servicesartisans.fr/services/diagnostiqueur/macouria,19
https://servicesartisans.fr/services/domoticien/dzaoudzi,19
https://servicesartisans.fr/services/etancheiste/le-lamentin,19
https://servicesartisans.fr/services/jardinier/saint-barthelemy,19
https://servicesartisans.fr/services/menuisier/saint-barthelemy,19
https://servicesartisans.fr/services/metallier/macouria,19
https://servicesartisans.fr/services/pisciniste/faaa,19
https://servicesartisans.fr/services/plombier/mtsamboro,19
https://servicesartisans.fr/services/ramoneur/faaa,19
https://servicesartisans.fr/services/serrurier/morne-a-l-eau,19
https://servicesartisans.fr/services/serrurier/papara,19
https://servicesartisans.fr/services/vitrier/petit-bourg,19
https://servicesartisans.fr/tarifs/carreleur/baie-mahault,19
https://servicesartisans.fr/tarifs/cuisiniste/dumbea,19
https://servicesartisans.fr/tarifs/serrurier/cayenne,19
https://servicesartisans.fr/tarifs/terrassier/faaa,19
https://servicesartisans.fr/urgence/macon/noumea,19
https://servicesartisans.fr/urgence/vitrier/baie-mahault,19
https://servicesartisans.fr/urgence/vitrier/mamoudzou,19
https://servicesartisans.fr/villes/baie-mahault/les-abymes,19
https://servicesartisans.fr/villes/baie-mahault/petit-bourg,19
https://servicesartisans.fr/avis/carreleur/papeete,18
https://servicesartisans.fr/avis/climaticien/noumea,18
https://servicesartisans.fr/avis/demenageur/le-francois,18
https://servicesartisans.fr/avis/geometre/mamoudzou,18
https://servicesartisans.fr/avis/jardinier/faaa,18
https://servicesartisans.fr/avis/nettoyage/punaauia,18
https://servicesartisans.fr/avis/plombier/remire-montjoly,18
https://servicesartisans.fr/avis/terrassier/faaa,18
https://servicesartisans.fr/departements/martinique/jardinier,18
https://servicesartisans.fr/departements/martinique/miroitier,18
https://servicesartisans.fr/devis/charpentier/cayenne,18
https://servicesartisans.fr/devis/charpentier/noumea,18
https://servicesartisans.fr/devis/cuisiniste/noumea,18
https://servicesartisans.fr/devis/deratisation/noumea,18
https://servicesartisans.fr/devis/desinsectisation/baie-mahault,18
https://servicesartisans.fr/devis/electricien/moorea-maiao,18
https://servicesartisans.fr/devis/electricien/saint-barthelemy,18
https://servicesartisans.fr/devis/jardinier/la-possession,18
https://servicesartisans.fr/devis/macon/dumbea,18
https://servicesartisans.fr/devis/serrurier/petit-bourg,18
https://servicesartisans.fr/problemes/infiltration-toiture/noumea,18
https://servicesartisans.fr/regions/nouvelle-caledonie/couvreur,18
https://servicesartisans.fr/services/architecte-interieur/faaa,18
https://servicesartisans.fr/services/architecte-interieur/macouria,18
https://servicesartisans.fr/services/deratisation/baie-mahault,18
https://servicesartisans.fr/services/deratisation/les-abymes,18
https://servicesartisans.fr/services/diagnostiqueur/matoury,18
https://servicesartisans.fr/services/domoticien/remire-montjoly,18
https://servicesartisans.fr/services/jardinier/lifou,18
https://servicesartisans.fr/services/panneaux-solaires/faaa,18
https://servicesartisans.fr/services/peintre-en-batiment/mtsamboro,18
https://servicesartisans.fr/services/pisciniste/noumea,18
https://servicesartisans.fr/services/pisciniste/pirae,18
https://servicesartisans.fr/services/ramoneur/la-possession,18
https://servicesartisans.fr/services/serrurier/saint-barthelemy,18
https://servicesartisans.fr/services/storiste/remire-montjoly,18
https://servicesartisans.fr/services/vitrier/le-moule,18
https://servicesartisans.fr/tarifs/electricien/punaauia,18
https://servicesartisans.fr/tarifs/facadier/faaa,18
https://servicesartisans.fr/tarifs/menuisier/la-possession,18
https://servicesartisans.fr/tarifs/nettoyage/mantes-la-jolie/remise-en-etat-apres-sinistre,18
https://servicesartisans.fr/tarifs/nettoyage/noumea,18
https://servicesartisans.fr/tarifs/pompe-a-chaleur/noumea,18
https://servicesartisans.fr/tarifs/serrurier/mahina,18
https://servicesartisans.fr/tarifs/zingueur/mamoudzou,18
https://servicesartisans.fr/urgence/menuisier/faaa,18
https://servicesartisans.fr/urgence/menuisier/la-possession,18
https://servicesartisans.fr/urgence/plombier/moorea-maiao,18
https://servicesartisans.fr/urgence/zingueur/mamoudzou,18
https://servicesartisans.fr/villes/baie-mahault/morne-a-l-eau,18
https://servicesartisans.fr/villes/cayenne/macouria,18
https://servicesartisans.fr/villes/cayenne/matoury,18
https://servicesartisans.fr/villes/cayenne/montsinery-tonnegrande,18
https://servicesartisans.fr/villes/cayenne/remire-montjoly,18
https://servicesartisans.fr/avis/carreleur/punaauia,17
https://servicesartisans.fr/avis/deratisation/papeete,17
https://servicesartisans.fr/avis/electricien/bandraboua,17
https://servicesartisans.fr/avis/jardinier/noumea,17
https://servicesartisans.fr/avis/menuisier/papeete,17
https://servicesartisans.fr/avis/nettoyage/papeete,17
https://servicesartisans.fr/avis/peintre-en-batiment/noumea,17
https://servicesartisans.fr/avis/peintre-en-batiment/papeete,17
https://servicesartisans.fr/departements/guyane/cuisiniste,17
https://servicesartisans.fr/devis/carreleur/le-lamentin,17
https://servicesartisans.fr/devis/charpentier/dumbea,17
https://servicesartisans.fr/devis/decorateur/faaa,17
https://servicesartisans.fr/devis/desinsectisation/mamoudzou,17
https://servicesartisans.fr/devis/jardinier/noumea,17
https://servicesartisans.fr/devis/jardinier/papeete,17
https://servicesartisans.fr/devis/salle-de-bain/faaa,17
https://servicesartisans.fr/devis/serrurier/papeete,17
https://servicesartisans.fr/problemes/fuite-eau/faaa,17
https://servicesartisans.fr/regions/mayotte/vitrier,17
https://servicesartisans.fr/regions/nouvelle-caledonie/serrurier,17
https://servicesartisans.fr/regions/saint-barthelemy/peintre-en-batiment,17
https://servicesartisans.fr/services/architecte-interieur/punaauia,17
https://servicesartisans.fr/services/ascensoriste/macouria,17
https://servicesartisans.fr/services/ascensoriste/matoury,17
https://servicesartisans.fr/services/couvreur/vanves/les-couvreurs-d-elite-983449554,17
https://servicesartisans.fr/services/deratisation/papara,17
https://servicesartisans.fr/services/diagnostiqueur/noumea,17
https://servicesartisans.fr/services/isolation-thermique/matoury,17
https://servicesartisans.fr/services/miroitier/dumbea,17
https://servicesartisans.fr/services/miroitier/noumea,17
https://servicesartisans.fr/services/peintre-en-batiment/paea,17
https://servicesartisans.fr/services/pompe-a-chaleur/paita,17
https://servicesartisans.fr/services/ramoneur/noumea,17
https://servicesartisans.fr/services/vitrier/punaauia,17
https://servicesartisans.fr/tarifs/couvreur/noumea,17
https://servicesartisans.fr/tarifs/cuisiniste/matoury,17
https://servicesartisans.fr/tarifs/cuisiniste/noumea,17
https://servicesartisans.fr/tarifs/electricien/lifou,17
https://servicesartisans.fr/tarifs/electricien/moorea-maiao,17
https://servicesartisans.fr/tarifs/poseur-de-parquet/faaa,17
https://servicesartisans.fr/tarifs/serrurier/taiarapu-est,17
https://servicesartisans.fr/tarifs/solier/faaa,17
https://servicesartisans.fr/urgence/carreleur/matoury,17
https://servicesartisans.fr/urgence/electricien/mahina,17
https://servicesartisans.fr/urgence/menuisier/mamoudzou,17
https://servicesartisans.fr/urgence/menuisier/noumea,17
https://servicesartisans.fr/urgence/platrier/papeete,17
https://servicesartisans.fr/urgence/plombier/mahina,17
https://servicesartisans.fr/urgence/plombier/riviere-salee,17
https://servicesartisans.fr/urgence/zingueur/faaa,17
https://servicesartisans.fr/avis/carreleur/noumea,16
https://servicesartisans.fr/avis/chauffagiste/les-trois-bassins,16
https://servicesartisans.fr/avis/climaticien/dumbea,16
https://servicesartisans.fr/avis/decorateur/faaa,16
https://servicesartisans.fr/avis/deratisation/tsingoni,16
https://servicesartisans.fr/avis/electricien/le-francois,16
https://servicesartisans.fr/avis/jardinier/cayenne,16
https://servicesartisans.fr/avis/jardinier/papeete,16
https://servicesartisans.fr/avis/plombier/paita,16
https://servicesartisans.fr/avis/serrurier/remire-montjoly,16
https://servicesartisans.fr/avis/terrassier/noumea,16
https://servicesartisans.fr/avis/vitrier/dembeni,16
https://servicesartisans.fr/avis/vitrier/dumbea,16
https://servicesartisans.fr/avis/vitrier/le-gosier,16
https://servicesartisans.fr/departements/martinique/climaticien,16
https://servicesartisans.fr/departements/mayotte/decorateur,16
https://servicesartisans.fr/departements/mayotte/solier,16
https://servicesartisans.fr/departements/mayotte/vitrier,16
https://servicesartisans.fr/departements/nouvelle-caledonie/facadier,16
https://servicesartisans.fr/departements/nouvelle-caledonie/serrurier,16
https://servicesartisans.fr/devis/alarme-securite/mamoudzou,16
https://servicesartisans.fr/devis/alarme-securite/pirae,16
https://servicesartisans.fr/devis/carreleur/baie-mahault,16
https://servicesartisans.fr/devis/carreleur/dumbea,16
https://servicesartisans.fr/devis/charpentier/faaa,16
https://servicesartisans.fr/devis/climaticien/baie-mahault,16
https://servicesartisans.fr/devis/climaticien/noumea,16
https://servicesartisans.fr/devis/cuisiniste/cayenne,16
https://servicesartisans.fr/devis/cuisiniste/matoury,16
https://servicesartisans.fr/devis/domoticien/baie-mahault,16
https://servicesartisans.fr/devis/electricien/morne-a-l-eau,16
https://servicesartisans.fr/devis/jardinier/cayenne,16
https://servicesartisans.fr/devis/zingueur/cayenne,16
https://servicesartisans.fr/problemes/fuite-eau/dumbea,16
https://servicesartisans.fr/problemes/fuite-eau/noumea,16
https://servicesartisans.fr/problemes/panne-chaudiere/noumea,16
https://servicesartisans.fr/services/antenniste/la-possession,16
https://servicesartisans.fr/services/architecte-interieur/noumea,16
https://servicesartisans.fr/services/ascensoriste/faaa,16
https://servicesartisans.fr/services/carreleur/lifou,16
https://servicesartisans.fr/services/demenageur/les-abymes,16
https://servicesartisans.fr/services/demenageur/macouria,16
https://servicesartisans.fr/services/etancheiste/matoury,16
https://servicesartisans.fr/services/facadier/riviere-pilote,16
https://servicesartisans.fr/services/isolation-thermique/macouria,16
https://servicesartisans.fr/services/pisciniste/dumbea,16
https://servicesartisans.fr/services/vitrier/remire-montjoly,16
https://servicesartisans.fr/tarifs/alarme-securite/cayenne,16
https://servicesartisans.fr/tarifs/carreleur/noumea,16
https://servicesartisans.fr/tarifs/deratisation/baie-mahault,16
https://servicesartisans.fr/tarifs/jardinier/dumbea,16
https://servicesartisans.fr/tarifs/ramoneur/mamoudzou,16
https://servicesartisans.fr/tarifs/serrurier/moorea-maiao,16
https://servicesartisans.fr/tarifs/vitrier/baie-mahault,16
https://servicesartisans.fr/tarifs/vitrier/mamoudzou,16
https://servicesartisans.fr/urgence/couvreur/faaa,16
https://servicesartisans.fr/urgence/plombier/bandraboua,16
https://servicesartisans.fr/urgence/serrurier/moorea-maiao,16
https://servicesartisans.fr/urgence/vitrier/le-lamentin,16
https://servicesartisans.fr/villes/mamoudzou/dembeni,16
https://servicesartisans.fr/villes/mamoudzou/dzaoudzi,16
https://servicesartisans.fr/villes/mamoudzou/tsingoni,16
https://servicesartisans.fr/avis/antenniste/cayenne,15
https://servicesartisans.fr/avis/chauffagiste/kourou,15
https://servicesartisans.fr/avis/cuisiniste/pirae,15
https://servicesartisans.fr/avis/demenageur/faaa,15
https://servicesartisans.fr/avis/demenageur/mamoudzou,15
https://servicesartisans.fr/avis/demenageur/matoury,15
https://servicesartisans.fr/avis/desinsectisation/bandraboua,15
https://servicesartisans.fr/avis/geometre/tsingoni,15
https://servicesartisans.fr/avis/serrurier/paita,15
https://servicesartisans.fr/avis/vitrier/fort-de-france,15
https://servicesartisans.fr/avis/vitrier/noumea,15
https://servicesartisans.fr/departements/guadeloupe/desinsectisation,15
https://servicesartisans.fr/departements/martinique/antenniste,15
https://servicesartisans.fr/departements/mayotte/facadier,15
https://servicesartisans.fr/departements/mayotte/terrassier,15
https://servicesartisans.fr/departements/nouvelle-caledonie/platrier,15
https://servicesartisans.fr/departements/nouvelle-caledonie/storiste,15
https://servicesartisans.fr/devis/architecte-interieur/cayenne,15
https://servicesartisans.fr/devis/carreleur/matoury,15
https://servicesartisans.fr/devis/climaticien/faaa,15
https://servicesartisans.fr/devis/cuisiniste/baie-mahault,15
https://servicesartisans.fr/devis/jardinier/taiarapu-est,15
https://servicesartisans.fr/devis/pompe-a-chaleur/dumbea,15
https://servicesartisans.fr/devis/pompe-a-chaleur/noumea,15
https://servicesartisans.fr/devis/poseur-de-parquet/mahina,15
https://servicesartisans.fr/devis/serrurier/dembeni,15
https://servicesartisans.fr/devis/terrassier/faaa,15
https://servicesartisans.fr/devis/terrassier/noumea,15
https://servicesartisans.fr/devis/vitrier/faaa,15
https://servicesartisans.fr/devis/vitrier/le-lamentin,15
https://servicesartisans.fr/devis/zingueur/dumbea,15
https://servicesartisans.fr/regions/guyane/antenniste,15
https://servicesartisans.fr/services/architecte-interieur/dumbea,15
https://servicesartisans.fr/services/demenageur/faaa,15
https://servicesartisans.fr/services/desinsectisation/le-moule,15
https://servicesartisans.fr/services/desinsectisation/noumea,15
https://servicesartisans.fr/services/desinsectisation/paita,15
https://servicesartisans.fr/services/electricien/bandrele/dembeni,15
https://servicesartisans.fr/services/electricien/mamoudzou/dembeni,15
https://servicesartisans.fr/services/electricien/matoury/cayenne,15
https://servicesartisans.fr/services/etancheiste/kourou,15
https://servicesartisans.fr/services/ferronnier/dumbea,15
https://servicesartisans.fr/services/ferronnier/punaauia,15
https://servicesartisans.fr/services/miroitier/la-possession,15
https://servicesartisans.fr/services/panneaux-solaires/dumbea,15
https://servicesartisans.fr/services/ramoneur/le-lamentin,15
https://servicesartisans.fr/services/serrurier/apatou,15
https://servicesartisans.fr/services/serrurier/mtsamboro,15
https://servicesartisans.fr/tarifs/carreleur/cayenne,15
https://servicesartisans.fr/tarifs/chauffagiste/les-trois-bassins,15
https://servicesartisans.fr/tarifs/demenageur/la-possession,15
https://servicesartisans.fr/tarifs/deratisation/les-abymes,15
https://servicesartisans.fr/tarifs/etancheiste/faaa,15
https://servicesartisans.fr/tarifs/menuisier/cayenne,15
https://servicesartisans.fr/tarifs/pompe-a-chaleur/faaa,15
https://servicesartisans.fr/tarifs/poseur-de-parquet/noumea,15
https://servicesartisans.fr/urgence/carreleur/dumbea,15
https://servicesartisans.fr/urgence/cuisiniste/matoury,15
https://servicesartisans.fr/urgence/electricien/dzaoudzi,15
https://servicesartisans.fr/urgence/menuisier/matoury,15
https://servicesartisans.fr/urgence/serrurier/bandraboua,15
https://servicesartisans.fr/urgence/serrurier/punaauia,15
https://servicesartisans.fr/urgence/serrurier/riviere-pilote,15
https://servicesartisans.fr/villes/bandrele/boueni,15
https://servicesartisans.fr/villes/bandrele/centre-ville,15
https://servicesartisans.fr/villes/bandrele/chirongui,15
https://servicesartisans.fr/villes/bandrele/dembeni,15
https://servicesartisans.fr/villes/bandrele/kani-keli,15
https://servicesartisans.fr/villes/bandrele/ouangani,15
https://servicesartisans.fr/villes/bandrele/sada,15
https://servicesartisans.fr/villes/fort-de-france/le-lamentin,15
https://servicesartisans.fr/villes/le-francois/le-vauclin,15
https://servicesartisans.fr/villes/le-francois/saint-esprit,15
https://servicesartisans.fr/villes/mamoudzou/centre-ville,15
https://servicesartisans.fr/villes/mamoudzou/ouangani,15
https://servicesartisans.fr/villes/mamoudzou/pamandzi,15
https://servicesartisans.fr/villes/remire-montjoly/cayenne,15
https://servicesartisans.fr/villes/remire-montjoly/matoury,15
https://servicesartisans.fr/villes/saint-pierre/l-etang-sale,15
https://servicesartisans.fr/villes/saint-pierre/petite-ile,15
https://servicesartisans.fr/avis/nettoyage/paita,14
https://servicesartisans.fr/avis/solier/papeete,14
https://servicesartisans.fr/departements/mayotte/pompe-a-chaleur,14
https://servicesartisans.fr/departements/nouvelle-caledonie/alarme-securite,14
https://servicesartisans.fr/departements/saint-barthelemy/electricien,14
https://servicesartisans.fr/devis/chauffagiste/apatou,14
https://servicesartisans.fr/devis/cuisiniste/le-lamentin,14
https://servicesartisans.fr/devis/facadier/faaa,14
https://servicesartisans.fr/devis/nettoyage/macouria,14
https://servicesartisans.fr/devis/nettoyage/ouangani,14
https://servicesartisans.fr/devis/poseur-de-parquet/faaa,14
https://servicesartisans.fr/devis/solier/matoury,14
https://servicesartisans.fr/regions/nouvelle-caledonie/facadier,14
https://servicesartisans.fr/services/borne-recharge/dumbea,14
https://servicesartisans.fr/services/electricien/mamoudzou/tsingoni,14
https://servicesartisans.fr/services/electricien/saint-laurent-du-maroni/apatou,14
https://servicesartisans.fr/services/facadier/bandrele/boueni,14
https://servicesartisans.fr/tarifs/alarme-securite/pirae,14
https://servicesartisans.fr/tarifs/antenniste/faaa,14
https://servicesartisans.fr/tarifs/isolation-thermique/faaa,14
https://servicesartisans.fr/tarifs/metallier/riviere-salee,14
https://servicesartisans.fr/tarifs/platrier/faaa,14
https://servicesartisans.fr/urgence/jardinier/faaa,14
https://servicesartisans.fr/urgence/zingueur/noumea,14
https://servicesartisans.fr/villes/faaa/mahina,14
https://servicesartisans.fr/villes/faaa/papara,14
https://servicesartisans.fr/villes/faaa/papeete,14
https://servicesartisans.fr/villes/la-possession/le-port,14
