"﻿""Referring page title""",Referring page URL,Language,Platform,Referring page HTTP code,Domain rating,UR,Domain traffic,Referring domains,Linked domains,External links,Page traffic,Keywords,Target URL,Left context,Anchor,Right context,Redirect Chain URLs,Redirect Chain status codes,Type,Is spam,Content,Nofollow,UGC,Sponsored,Rendered,Raw,Lost status,Drop reason,Discovered status,First seen,Last seen,Lost,Author,Page type,Page category,Links in group
☎️ Mr Dominique Atexide architecte à 97111 Morne à l'Eau,https://www.keskeces.fr/architecte/dominique-atexide-97111-morne-a-l-eau.html,fr,,200,24,4.5,9075,0,4,20,0,0,https://servicesartisans.fr/services/architecte-interieur/les-abymes/petit-canal,,https://servicesartisans.fr/services/architecte-interieur/les-abymes/petit-canal,,,,text,false,true,true,false,false,false,true,,,linkfound,2026-03-18 11:58:44,2026-04-14 20:51:54,,,,,1
Boost Your SEO Performance and Rank #1 on Google with Powerful Premium Backlinks Discover the Secret to Google Ranking Success with Quality Premium Backlinks – Premium SEO Solutions | Rank #1 on Google Using 2026's Latest Updates,https://primeseo.xyz/the-best-way-to-improve-your-google-ranking-using-trusted-premium-backlinks-for-faster-seo-growth-4503-2/,en,wordpress,200,72,0,0,20,3627,4096,0,0,https://servicesartisans.fr/,,"Rank Higher on Google with Premium Backlinks and Proven SEO Strategies servicesartisans.fr provides powerful link-building services, including guest posts, high-authority backlinks, and safe PBN campaigns that deliver real, long-term ranking growth, improved visibility, and consistent website traffic.",,,,text,true,false,true,false,false,false,true,,,pagefound,2026-02-08 10:24:17,2026-04-18 01:16:04,,,Article > Guide,Internet > Web services > SEO and marketing,1
e5c28efe73215aacab8c600432bc66e2 – QHTYCW,https://qhtycw.com/e5c28efe73215aacab8c600432bc66e2/,en,wordpress,301,37,0,0,0,9094,9571,0,0,https://servicesartisans.fr/,,servicesartisans.fr,,,,text,true,true,false,false,false,false,true,pageredirected,,pagefound,2025-12-24 03:56:15,2026-02-09 05:04:31,2026-03-23 21:36:03,,,,1
👲 Domain Report 👲,https://bye.fyi/report/41541,en,,200,53,0,0,0,3686,4090,0,0,https://servicesartisans.fr/,go,servicesartisans.fr,&nbsp,,,text,true,true,true,false,false,false,true,,,linkrestored,2026-01-01 23:59:23,2026-03-08 06:34:57,,,Site page > Services,Internet > Web services > Development,1
Where to buy 🚀 aged domains and backlinks 🔥 from all-aged-domains | 1142-4900,https://way2check.cv/page-1142bd49e002eb3dc466eb86802b5d5e.html,en,wordpress,200,3.4,0,0,0,9987,9997,0,0,https://servicesartisans.fr/,servicesart.com.co servicesartisan.fr,servicesartisans.fr,servicesartstorefronts.shop servicesartstorefronts.top,,,text,true,false,false,false,false,false,true,,,linkfound,2026-01-29 21:56:32,2026-04-13 00:30:42,,,Site page > Services,Internet > Web services > SEO and marketing,1
"Rank on Page One, Faster — Contextual Dofollow Links Google Values (Update-Safe, DR/DA/TF Up) – seoagency",https://seoagency.sale/2hmgrgt-rank-on-page-1-with-seo-and-backlinks/,en,wordpress,200,50,0,0,0,8237,9369,0,0,https://servicesartisans.fr/,,servicesartisans.fr — SEO boost: all‑niche guest posts; authority gains. | Visit Buyseolink.com for any Query,,,,text,true,false,true,false,false,false,true,,,pagefound,2025-10-21 17:27:09,2026-04-10 04:33:08,,,Article > Guide,Internet > Web services > SEO and marketing,1
"SEO improves website visibility, drives organic traffic, increases authority (DR, DA, TF), boosts rankings, and generates long-term sustainable business growth online.",https://technomarkethq.shop/seo-improves-website-visibility-drives-organic-traffic-increases-authority-dr-da-tf-boosts-rankings-and-generates-long-term-sustainable-business-growth-online-k5k21stpsf/,en,wordpress,200,9,0,0,0,3128,3503,0,0,https://servicesartisans.fr/,,servicesartisans.fr,,,,text,true,false,true,false,false,false,true,,,linkfound,2026-04-07 18:51:55,2026-04-14 09:17:14,,,,,1
Where to buy 🚀 aged domains and backlinks 🔥 from www.egyptiandirectory.com | 1142-4900,https://www.egyptiandirectory.com/page-1142bd49e002eb3dc466eb86802b5d5e.html,en,wordpress,200,4.6,0,0,0,9987,9997,0,0,https://servicesartisans.fr/,servicesart.com.co servicesartisan.fr,servicesartisans.fr,servicesartstorefronts.shop servicesartstorefronts.top,,,text,true,false,false,false,false,false,true,,,linkfound,2026-03-26 02:18:45,2026-03-26 02:18:45,,,Site page > Services,Internet > Web services > SEO and marketing,1
Where to buy 🚀 aged domains and backlinks 🔥 from www.linksnatcher.com | 1142-4900,https://www.linksnatcher.com/page-1142bd49e002eb3dc466eb86802b5d5e.html,en,wordpress,200,0.9,0,0,0,9987,9997,0,0,https://servicesartisans.fr/,servicesart.com.co servicesartisan.fr,servicesartisans.fr,servicesartstorefronts.shop servicesartstorefronts.top,,,text,true,false,false,false,false,false,true,,,linkfound,2026-03-22 11:20:02,2026-03-22 11:20:02,,,Site page > Services,Internet > Web services > SEO and marketing,1
Where to buy 🚀 aged domains and backlinks 🔥 | 7918-4823,https://runningwebsites.net/79d184f8234e6a25b08b38e222bff8f8-l/,en,wordpress,200,1.5,0,0,0,9085,9527,0,0,https://servicesartisans.fr/,serviceartisan.com serviceartisan.fr,serviceartisans.fr,serviceartistry.co serviceartpstudio.pl,https://serviceartisans.fr/,301,text,true,false,false,false,false,false,true,,,linkfound,2026-01-31 11:54:18,2026-01-31 11:54:18,,,Listing > Product,Internet > Web services > SEO and marketing,1
✅ Website Stats 📊,https://creativeposts.top/stats/41541,en,,200,50,0,0,0,3687,4085,0,0,https://servicesartisans.fr/,go,servicesartisans.fr,&nbsp,,,text,true,true,true,false,false,false,true,,,linkfound,2025-12-23 23:56:12,2026-02-12 14:27:45,,,Listing collection > Business,Internet > Web services > Analytics; Business; Reference,1
"I Recall Being Frustrated with Zero Growth on My Blog and No Clue About SEO Strategies. Thanks to ITXoft.com, I Learned Affordable Techniques That Took Me from Page Eight to Page Two for Keywords! Suddenly Impressions Quadrupled – Best Investment Ever and Worth Every Penny! Highly Recommended for New Bloggers ★★★★★ 📈",https://itxoft-reliable-seo-services.site/i-recall-being-frustrated-with-zero-growth-on-my-blog-and-no-clue-about-seo-strategies-thanks-to-itxoft-i-learned-affordable-techniques-that-took-me-from-page-eight-to-page-two-for-keywords-suddenly-i/,en,wordpress,200,76,0,0,0,5203,5704,0,0,https://servicesartisans.fr/,,"Back when I first started servicesartisans.fr, I thought great SEO came at a high price until I found ITXoft.com. They offered targeted guest posting that didn’t break the bank but changed everything for me in just six weeks! My DA jumped from 10 to an astonishing DA 38 and organic traffic grew by over 200%! Trust me; you have to visit ITXoft.com if you want real results 🔥",,,,text,true,true,true,false,false,false,true,,,pagefound,2026-03-20 22:12:26,2026-04-14 01:09:32,,,Article > Story,Internet > Web services > SEO and marketing; Business > Marketing > Marketing,1
Where to buy 🚀 aged domains and backlinks 🔥 from kompromat100 | 4427-2505,https://kompromat100.info/dom-id-b4427c250c547682efe167bb46c4bb5b.html,en,wordpress,0,24,0,0,0,6626,6899,0,0,https://servicesartisans.fr/,servicesart.com.co servicesartisan.fr,servicesartisans.fr,servicesartstorefronts.shop servicesartstorefronts.top,,,text,true,false,false,false,false,false,true,,tooold,linkfound,2025-07-16 22:49:02,2025-07-16 22:49:02,2026-03-18 17:13:33,,,,1
"Before I Found SEOExpress.org, I Spent Too Much on Expensive SEO Services That Promised Results but Ended Up Failing me — Wasting Money and Killing my Confidence. On a Tight Budget, A Colleague Suggested SEOExpress.org for Quality Backlinks at an Affordable Price. In Less Than Three Months, My Site Ranks Jumped From Page Eight to Top Three! Incredible Value ★★★★★ 🔥 — Rent A Shop",https://rent-a-shop.shop/before-i-found-seoexpress-i-spent-too-much-on-expensive-seo-services-that-promised-results-but-failed-to-deliver-losing-me-money-and-confidence-in-marketing-on-a-tight-budget-one,en,,200,0,0,0,0,5192,5898,0,0,https://servicesartisans.fr/,,"Honestly, before discovering SEOExpress.org, I'd tried several pricey agencies that left me disappointed while managing servicesartisans.fr's marketing efforts. Their content marketing strategy worked wonders; not only did our revenue double in three months but we also gained visibility for over twenty keywords on page one! If you're frustrated like I was with other options—SEOExpress.org is the ...",,,,text,false,true,true,false,false,false,true,,,linkfound,2026-04-17 08:39:06,2026-04-17 08:39:06,,,Article > Review,Internet > Web services > SEO and marketing; Business > Marketing > Marketing,1
✅ Website Stats 📊,https://analyticshaven.top/stats/41541,en,,200,50,0,0,0,3682,4075,0,0,https://servicesartisans.fr/,go,servicesartisans.fr,&nbsp,,,text,true,true,true,false,false,false,true,,,linkfound,2026-04-16 18:01:39,2026-04-16 18:01:39,,,Listing collection > Business,Internet > Web services > Analytics; Business; Reference,1
Where to buy 🚀 aged domains and backlinks 🔥 from www.bestwebstats.com | 1142-4900,https://www.bestwebstats.com/page-1142bd49e002eb3dc466eb86802b5d5e.html,en,wordpress,200,1.8,0,0,0,9986,9996,0,0,https://servicesartisans.fr/,servicesart.com.co servicesartisan.fr,servicesartisans.fr,servicesartstorefronts.shop servicesartstorefronts.top,,,text,true,false,false,false,false,false,true,,,linkfound,2026-03-10 02:23:44,2026-03-10 02:23:44,,,Site page > Services,Internet > Web services > SEO and marketing,1
Where to buy 🚀 aged domains and backlinks 🔥 | 7918-4823,https://pagesearch.net/79d184f8234e6a25b08b38e222bff8f8-l/,en,wordpress,200,3,0,0,0,9097,9542,0,0,https://servicesartisans.fr/,serviceartisan.com serviceartisan.fr,serviceartisans.fr,serviceartistry.co serviceartpstudio.pl,https://serviceartisans.fr/,301,text,true,false,false,false,false,false,true,,,linkfound,2026-02-19 20:54:42,2026-02-19 20:54:42,,,Listing > Product,Internet > Web services > SEO and marketing,1
Google Ranking Booster: Manual Work: Ahrefs DR + MOZ DA+Pbn Backlinks Visit SeoBoost.agency – rankongoogle.agency,https://rankongoogle.agency/pl5jnog-google-ranking-lift-traffic-with-contextual-seo-backlinks/,en,wordpress,200,33,0,0,1,8333,9484,0,0,https://servicesartisans.fr/,,guest posts whitehat traffic servicesartisans.fr Google ranking upto 6x | Seoboost.agency World no 1 Seo Agency,,,,text,true,false,true,false,false,true,true,,,linkfound,2026-01-06 18:20:29,2026-03-05 17:48:28,,,Article > Guide,Internet > Web services > SEO and marketing,1
Pflege von Grünanlagen: Preise und Tarife 2026 zum Kennenlernen | Artisan du Vert,https://artisanduvert.fr/blog/pflege-von-gruenanlagen-preise,"de, fr",,200,18,0,3,0,1,1,0,0,https://servicesartisans.fr/blog/prix-jardinier-paysagiste-2026,"genaue Kostenschätzung sehen Sie auch die detaillierten, aktuellen Preise unter",Services Artisans - Preise Gärtner Landschaftsgärtner 2026,.,,,text,false,true,true,false,false,false,true,,,pagefound,2026-03-20 13:55:33,2026-04-15 11:24:32,,,,,1
79d184f8234e6a25b08b38e222bff8f8 – site scoop online,https://sitescooponline.com/79d184f8234e6a25b08b38e222bff8f8/,en,wordpress,200,33,0,0,0,9081,9520,0,0,https://servicesartisans.fr/,,serviceartisans.fr,,https://serviceartisans.fr/,301,text,true,true,false,false,false,false,true,,,linkfound,2025-12-28 15:57:05,2026-01-26 02:42:15,,,Article,Home > Domestic; Business,1
Where to buy 🚀 aged domains and backlinks 🔥 | 7918-4823,https://getwebsiteworth.com/79d184f8234e6a25b08b38e222bff8f8-l/,en,wordpress,200,19,0,0,0,9099,9536,0,0,https://servicesartisans.fr/,serviceartisan.com serviceartisan.fr,serviceartisans.fr,serviceartistry.co serviceartpstudio.pl,https://serviceartisans.fr/,301,text,true,false,false,false,false,false,true,,,linkfound,2026-01-10 19:53:26,2026-03-03 12:47:41,,,,,2
❤️ URL Shared ❤️,https://sites.bounceme.net/share/41541,en,,200,55,0,217,0,3560,3730,0,0,https://servicesartisans.fr/,go,servicesartisans.fr,&nbsp,,,text,false,true,true,false,false,false,true,,,pagefound,2025-12-14 17:00:37,2025-12-14 17:00:37,,,Listing collection > Business,Internet > Web services > Development; Reference > Listings > Business; Communities; Society; Business,1
Where to buy 🚀 aged domains and backlinks 🔥 | 5287-3215,https://pagesearch.net/e5c28efe73215aacab8c600432bc66e2-l/,en,wordpress,200,3,0,0,0,9134,9615,0,0,https://servicesartisans.fr/,servicesart.com.co servicesartisan.fr,servicesartisans.fr,servicesartstorefronts.shop servicesartstorefronts.top,,,text,true,false,false,false,false,false,true,,,linkfound,2026-02-19 05:06:12,2026-02-19 05:06:12,,,Listing > Product,Internet > Web services > SEO and marketing,1
Mantenimiento de espacios verdes: precios y tarifas 2026 que debes conocer | Artisan du Vert,https://artisanduvert.fr/blog/mantenimiento-espacios-verdes-precios,"es, fr",,200,18,0,3,0,1,1,0,0,https://servicesartisans.fr/blog/prix-jardinier-paysagiste-2026,"estimación precisa, también consulta las tarifas detalladas y actualizadas en",Services Artisans - Precios Jardinero Paisajista 2026,.,,,text,false,true,true,false,false,false,true,,,pagefound,2026-03-20 14:15:41,2026-04-15 15:35:50,,,,,1
👲 Domain Report 👲,https://quero.party/report/41540,en,,200,53,0,0,0,3687,4083,0,0,https://servicesartisans.fr/,go,servicesartisans.fr,&nbsp,,,text,true,true,true,false,false,false,true,,,pagefound,2026-02-03 04:36:17,2026-04-04 19:57:58,,,Site page > Services,Internet > Web services > Development,2
Where to buy 🚀 aged domains and backlinks 🔥 | 5287-3215,https://runningwebsites.net/e5c28efe73215aacab8c600432bc66e2-l/,en,wordpress,200,1.5,0,0,0,9096,9579,0,0,https://servicesartisans.fr/,servicesart.com.co servicesartisan.fr,servicesartisans.fr,servicesartstorefronts.shop servicesartstorefronts.top,,,text,true,false,false,false,false,false,true,,,linkfound,2026-02-01 05:00:54,2026-02-01 05:00:54,,,Listing > Product,Internet > Web services > SEO and marketing,1
Profils pour <!-- -->electricien<!-- --> à <!-- -->courbevoie,https://mon-expert.online/annuaire/courbevoie/electricien,en,,200,0,0,0,0,32,36,0,0,https://servicesartisans.fr/,,servicesartisansservicesartisans.fr+33 6 23 44 86 03Découvrir le profil,,,,text,false,false,true,false,false,false,true,,,pagefound,2025-04-03 05:33:57,2025-12-05 11:36:24,,,,,2
e5c28efe73215aacab8c600432bc66e2 – HZDLPQ,https://hzdlpq.com/e5c28efe73215aacab8c600432bc66e2/,en,wordpress,301,37,0,0,0,9094,9569,0,0,https://servicesartisans.fr/,,servicesartisans.fr,,,,text,true,true,false,false,false,false,true,pageredirected,,pagefound,2026-01-09 18:05:28,2026-02-09 10:29:41,2026-04-04 00:22:23,,,,1
"SEO improves website visibility, drives organic traffic, increases authority (DR, DA, TF), boosts rankings, and generates long-term sustainable business growth online.",https://cybertoolbox.shop/seo-improves-website-visibility-drives-organic-traffic-increases-authority-dr-da-tf-boosts-rankings-and-generates-long-term-sustainable-business-growth-online-f6kao3s7i1/,en,wordpress,200,9,0,0,0,3123,3499,0,0,https://servicesartisans.fr/,,servicesartisans.fr,,,,text,true,false,true,false,false,false,true,,,linkfound,2026-04-07 16:30:18,2026-04-14 09:17:45,,,,,2
Where to buy 🚀 aged domains and backlinks 🔥 from indians.cc | 1142-4900,https://indians.cc/page-1142bd49e002eb3dc466eb86802b5d5e.html,en,wordpress,200,1.7,0,0,0,9987,9997,0,0,https://servicesartisans.fr/,servicesart.com.co servicesartisan.fr,servicesartisans.fr,servicesartstorefronts.shop servicesartstorefronts.top,,,text,true,false,false,false,false,false,true,,,linkfound,2026-02-27 06:47:25,2026-02-27 06:47:25,,,,,1
"SEO improves website visibility, drives organic traffic, increases authority (DR, DA, TF), boosts rankings, and generates long-term sustainable business growth online.",https://digitalgearshop.shop/seo-improves-website-visibility-drives-organic-traffic-increases-authority-dr-da-tf-boosts-rankings-and-generates-long-term-sustainable-business-growth-online-cgzj7zgrg5/,en,wordpress,200,9,0,0,0,3123,3499,0,0,https://servicesartisans.fr/,,servicesartisans.fr,,,,text,true,false,true,false,false,false,true,,,linkfound,2026-04-07 21:56:05,2026-04-14 04:59:01,,,,,1
Where to buy 🚀 aged domains and backlinks 🔥 from globalecommerce.org | 1142-4900,https://globalecommerce.org/page-1142bd49e002eb3dc466eb86802b5d5e.html,en,wordpress,200,4.7,0,0,0,9987,9997,0,0,https://servicesartisans.fr/,servicesart.com.co servicesartisan.fr,servicesartisans.fr,servicesartstorefronts.shop servicesartstorefronts.top,,,text,true,false,false,false,false,false,true,,,linkfound,2026-01-27 06:27:35,2026-04-07 00:14:07,,,Site page > Services,Internet > Web services > SEO and marketing; Shopping > Shopping portals,1
Manutenzione aree verdi: prezzi e tariffe 2026 da conoscere | Artisan du Vert,https://artisanduvert.fr/blog/manutenzione-aree-verdi-prezzi,"it, fr",,200,18,0,3,0,1,1,0,0,https://servicesartisans.fr/blog/prix-jardinier-paysagiste-2026,"stima precisa, consultate anche le tariffe dettagliate e aggiornate su",Services Artisans - Prix Jardinier Paysagiste 2026,.,,,text,false,true,true,false,false,false,true,,,pagefound,2026-03-20 14:05:54,2026-04-15 11:38:11,,,,,1
"Terrasse bois Montpellier : Le guide complet pour choisir son installateur, réussir la pose, la construction et estimer le prix - Paysagiste d'Occitan",https://paysagistedoccitan.fr/terrasse-bois-montpellier-guide-complet-26/,fr,"ecommerce, wordpress",200,1.4,0,19,0,9,15,0,0,https://servicesartisans.fr/blog/prix-terrasse-exterieure-2026,,Prix terrasse extérieure 2026,",",,,text,false,true,false,false,false,false,true,,,pagefound,2026-03-04 23:49:46,2026-04-14 23:15:52,,,,,1
Where to buy 🚀 aged domains and backlinks 🔥 | 5287-3215,https://www.getwebsiteworth.com/e5c28efe73215aacab8c600432bc66e2-l/,en,wordpress,200,19,0,0,0,9133,9615,0,0,https://servicesartisans.fr/,servicesart.com.co servicesartisan.fr,servicesartisans.fr,servicesartstorefronts.shop servicesartstorefronts.top,,,text,true,false,false,false,false,false,true,,,pagefound,2025-12-19 20:05:58,2026-04-14 04:57:55,,,Listing > Product,Internet > Web services > SEO and marketing,2
Domain list part S – 246001 to 247000 – SARYS ANALYTICS,https://sarys.co.uk/xd7eqzsarpurw3t99r4b94al9xcuph/,en,wordpress,200,54,0,0,0,1022,1088,0,0,https://servicesartisans.fr/,,servicesartisans.fr,,,,image,true,true,true,false,false,false,true,,,pagefound,2025-08-30 09:07:28,2026-04-05 04:08:04,,,,,1
"Rank Your Website Higher on Google with High Quality SEO Backlinks to Increase Organic Traffic and Boost Domain Authority-Boost Your Site Rankings and Increase Traffic with Powerful High Quality SEO Backlinks Service – Complete Strategy to Rank Higher on Google with High Quality SEO Backlinks, High Authority Link Building Techniques, and Proven Methods to Drive Massive Organic Traffic",https://zoldexlinks.shop/organic-traffic-with-seo-backlinks-264/,en,wordpress,200,71,0,0,0,3625,4113,0,0,https://servicesartisans.fr/,,"High Quality SEO Backlinks to Rank Higher and Boost Traffic servicesartisans.fr provide powerful authority links,",,,,text,true,false,true,false,false,false,true,,,pagefound,2026-02-19 13:54:09,2026-04-12 10:02:40,,,Article > Guide,Internet > Web services > SEO and marketing,1
Where to buy 🚀 aged domains and backlinks 🔥 | 7918-4823,https://tunca.org/79d184f8234e6a25b08b38e222bff8f8-l/,en,wordpress,200,1.1,0,0,0,9097,9542,0,0,https://servicesartisans.fr/,serviceartisan.com serviceartisan.fr,serviceartisans.fr,serviceartistry.co serviceartpstudio.pl,https://serviceartisans.fr/,301,text,true,false,false,false,false,false,true,,,linkfound,2026-02-22 05:02:27,2026-02-22 05:02:27,,,Listing > Product,Internet > Web services > SEO and marketing,1
Domain list part S – 242001 to 243000 – SARYS ANALYTICS,https://sarys.co.uk/z73fcbuf9jymclk6iotoha249rx1yp/,en,wordpress,200,54,0,0,0,1019,1054,0,0,https://servicesartisans.fr/,,serviceartisans.fr,,https://serviceartisans.fr/,301,image,true,true,true,false,false,false,true,,,pagefound,2025-09-08 03:38:49,2026-04-13 18:52:11,,,,,1
"Premium SEO Services with High-Quality Backlinks – Boost DA, DR & Rankings Fast | linkbooster.agency 24/7 Support – White-Hat SEO – Google-Friendly – Gambling/Niche Sites Included.Dominate Google with High-Quality SEO & Backlinks – Skyrocket Ahrefs DR, Moz DA & Majestic TF with Premium Backlinks for Every Niche – From Casino & Crypto to High-Competition Markets – Safe Process, Real Results",https://grow-your.website/boost-website-ranking-da-dr-tf-backlinks-545-3/,en,wordpress,200,72,0,0,20,3625,4083,0,0,https://servicesartisans.fr/,,"Boost your website’s DR, DA & TF with servicesartisans.fr — powerful backlinks, PBNs, and guest posts that are safe, effective, and built to rank.",,,,text,true,false,true,false,false,true,true,,,pagefound,2026-02-16 17:51:11,2026-04-11 12:36:56,,,,,1
"Build Premium Backlinks to Increase Domain Rating, Domain Authority & Search Rankings, and build high-quality, premium backlinks – My Blog",https://backlinks-seorank.com/premium-link-building-results-time-dr-da-23656/,en,wordpress,200,10,0,0,20,1038,1179,0,0,https://servicesartisans.fr/,,Their SEO service improved my website search presence..fr,,,,text,true,false,true,false,false,false,true,,,pagefound,2026-02-13 02:15:47,2026-04-07 06:31:55,,,Article > Guide,Internet > Web services > SEO and marketing,1
Entretien des espaces verts : prix et tarifs 2026 à connaître | Artisan du Vert,https://www.artisanduvert.fr/blog/entretien-espaces-verts-prix,fr,,200,18,0,3,0,1,1,0,0,https://servicesartisans.fr/blog/prix-jardinier-paysagiste-2026,"estimation précise, consultez aussi les tarifs détaillés et actualisés sur",Services Artisans - Prix Jardinier Paysagiste 2026,.,,,text,false,true,true,false,false,false,true,,,pagefound,2026-03-20 06:26:33,2026-04-13 16:45:47,,,,,2
79d184f8234e6a25b08b38e222bff8f8 – net tools guru,https://nettools.guru/79d184f8234e6a25b08b38e222bff8f8/,en,wordpress,200,36,0,0,0,9081,9521,0,0,https://servicesartisans.fr/,,serviceartisans.fr,,https://serviceartisans.fr/,301,text,true,true,false,false,false,false,true,,,pagefound,2025-12-25 06:42:42,2026-01-23 18:46:57,,,Article > How-to,Home > Home improvement > Plumbing; Business > Business services,1
e5c28efe73215aacab8c600432bc66e2 – net tools guru,https://nettools.guru/e5c28efe73215aacab8c600432bc66e2/,en,wordpress,200,36,0,0,0,9093,9568,0,0,https://servicesartisans.fr/,,servicesartisans.fr,,,,text,true,true,false,false,false,false,true,,,pagefound,2025-12-26 06:24:05,2026-01-26 05:55:48,,,Article > Guide,Internet > Web services > Development; Home; Business; Jobs and education; Computers and electronics,1
Top Ten Mysterious Locations Around the World – Rank Your Website,https://rank-your.website/links/curious-tales-from-history-70483/,en,wordpress,200,76,0,0,0,9933,9986,0,0,https://servicesartisans.fr/,,servicesartisans.fr,,,,text,true,false,true,false,false,false,true,,,linkrestored,2025-11-17 09:57:00,2026-01-31 08:12:20,,,Article > Listicle,Travel > Tourist destinations > Other; Internet > Web services > Other,1
✅ Website Stats 📊,https://optimizeflow.top/stats/41541,en,,200,48,0,0,0,3686,4078,0,0,https://servicesartisans.fr/,go,servicesartisans.fr,&nbsp,,,text,true,true,true,false,false,false,true,,,linkfound,2026-03-31 05:29:05,2026-03-31 05:29:05,,,Listing collection > Business,Internet > Web services > Analytics; Business; Reference,1
"Borne de recharge Saône-et-Loire : guide choix, prix, aides, installation - AD LAN",https://borne-recharge-electrique-byadlan.fr/2026/03/22/borne-recharge-saone-loire-guide/,fr,wordpress,200,0.6,0,15,0,11,11,0,0,https://servicesartisans.fr/departements/saone-et-loire/borne-recharge,Devis conforme (,transparence prix,).,,,text,false,true,false,false,false,false,true,,,linkfound,2026-03-22 01:37:28,2026-03-22 01:37:28,,,,,1
"Prix installation climatisation Montpellier : Guide complet des tarifs, devis et entretien pour bien budgétiser votre projet | CLIMACONTROL",https://climacontrol.fr/prix-installation-climatisation-montpellier/,fr,wordpress,200,28,0,90,0,20,24,0,0,https://servicesartisans.fr/blog/prix-climaticien-2026-installation-entretien,,https://servicesartisans.fr/blog/prix-climaticien-2026-installation-entretien,,,,text,false,true,false,false,false,false,true,,,pagefound,2026-02-24 18:28:26,2026-04-06 18:04:35,,,,,1
Complete SEO package with PBN backlinks and dofollow backlinks and guest posts — manual work — google friendly fast ranking — Gambling included — Rankva.com 24/7 Support – Gambling included— Rankva.com 24/7 Support – White-Hat SEO Links—Fast Rankings — Google-Friendly,https://rankpilot.shop/8w3icz-ready-to-rank-fast-choose-your-plan-manual-work-google-friendly/,en,wordpress,200,15,0,0,4,8302,9497,0,0,https://servicesartisans.fr/,,"Google trust for servicesartisans.fr — monthly SEO, DR80+, PBN links, DR/DA/TF, full SEO — gambling accepted. | Visit Rankva.com for any Query",,,,text,true,false,true,false,false,true,true,,,pagefound,2025-09-28 01:42:16,2026-03-21 00:11:03,,,Listing > Service,Internet > Web services > SEO and marketing,1
e5c28efe73215aacab8c600432bc66e2 – KGZXKF,https://kgzxkf.com/e5c28efe73215aacab8c600432bc66e2/,en,wordpress,301,37,0,0,0,9130,9607,0,0,https://servicesartisans.fr/,,servicesartisans.fr,,,,text,true,true,false,false,false,false,true,pageredirected,,pagefound,2026-01-13 19:53:58,2026-02-12 14:59:35,2026-03-19 06:36:14,,,,1
Link Building Made Easy: Learn from SeoDaro.com Experts,https://seodaro.com/top-seo-services-seodaro-12350/,en,wordpress,200,60,0,0,0,8938,8956,0,0,https://servicesartisans.fr/,,servicesartisans.fr’s SeoDaro.com uplift journey,,,,text,true,false,true,false,false,false,true,,,linkfound,2026-03-08 10:46:13,2026-04-01 16:59:09,,,Article > Guide,Internet > Web services > SEO and marketing; Business > Marketing > Marketing,1
Prix électricien en Yvelines : tarifs 2026 — Sparx Élec,https://www.sparx-elec.fr/prix-electricien-yvelines/,fr,,200,0.1,0,50,0,11,11,0,0,https://servicesartisans.fr/blog/prix-electricien-2026-tarifs-travaux,,Servicesartisans — Prix électricien 2026,,,,text,false,false,false,false,false,false,true,removedfromhtml,,pagefound,2026-04-02 17:15:15,2026-04-02 17:15:15,2026-04-08 15:06:44,Théo Desrousseaux,,,1
"SEO improves website visibility, drives organic traffic, increases authority (DR, DA, TF), boosts rankings, and generates long-term sustainable business growth online.",https://quantumwares.shop/seo-improves-website-visibility-drives-organic-traffic-increases-authority-dr-da-tf-boosts-rankings-and-generates-long-term-sustainable-business-growth-online-7sfsvuqwh3/,en,wordpress,200,9,0,0,0,3127,3501,0,0,https://servicesartisans.fr/,,servicesartisans.fr,,,,text,true,false,true,false,false,false,true,,,linkfound,2026-04-08 00:09:58,2026-04-08 00:09:58,,,,,1
Where to buy 🚀 aged domains and backlinks 🔥 | 5287-3215,https://tunca.org/e5c28efe73215aacab8c600432bc66e2-l/,en,wordpress,200,1.1,0,0,0,9135,9616,0,0,https://servicesartisans.fr/,servicesart.com.co servicesartisan.fr,servicesartisans.fr,servicesartstorefronts.shop servicesartstorefronts.top,,,text,true,false,false,false,false,false,true,,,linkfound,2026-02-21 01:00:34,2026-02-21 01:00:34,,,Listing > Product,Internet > Web services > SEO and marketing,1
"Ranking Fast on Google and All Search Engines in 3 Weeks — Monthly SEO, High DA/DR/TF, PBN Support, Guest Posts — All Niches Allowed (Gambling Included) 24/7 Support — Visit SkylinkSEO.com – Manual Premium Links, Fast Results",https://backlinker.shop/9zmjpvg-contact-to-us-and-get-offer-details-for-seo-ranking-fast/,en,wordpress,200,8,0,0,0,8303,9496,0,0,https://servicesartisans.fr/,,Rank servicesartisans.fr organically: GP + backlinks; DR/DA/TF increase — any niche/language. | Visit Skylinkseo.com for any Query,,,,text,true,false,true,false,false,false,true,,,pagefound,2025-10-29 09:36:43,2026-04-08 02:21:37,,,Site page > Services,Internet > Search engines,1
Where to buy 🚀 aged domains and backlinks 🔥 from booksreadr.org| 1142-4900,https://booksreadr.org/page-1142bd49e002eb3dc466eb86802b5d5e.html,en,wordpress,200,8,0,0,0,9987,9997,0,0,https://servicesartisans.fr/,servicesart.com.co servicesartisan.fr,servicesartisans.fr,servicesartstorefronts.shop servicesartstorefronts.top,,,text,true,false,false,false,false,false,true,,,linkfound,2026-02-10 04:18:26,2026-02-10 04:18:26,,,Site page > Services,Internet > Web services > SEO and marketing; Shopping,1
✅ Website Stats 📊,https://dailymusings.top/stats/41541,en,,200,48,0,0,0,3686,4086,0,0,https://servicesartisans.fr/,go,servicesartisans.fr,&nbsp,,,text,true,true,true,false,false,false,true,,,linkfound,2026-02-14 08:45:37,2026-02-14 08:45:37,,,Listing collection > Business,Internet > Web services > Analytics; Business; Reference,2
CABEZAS MICKAEL (CM MENUISERIE ; CM VITRERIE ; CM AGENCEMENT ; CABEZAS MICKAEL) - Aide à domicile à SAINT-JEAN-DE-THURIGNEUX | ServicesDirects,https://servicesdirects.com/prestataires/cabezas-mickael-cm-menuiserie-cm-vitrerie-cm-agencement-cabezas-mickael-saint-jean-de-thurigneux/,fr,,200,0,0,0,0,4,4,0,0,https://servicesartisans.fr/services/menuisier/saint-jean-de-thurigneux/cabezas-mickael-cm-menuiserie-cm-vitrerie-cm-agencement-cabezas-mickael-804862282,,Visiter le site,,,,text,false,false,true,false,false,false,true,,,pagefound,2026-04-18 08:25:12,2026-04-18 08:25:12,,,,,3
We Saw a Massive Maz DA Increase After Hiring Fiverr Backlinks ⚡ ★★★★★,https://fiverr-seo-for-business-growth.site/fiverr-backlinks-seo-roi-story/,en,wordpress,404,72,0,0,0,5197,5695,0,0,https://servicesartisans.fr/,,Fiverr helped servicesartisans.fr boost sales by an incredible 200% in just two months ✨,,,,text,true,true,true,false,false,false,true,notfound,,pagefound,2026-03-21 11:03:03,2026-03-29 09:25:06,2026-04-02 12:18:39,,,,1
Green Space Maintenance: Prices and Rates to Know for 2026 | Artisan du Vert,https://artisanduvert.fr/blog/green-space-maintenance-prices,"en, fr",,200,18,0,3,0,1,1,0,0,https://servicesartisans.fr/blog/prix-jardinier-paysagiste-2026,"precise estimate, also check the detailed and updated rates on",Services Artisans - Gardener Landscaper Prices 2026,.,,,text,false,true,true,false,false,false,true,,,pagefound,2026-03-20 14:24:34,2026-04-15 17:03:08,,,,,1
Where to buy 🚀 aged domains and backlinks 🔥 | 5287-3215,https://wallpapers.pro/e5c28efe73215aacab8c600432bc66e2-l/,en,wordpress,200,1.7,0,0,0,9138,9617,0,0,https://servicesartisans.fr/,servicesart.com.co servicesartisan.fr,servicesartisans.fr,servicesartstorefronts.shop servicesartstorefronts.top,,,text,true,false,false,false,false,false,true,,,linkfound,2026-03-09 05:58:51,2026-03-09 05:58:51,,,Listing > Product,Internet > Web services > SEO and marketing,1
Where to buy 🚀 aged domains and backlinks 🔥 from www.pudhe.com | 1142-4900,https://www.pudhe.com/page-1142bd49e002eb3dc466eb86802b5d5e.html,en,wordpress,200,4.2,0,0,0,9986,9996,0,0,https://servicesartisans.fr/,servicesart.com.co servicesartisan.fr,servicesartisans.fr,servicesartstorefronts.shop servicesartstorefronts.top,,,text,true,false,false,false,false,false,true,,,linkfound,2026-03-19 08:48:23,2026-03-19 08:48:23,,,Site page > Services,Internet > Web services > SEO and marketing,1
👲 Domain Report 👲,https://atomizelink.icu/report/41541,en,,200,49,0,0,0,3686,4079,0,0,https://servicesartisans.fr/,go,servicesartisans.fr,&nbsp,,,text,true,true,true,false,false,false,true,,,pagefound,2026-01-03 22:42:41,2026-03-29 15:16:25,,,Site page > Services,Internet > Web services > Development,2
e5c28efe73215aacab8c600432bc66e2 – bmwyng,https://bmwyng.com/e5c28efe73215aacab8c600432bc66e2/,en,wordpress,200,34,0,0,0,9095,9574,0,0,https://servicesartisans.fr/,,servicesartisans.fr,,,,text,true,true,false,false,false,false,true,,,pagefound,2025-12-16 15:15:44,2026-02-04 02:53:14,,,Article > How-to,Home > Domestic; Government; Real estate,1
