"﻿""Keyword""",Volume,Previous organic traffic,Current organic traffic,Organic traffic change,Current paid traffic,Previous average position,Current average position,Position change,Current locations,Locations change,Top location code,Top location,Top location's volume,Top location's traffic,Top location's traffic change
plombier rouen,1000,50,,,,4.00,,,0,-1,FR,France,1000,50,
plombier caen 24h24,100,,18,,,,2.00,,1,1,FR,France,100,18,
appel serrurier cherbourg cherbourg-en-cotentin,50,,17,,,,1.00,,1,1,FR,France,50,17,
domotique maison connectée vendee,30,,11,,,,1.00,,1,1,FR,France,30,11,
ascenseur nièvre,20,,8,,,,1.00,,1,1,FR,France,20,8,
diagnostic plomb professionnel cannes,70,,6,,,,5.00,,1,1,FR,France,70,6,
forfait évry,50,,6,,,,3.00,,1,1,FR,France,50,6,
installation domotique vendee,40,,5,,,,3.00,,1,1,FR,France,40,5,
prix charpentier,200,5,,,,10.00,,,0,-1,FR,France,200,5,
ma prime renov 2026,6200,,4,,,,26.00,,1,1,FR,France,6200,4,
architecte d'intérieur ploemel,30,,3,,,,3.00,,1,1,FR,France,30,3,
contrat de nettoyage 86,40,1,3,2,,10.00,4.00,-6.00,1,,FR,France,40,3,2
vitrier maubeuge,70,,3,,,,8.00,,1,1,FR,France,70,3,
cuisiniste pays de la loire,80,,3,,,,8.00,,1,1,FR,France,80,3,
vitrier muret,80,,3,,,,9.00,,1,1,FR,France,80,3,
aquitaine plombier,30,,3,,,,6.00,,1,1,FR,France,30,3,
déménagement pas cher alpes maritimes,50,,3,,,,7.00,,1,1,FR,France,50,3,
surélévation ris-orangis,30,,3,,,,4.00,,1,1,FR,France,30,3,
artisan peintre a lyon,30,,3,,,,6.00,,1,1,FR,France,30,3,
vitrier roquevaire,80,,3,,,,10.00,,1,1,FR,France,80,3,
serrurier paimpol,90,,2,,,,12.00,,1,1,FR,France,90,2,
installation prise,70,,2,,,,5.00,,1,1,FR,France,70,2,
serrurier aix les bains,600,,2,,,,19.00,,1,1,FR,France,600,2,
domotique villeneuve sur lot,80,,2,,,,11.00,,1,1,FR,France,80,2,
prix placard sur mesure menuisier,60,,2,,,,9.00,,1,1,FR,France,60,2,
tekno batilux,50,,2,,,,8.00,,1,1,FR,France,50,2,
eric corniglion,100,,2,,,,6.00,,1,1,FR,France,100,2,
bm macon,700,2,,,,20.00,,,0,-1,FR,France,700,2,
ascenseur auxonne,20,,2,,,,4.00,,1,1,FR,France,20,2,
artisanat frouzins,30,2,,,,6.00,,,0,-1,FR,France,30,2,
contrat de nettoyage 17,40,1,,,,8.00,,,0,-1,FR,France,40,1,
vitrier fontenay le fleury,30,,1,,,,7.00,,1,1,FR,France,30,1,
ramonage anglet,70,,1,,,,12.00,,1,1,FR,France,70,1,
tarif pose sol pvc,50,,1,,,,11.00,,1,1,FR,France,50,1,
serrurier la ferte bernard,40,,1,,,,11.00,,1,1,FR,France,40,1,
demenageur cambrai,50,1,,,,11.00,,,0,-1,FR,France,50,1,
serrurier mont saint aignan,50,,1,,,,11.00,,1,1,FR,France,50,1,
serrurier sevran,350,,1,,,,20.00,,1,1,FR,France,350,1,
ascenseur belleville en beaujolais,10,,1,,,,2.00,,1,1,FR,France,10,1,
peintre qualifie bordeaux,10,,1,,,,4.00,,1,1,FR,France,10,1,
ascenseur cosne sur loire,20,,1,,,,6.00,,1,1,FR,France,20,1,
papier peint chalons en champagne,30,,1,,,,9.00,,1,1,FR,France,30,1,
carreleur pontivy,40,,1,,,,12.00,,1,1,FR,France,40,1,
prix carrelage m2,2200,,1,,,,17.00,,1,1,FR,France,2200,1,
cuisiniste quimper avis,30,,1,,,,9.00,,1,1,FR,France,30,1,
vitrier gien,60,,1,,,,12.00,,1,1,FR,France,60,1,
prix pose cheneau zinc,10,,1,,,,5.00,,1,1,FR,France,10,1,
vitrier montereau fault yonne,30,,1,,,,10.00,,1,1,FR,France,30,1,
faire un double de clé lyon prix,20,,1,,,,8.00,,1,1,FR,France,20,1,
vitrier osny,40,,1,,,,10.00,,1,1,FR,France,40,1,
vitrier voisins le bretonneux,30,1,1,0,,11.00,11.00,0.00,1,,FR,France,30,1,0
prix remplacement interrupteur,40,,1,,,,10.00,,1,1,FR,France,40,1,
europa service,40,1,,,,10.00,,,0,-1,FR,France,40,1,
tarif plombier dunkerque,10,,1,,,,4.00,,1,1,FR,France,10,1,
serrurier le mans tarif,30,,1,,,,9.00,,1,1,FR,France,30,1,
plombier dijon tarif,40,,1,,,,12.00,,1,1,FR,France,40,1,
artisans de france,50,1,1,0,,12.00,12.00,0.00,1,,FR,France,50,1,0
prix platrier,20,1,,,,10.00,,,0,-1,FR,France,20,1,
tarif pose parquet pvc,30,,1,,,,9.00,,1,1,FR,France,30,1,
ascenseur doubs,20,,1,,,,8.00,,1,1,FR,France,20,1,
plombier magny le hongre,50,,1,,,,12.00,,1,1,FR,France,50,1,
serrurier annecy tarif,50,,1,,,,12.00,,1,1,FR,France,50,1,
vitrier montceau les mines,40,,1,,,,12.00,,1,1,FR,France,40,1,
demenageur yvelines avis,0,,1,,,,1.00,,1,1,FR,France,0,1,
fenetres double vitrage,600,,1,,,,23.00,,1,1,FR,France,600,1,
serrurier mormant,40,,1,,,,11.00,,1,1,FR,France,40,1,
pavis d'escurac,40,,1,,,,8.00,,1,1,FR,France,40,1,
vitrier hendaye,30,,1,,,,12.00,,1,1,FR,France,30,1,
menuisier urgence,10,,1,,,,8.00,,1,1,FR,France,10,1,
remplacement toilettes nimes,30,,1,,,,11.00,,1,1,FR,France,30,1,
serrurier angers tarif,30,,1,,,,12.00,,1,1,FR,France,30,1,
ascenseur l'allier,20,1,,,,9.00,,,0,-1,FR,France,20,1,
plombier le chesnay,250,1,,,,24.00,,,0,-1,FR,France,250,1,
prix pose cuisine,700,,1,,,,28.00,,1,1,FR,France,700,1,
plombier neudorf,30,1,,,,13.00,,,0,-1,FR,France,30,1,
traitement capricorne charpente prix,30,,1,,,,11.00,,1,1,FR,France,30,1,
demenagement tournan en brie,20,0,,,,12.00,,,0,-1,FR,France,20,0,
prix pose visiophone,20,,0,,,,10.00,,1,1,FR,France,20,0,
serrurier a fréjus,0,,0,,,,3.00,,1,1,FR,France,0,0,
couvreur wissous,20,,0,,,,11.00,,1,1,FR,France,20,0,
vitrier clichy,10,,0,,,,10.00,,1,1,US,United States,10,0,
piscine vierzon tarif,10,,0,,,,10.00,,1,1,FR,France,10,0,
membrane epdm mandelieu,0,,0,,,,1.00,,1,1,FR,France,0,0,
intervention sur alarme paris,0,,0,,,,1.00,,1,1,RU,Russian Federation,0,0,
deniel rance chauffage,10,,0,,,,9.00,,1,1,FR,France,10,0,
jb terrassement gannat,10,,0,,,,9.00,,1,1,FR,France,10,0,
agrafage vitrolles,10,,0,,,,9.00,,1,1,FR,France,10,0,
serrurier fayence,20,,0,,,,12.00,,1,1,FR,France,20,0,
installateur d'interphone,10,,0,,,,10.00,,1,1,FR,France,10,0,
membrane caoutchouc antibes,0,,0,,,,5.00,,1,1,FR,France,0,0,
salle de bain saint-andré-de-cubzac,10,0,,,,10.00,,,0,-1,FR,France,10,0,
rudolphe courty,10,,0,,,,7.00,,1,1,FR,France,10,0,
plombier pau tarif,20,,0,,,,12.00,,1,1,FR,France,20,0,
devis déménagement avrillé,10,,0,,,,9.00,,1,1,US,United States,10,0,
tarif entretien chaudière gaz saint-etienne,10,,0,,,,7.00,,1,1,FR,France,10,0,
tarif remplacement double vitrage nimes,0,,0,,,,5.00,,1,1,FR,France,0,0,
gouttières zinc à antibes,10,,0,,,,9.00,,1,1,US,United States,10,0,
fenetre double vitrage,2000,,0,,,,29.00,,1,1,FR,France,2000,0,
serrurier saint brieuc,250,0,0,0,,26.00,26.00,0.00,1,,FR,France,250,0,0
frelon agencement,10,0,,,,9.00,,,0,-1,FR,France,10,0,
serrurier tourcoing,800,,0,,,,34.00,,1,1,FR,France,800,0,
coffre fort saint etienne,10,,0,,,,11.00,,1,1,FR,France,10,0,
serrurerie des buclos,10,,0,,,,9.00,,1,1,FR,France,10,0,
serrurier nation,10,,0,,,,9.00,,1,1,FR,France,10,0,
serrurier caen,500,,0,,,,26.00,,1,1,FR,France,500,0,
taille de haie grasse,0,,0,,,,9.00,,1,1,FR,France,0,0,
excellis clim,0,,0,,,,9.00,,1,1,FR,France,0,0,
terrassement maison seine-maritime,0,,0,,,,3.00,,1,1,FR,France,0,0,
pose de parquet massif la madeleine,0,,0,,,,7.00,,1,1,FR,France,0,0,
installation plancher chauffant grasse,0,,0,,,,4.00,,1,1,FR,France,0,0,
serrurier montargis,200,0,,,,28.00,,,0,-1,FR,France,200,0,
pose de parquet lormont,0,0,,,,9.00,,,0,-1,FR,France,0,0,
tonte gazon clichy,0,,0,,,,5.00,,1,1,FR,France,0,0,
prix pompe a chaleur toulouse,0,,0,,,,10.00,,1,1,FR,France,0,0,
toilettes bouchées evry,0,,0,,,,10.00,,1,1,FR,France,0,0,
cuisiniste loudeac,10,,0,,,,12.00,,1,1,FR,France,10,0,
ams plomberie marseille,0,,0,,,,9.00,,1,1,FR,France,0,0,
tonte gazon pantin,0,,0,,,,6.00,,1,1,FR,France,0,0,
stores d'intérieur antibes,0,,0,,,,9.00,,1,1,FR,France,0,0,
cuisiniste tarbes,150,0,,,,30.00,,,0,-1,FR,France,150,0,
diagnostic immobilier obligatoire 2021,0,,0,,,,10.00,,1,1,US,United States,0,0,
couvreur zingueur saint just en chaussée,0,,0,,,,11.00,,1,1,FR,France,0,0,
changer sa chaudière fioul pelissanne,0,,0,,,,10.00,,1,1,FR,France,0,0,
ocs assainissement,0,,0,,,,10.00,,1,1,FR,France,0,0,
installation de vitrerie,0,,0,,,,8.00,,1,1,FR,France,0,0,
ambiance poele perissac,0,,0,,,,7.00,,1,1,FR,France,0,0,
tarif carreleur,200,0,,,,32.00,,,0,-1,FR,France,200,0,
entreprise isolation thermique persan,0,0,,,,11.00,,,0,-1,FR,France,0,0,
tonte gazon bagnolet,0,,0,,,,11.00,,1,1,FR,France,0,0,
etancheite bureaux villefranche sur mer,0,,0,,,,8.00,,1,1,FR,France,0,0,
tonte gazon plaisir,0,,0,,,,8.00,,1,1,FR,France,0,0,
plombier yerres,200,0,,,,33.00,,,0,-1,FR,France,200,0,
remise en état après chantier menton,0,,0,,,,9.00,,1,1,FR,France,0,0,
alarme centre val de loire,0,0,,,,9.00,,,0,-1,US,United States,0,0,
installation d’arrosage grasse,0,,0,,,,9.00,,1,1,FR,France,0,0,
serrurier epinal,200,0,,,,32.00,,,0,-1,FR,France,200,0,
prix chauffe eau thermodynamique castres,0,,0,,,,14.00,,1,1,FR,France,0,0,
crédence en verre grasse,0,,0,,,,11.00,,1,1,FR,France,0,0,
cuisiniste perpignan,250,0,,,,40.00,,,0,-1,FR,France,250,0,
electricien lyon,1300,0,,,,52.00,,,0,-1,FR,France,1300,0,
serrurier aix-les-bains,600,,0,,,,48.00,,1,1,FR,France,600,0,
serrurier vanves,300,0,,,,44.00,,,0,-1,FR,France,300,0,
serrurier avignon,450,,0,,,,47.00,,1,1,FR,France,450,0,
tarif désembouage engie,450,0,,,,45.00,,,0,-1,FR,France,450,0,
plombier dunkerque,350,0,,,,48.00,,,0,-1,FR,France,350,0,
couvreur boulogne sur mer,200,0,,,,46.00,,,0,-1,FR,France,200,0,
serrurier rennes urgence,600,0,,,,52.00,,,0,-1,FR,France,600,0,
cout architecte d'intérieur,200,0,0,0,,44.00,44.00,0.00,1,,FR,France,200,0,0
chauffagiste tarbes,150,0,,,,47.00,,,0,-1,FR,France,150,0,
plombier d'urgence,250,0,,,,48.00,,,0,-1,FR,France,250,0,
urgence serrurier,1000,0,,,,59.00,,,0,-1,FR,France,1000,0,
chauffagiste le mans,250,0,,,,52.00,,,0,-1,FR,France,250,0,
serrurier urgence,1200,0,,,,60.00,,,0,-1,FR,France,1200,0,
plombier marseille,2200,0,,,,64.00,,,0,-1,FR,France,2200,0,
plombier gonesse,200,,0,,,,53.00,,1,1,FR,France,200,0,
vitrier strasbourg,250,0,,,,55.00,,,0,-1,FR,France,250,0,
artisan peintre bordeaux,450,0,,,,61.00,,,0,-1,FR,France,450,0,
serrurier meylan,400,0,,,,59.00,,,0,-1,FR,France,400,0,
cuisiniste dunkerque,200,0,,,,55.00,,,0,-1,FR,France,200,0,
chauffagiste thionville,250,0,,,,60.00,,,0,-1,FR,France,250,0,
plombier cergy,500,0,,,,63.00,,,0,-1,FR,France,500,0,
couvreur amiens,1000,0,,,,68.00,,,0,-1,FR,France,1000,0,
electriciens paris,200,0,,,,62.00,,,0,-1,FR,France,200,0,
peintre limoges,200,0,,,,62.00,,,0,-1,FR,France,200,0,
artisan serrurier,400,0,,,,64.00,,,0,-1,FR,France,400,0,
plombier chalon sur saone,500,0,,,,67.00,,,0,-1,FR,France,500,0,
plombier pornichet,200,0,,,,65.00,,,0,-1,FR,France,200,0,
couvreur clermont ferrand,1400,0,,,,75.00,,,0,-1,FR,France,1400,0,
cuisiniste orleans,250,0,,,,65.00,,,0,-1,FR,France,250,0,
deratisation prix,200,0,0,0,,65.00,65.00,0.00,1,,FR,France,200,0,0
couvreur lille,2300,0,,,,80.00,,,0,-1,FR,France,2300,0,
couvreur lorient,1200,0,,,,76.00,,,0,-1,FR,France,1200,0,
maçon strasbourg,50,0,,,,60.00,,,0,-1,FR,France,50,0,
démoussage toiture prix au m2,600,0,,,,74.00,,,0,-1,FR,France,600,0,
bg6,50,0,,,,6.00,,,0,-1,FR,France,50,0,
chauffagiste dunkerque,200,0,,,,73.00,,,0,-1,FR,France,200,0,
peintre nice,250,0,,,,73.00,,,0,-1,FR,France,250,0,
prix du fioul à lutterbach,10,0,,,,58.00,,,0,-1,FR,France,10,0,
couvreur limoges,350,0,,,,83.00,,,0,-1,FR,France,350,0,
prix terrassement maison 100m2,100,0,,,,81.00,,,0,-1,FR,France,100,0,
débistrage prix,200,0,,,,85.00,,,0,-1,FR,France,200,0,
zingueur,1300,0,,,,54.00,,,0,-1,FR,France,1300,0,
plombier auxerre,300,0,,,,90.00,,,0,-1,FR,France,300,0,
tarif deratisation,200,0,0,0,,83.00,83.00,0.00,1,,FR,France,200,0,0
tarif jardinier heure,150,0,0,0,,86.00,86.00,0.00,1,,FR,France,150,0,0
dératisation lyon,250,0,,,,92.00,,,0,-1,FR,France,250,0,
climero,20,0,,,,7.00,,,0,-1,FR,France,20,0,
devis plombier,250,0,0,0,,99.00,99.00,0.00,1,,FR,France,250,0,0
domolec,50,0,,,,9.00,,,0,-1,FR,France,50,0,
plombier besancon,400,0,,,,36.00,,,0,-1,FR,France,400,0,
og2l,10,,0,,,,9.00,,1,1,FR,France,10,0,
stit,200,0,,,,13.00,,,0,-1,FR,France,200,0,
serrurier lyon,3100,0,,,,34.00,,,0,-1,FR,France,3100,0,
carreleur,5600,0,,,,58.00,,,0,-1,FR,France,5600,0,
plombier poitiers,700,0,,,,50.00,,,0,-1,FR,France,700,0,
brico man,3700,,0,,,,20.00,,1,1,FR,France,3700,0,
serrurier,59000,0,,,,99.00,,,0,-1,FR,France,59000,0,
prix paysagiste,450,0,0,0,,85.00,85.00,0.00,1,,FR,France,450,0,0
prix pose,300,0,,,,50.00,,,0,-1,FR,France,300,0,
labelenergie,200,0,,,,49.00,,,0,-1,FR,France,200,0,
réparation domotique vendee,0,,0,,,,3.00,,1,1,FR,France,0,0,
etancheite goudron menton,0,,0,,,,6.00,,1,1,FR,France,0,0,
membrane epdm cannes,0,,0,,,,7.00,,1,1,FR,France,0,0,
entretien de jardin notredamedebondeville,0,,0,,,,8.00,,1,1,FR,France,0,0,
peintre en bâtiment creteil,0,,0,,,,2.00,,1,1,FR,France,0,0,
cuisine plus boé avis,0,,0,,,,11.00,,1,1,FR,France,0,0,
rénovation salle de bain aimargues,0,,0,,,,3.00,,1,1,US,United States,0,0,
installation sirene extérieure lorgues,0,,0,,,,7.00,,1,1,FR,France,0,0,
serrurier à échirolles,0,0,,,,11.00,,,0,-1,FR,France,0,0,
installation domotique liévin,0,,0,,,,6.00,,1,1,FR,France,0,0,
norme électrique 2022,0,,0,,,,5.00,,1,1,FR,France,0,0,
membrane epdm menton,0,,0,,,,8.00,,1,1,FR,France,0,0,
cuisine plus brive-la-gaillarde avis,0,,0,,,,9.00,,1,1,FR,France,0,0,
diagnostic électricité montauban,0,,0,,,,4.00,,1,1,FR,France,0,0,
garde-corps en verre grasse,0,,0,,,,3.00,,1,1,FR,France,0,0,
tarif pose électrolyseur,0,,0,,,,11.00,,1,1,FR,France,0,0,
ramonage de cheminée marck,0,,0,,,,7.00,,1,1,FR,France,0,0,
serrurier urgent montpellier,0,,0,,,,5.00,,1,1,FR,France,0,0,
dépannage camera de surveillance les herbiers,0,,0,,,,11.00,,1,1,FR,France,0,0,
versailles solar avis,0,,0,,,,5.00,,1,1,FR,France,0,0,
pose de carrelage quesnoy-sur-deûle,0,0,0,0,,10.00,10.00,0.00,1,,US,United States,0,0,0
prix pose fenêtre au black,0,,0,,,,9.00,,1,1,FR,France,0,0,
fenêtre double vitrage henin beaumont,0,,0,,,,1.00,,1,1,FR,France,0,0,
monte escalier le barcares,0,,0,,,,11.00,,1,1,FR,France,0,0,
relec34,0,0,,,,9.00,,,0,-1,FR,France,0,0,
engazonnement par projection aix en provence,0,,0,,,,7.00,,1,1,FR,France,0,0,
pose porte interieure draguignan,0,,0,,,,10.00,,1,1,FR,France,0,0,
diagnostic gaz agen,0,,0,,,,9.00,,1,1,FR,France,0,0,
dépannage domotique vendee,0,,0,,,,3.00,,1,1,FR,France,0,0,
diagnostic gaz seysses,0,,0,,,,2.00,,1,1,FR,France,0,0,
serrurier a saint-herblain,0,,0,,,,5.00,,1,1,FR,France,0,0,
etancheite toit goudron mandelieu,0,,0,,,,10.00,,1,1,FR,France,0,0,
plâtrier cote d’azur,0,0,0,0,,5.00,6.00,1.00,1,,FR,France,0,0,0
nettoyage de copropriété à rungis,0,,0,,,,11.00,,1,1,US,United States,0,0,
charpentier parempuyre,0,0,,,,8.00,,,0,-1,FR,France,0,0,
demenagement bidart,0,0,,,,10.00,,,0,-1,FR,France,0,0,
devis domotique en ligne,0,0,,,,5.00,,,0,-1,US,United States,0,0,
etancheite toit goudron grasse,0,,0,,,,4.00,,1,1,FR,France,0,0,
installation robinet vendee,0,,0,,,,3.00,,1,1,FR,France,0,0,
pose de dressing sur mesure la madeleine,0,,0,,,,10.00,,1,1,FR,France,0,0,
changement de vitrages 06,0,,0,,,,4.00,,1,1,FR,France,0,0,
film isolant ajaccio,0,,0,,,,11.00,,1,1,FR,France,0,0,
déménageur montereaufaultyonne,0,,0,,,,7.00,,1,1,FR,France,0,0,
demenagement lescar,0,0,,,,8.00,,,0,-1,FR,France,0,0,
devis déménageur bayonne,0,,0,,,,7.00,,1,1,FR,France,0,0,
demenagement cambo les bains,0,0,,,,8.00,,,0,-1,FR,France,0,0,
isolation thermique drome,0,,0,,,,2.00,,1,1,FR,France,0,0,
déménagement gretz armainvilliers,0,0,,,,7.00,,,0,-1,FR,France,0,0,
etancheite toit goudron cannes,0,,0,,,,7.00,,1,1,FR,France,0,0,
alarme maison le muy,0,0,,,,3.00,,,0,-1,FR,France,0,0,
diagnostic obligatoire vente maison 2022,0,,0,,,,3.00,,1,1,FR,France,0,0,
traitement rats lacanau,0,,0,,,,9.00,,1,1,FR,France,0,0,
rénovation salle de bain sur mesure vendee,0,,0,,,,4.00,,1,1,FR,France,0,0,
cuisine équipée issy les moulineaux,0,,0,,,,9.00,,1,1,FR,France,0,0,
tonte gazon levalloisperret,0,,0,,,,11.00,,1,1,FR,France,0,0,
taille haie meudon,0,0,0,0,,11.00,11.00,0.00,1,,FR,France,0,0,0
taille haie cergy,0,,0,,,,6.00,,1,1,FR,France,0,0,
installation store vénitiens mandelieu,0,,0,,,,5.00,,1,1,FR,France,0,0,
taille haie saint denis,0,,0,,,,4.00,,1,1,FR,France,0,0,
rabah medjane,0,0,,,,5.00,,,0,-1,FR,France,0,0,
électricien dépannage urgent,0,,0,,,,5.00,,1,1,FR,France,0,0,
