Requêtes les plus fréquentes,Clics,Impressions,CTR,Position
services artisans,26,58,44.83%,2.98
plombier villers cotterets,3,4,75%,28.25
plombier marseille,2,357,0.56%,40.83
carreleur,2,71,2.82%,32.96
serrurier nyons,2,18,11.11%,36.61
cyp plomberie,2,14,14.29%,4.21
tarif géomètre guadeloupe,2,14,14.29%,4.86
tufex,2,14,14.29%,7.36
ilibat,2,13,15.38%,7.62
mea multiservices villeurbanne avis,2,12,16.67%,4.75
christian depannage tarbes,2,10,20%,6.3
porte blindée marseille prix,2,9,22.22%,6.11
marie tesson,2,9,22.22%,12.78
thomas asselin,2,8,25%,6
arnaud bolle couverture,2,7,28.57%,5.43
mustafa gulmez,2,4,50%,4.25
slr solutions,2,3,66.67%,2.67
jcm electricite,2,3,66.67%,8.67
nettoyage de vitres prix,2,2,100%,3.5
mehmet arisoy,2,2,100%,9
drapeau construction,2,2,100%,11
tarif horaire électricien france 2026,1,190,0.53%,6.38
devis plombier,1,98,1.02%,41.2
devis plomberie oise,1,96,1.04%,25.18
tarif horaire menuisier,1,79,1.27%,45.37
réparation toiture,1,72,1.39%,13.15
isolation mur intérieur à villejuif,1,69,1.45%,6.55
remi fernandes,1,64,1.56%,11.86
fenetre double vitrage,1,59,1.69%,54.76
prix remplacement vitre simple vitrage,1,50,2%,13.94
dératisation montluel,1,46,2.17%,11.52
france renov toiture parempuyre,1,33,3.03%,4.48
prix pose sol pvc,1,30,3.33%,27.1
service à la personne jardinage tarif,1,30,3.33%,29.63
paysagiste nantes,1,30,3.33%,83.87
tarif ferronnerie,1,29,3.45%,6.66
pradon entreprise,1,27,3.7%,7.96
artisan autour de moi,1,27,3.7%,12.52
carreleur terrasse,1,26,3.85%,30.08
réparation de toiture,1,25,4%,14.4
tarif jardinier,1,25,4%,26.56
serrurier bordeaux,1,24,4.17%,74.92
aide pose de fenêtres à thiais,1,23,4.35%,7.04
evolis habitat,1,22,4.55%,8.86
mike luxembourger,1,21,4.76%,6.14
spie partesia,1,21,4.76%,9.81
réparation chéneau prix,1,20,5%,10
prix restauration marqueterie,1,19,5.26%,2.95
antenniste arles,1,19,5.26%,12.16
artisan cuisiniste ile de france,1,18,5.56%,25.44
menuisier urgence,1,17,5.88%,6.53
devis plomberie toulouse,1,17,5.88%,13.41
antenniste amiens,1,17,5.88%,14.12
plombier garges les gonesse,1,17,5.88%,51.24
msd serrurerie,1,16,6.25%,7
antenniste martinique,1,16,6.25%,11.44
serrurier muret,1,15,6.67%,29.13
prix carreleur,1,14,7.14%,43.21
esc habitat,1,13,7.69%,7
prix traitement anti termites guadeloupe,1,13,7.69%,10
abrek etancheite,1,12,8.33%,8.17
germain brunet architecte,1,12,8.33%,8.58
marco fabre,1,12,8.33%,9.42
erf home,1,12,8.33%,11.08
vitrier deville les rouen,1,12,8.33%,14.17
tarif serrurier,1,11,9.09%,5.64
poydenot architectes,1,11,9.09%,6.27
vitre energie valenciennes,1,11,9.09%,7.73
concept automatisme,1,11,9.09%,8
corse travaux gaz,1,11,9.09%,8
f2e heillecourt,1,11,9.09%,9.18
carreleur gardanne,1,11,9.09%,23.64
plombier montdidier,1,11,9.09%,39.45
ramonage merignac,1,11,9.09%,41.45
jardicap,1,10,10%,8.4
plombier tahiti papeete,1,10,10%,10.5
miroiterie du bassin,1,10,10%,11.2
macon brive la gaillarde,1,10,10%,11.5
eric corniglion,1,9,11.11%,7.56
kone ascenseur avis,1,9,11.11%,8
dératisation évry-courcouronnes,1,9,11.11%,27
patrick hatem,1,8,12.5%,7.75
déménageur mulhouse tarif,1,8,12.5%,8.62
kerne carrelage,1,8,12.5%,10
viviane canova,1,8,12.5%,10
sud climat,1,8,12.5%,11
vitrier canet en roussillon,1,8,12.5%,14.88
jardinier guyancourt,1,8,12.5%,22
plombier illkirch,1,8,12.5%,62.25
gabriel okmen,1,7,14.29%,6.43
artur service,1,7,14.29%,7.86
samy zaidi,1,7,14.29%,8.71
ben services plomberie chauffage,1,7,14.29%,8.86
artisan salle de bain autour de moi,1,7,14.29%,10.14
gtc constructions,1,7,14.29%,10.86
couvreur apt,1,7,14.29%,17.57
paysagiste grabels,1,7,14.29%,20.57
lts concept,1,6,16.67%,4.83
patrick fleith,1,6,16.67%,7
metal 92,1,6,16.67%,7.17
france ecoline,1,6,16.67%,8.17
agathe culot,1,6,16.67%,9
nabil atlassi,1,6,16.67%,9.17
gso batiment,1,6,16.67%,10.17
peintre en batiment olonne sur mer,1,6,16.67%,12.67
arnaud chopat,1,5,20%,5
james segura,1,5,20%,5.2
kevin fillon,1,5,20%,7.2
frigelink,1,5,20%,7.6
charpentier autour de moi,1,5,20%,8.2
damien vignon architecte,1,5,20%,8.2
roger payan,1,5,20%,8.4
chabni abderrahmane,1,5,20%,8.6
richard le roux,1,5,20%,9.2
barret eau,1,5,20%,12
entretien jardin prix,1,5,20%,39.4
carreleur dijon,1,5,20%,63.2
pro chauffe,1,4,25%,3.75
mg machado,1,4,25%,5.5
patrick fuentes,1,4,25%,5.5
prix pose noue en zinc,1,4,25%,6.75
bizeul pierre,1,4,25%,7
sag concept,1,4,25%,7
norvene,1,4,25%,8.75
artefakt architecture,1,4,25%,9.25
nicolas potiron,1,4,25%,9.25
prix changement de noue,1,4,25%,9.75
eos telecommunications,1,4,25%,10
pk electricite,1,4,25%,10.75
papier peint chalons en champagne,1,4,25%,13
plombier cuers,1,4,25%,40
artisan peintre mennecy,1,4,25%,49
carreleur aix en provence,1,3,33.33%,1.67
sanchez renov - couvreur bruz,1,3,33.33%,3
gk connect,1,3,33.33%,4
devis nettoyage toiture,1,3,33.33%,5.33
nettoyage fin de chantier prix m2,1,3,33.33%,5.67
entreprise sans btp,1,3,33.33%,7
kevin busquet,1,3,33.33%,7
sebastien vigneau,1,3,33.33%,7
bruno bevilacqua,1,3,33.33%,7.67
urgence artisan,1,3,33.33%,7.67
hzo plomberie,1,3,33.33%,8.33
david valy,1,3,33.33%,9
teva energies avis,1,3,33.33%,9
gazeo +,1,3,33.33%,9.33
anais vigneron,1,3,33.33%,9.67
poseur de sol pvc,1,3,33.33%,10
prix de tonte de pelouse,1,3,33.33%,10
hubert peinture,1,3,33.33%,10.33
sts nord,1,3,33.33%,10.33
hoffmann beckham avis,1,3,33.33%,11
mounir beji,1,3,33.33%,11
j2m goussainville,1,3,33.33%,11.33
ets picard et fils,1,3,33.33%,13.33
delvincourt plomberie,1,3,33.33%,14
confogaz contact,1,3,33.33%,15
general travaux,1,3,33.33%,16
serrurier lagnieu,1,3,33.33%,17
electricien gien,1,3,33.33%,18.33
déménageur echirolles,1,3,33.33%,26.67
pro eco habitat,1,3,33.33%,42
jerome guinot,1,2,50%,1
dc construction,1,2,50%,2
laura pillis,1,2,50%,2.5
ion loghin,1,2,50%,3
patrice gervais,1,2,50%,3
emka construction,1,2,50%,3.5
freddy lajovec,1,2,50%,3.5
cce solutions,1,2,50%,4
tarif débouchage canalisation,1,2,50%,4
max peixoto,1,2,50%,5
hugo gallois,1,2,50%,6
marco placo,1,2,50%,6.5
ben renov,1,2,50%,8.5
peintre facade exterieur,1,2,50%,8.5
eddy horn,1,2,50%,9
geo gc,1,2,50%,9
arb performance energetique,1,2,50%,9.5
philippe girou,1,2,50%,9.5
prix carreleur salle de bain,1,2,50%,10.5
roubert cahors,1,2,50%,10.5
cuisine menuisier prix,1,2,50%,11
mansar paysage,1,2,50%,11
advies conseil,1,2,50%,11.5
lbc plomberie,1,2,50%,11.5
lacombe serrurerie,1,2,50%,12
devis cheneau zinc,1,2,50%,12.5
laurent quillet,1,2,50%,13
carreleur paimpol,1,2,50%,14
sebastien milesi,1,2,50%,14
fenetre pvc aubervilliers,1,2,50%,15.5
philaqua,1,2,50%,15.5
cuisiniste feurs,1,2,50%,16.5
avis jardinier,1,2,50%,17.5
serrurier nogent-sur-oise,1,2,50%,26
maçon epernay,1,2,50%,34.5
couvreur drome,1,2,50%,100.5
bordian alexandru,1,1,100%,1
carreleur cambrai,1,1,100%,1
charles moquin,1,1,100%,1
depannage electricite,1,1,100%,1
installation camera de surveillance,1,1,100%,1
alain santos,1,1,100%,2
cristiano cardoso,1,1,100%,2
david godet,1,1,100%,2
electricien neuilly sur seine,1,1,100%,2
entreprise btp toulouse,1,1,100%,2
horacio pinto,1,1,100%,2
matteo dalla vecchia,1,1,100%,2
npqc,1,1,100%,2
sergiu cazacu,1,1,100%,2
bilel rahmouni,1,1,100%,3
damien electricien,1,1,100%,3
jms peinture,1,1,100%,3
john rias,1,1,100%,3
josé peter,1,1,100%,3
julie herlin,1,1,100%,3
osman oran,1,1,100%,3
pedro cueva,1,1,100%,3
ana maria grosu,1,1,100%,4
isostil,1,1,100%,4
marc mitri,1,1,100%,4
marco saraniti,1,1,100%,4
maxime begue,1,1,100%,4
tarif jardinier nice,1,1,100%,4
yohan perera,1,1,100%,4
ariel picard,1,1,100%,5
jonathan castagna,1,1,100%,5
marc vallant,1,1,100%,5
artisan peintre en bâtiment autour de moi,1,1,100%,6
bastien baumann,1,1,100%,6
fabrice goujon,1,1,100%,6
frederic reignier,1,1,100%,6
serrurier changement de serrure prix,1,1,100%,6
talha warraich,1,1,100%,6
adelec sarl,1,1,100%,7
jeremy chevallier,1,1,100%,7
marchenoy expert,1,1,100%,7
acrobate des cimes,1,1,100%,8
air therm,1,1,100%,8
aleksandrs blohins,1,1,100%,8
castagna jonathan,1,1,100%,8
clement gartner,1,1,100%,8
daniel wlodarczyk,1,1,100%,8
hubert willems,1,1,100%,8
marine villard,1,1,100%,8
airo energy,1,1,100%,9
enduiseur saint brieuc,1,1,100%,9
nettoyage locaux professionnels prix,1,1,100%,9
nicolas lafaye,1,1,100%,9
roland grandjean,1,1,100%,9
ats be,1,1,100%,10
bruno hoguet,1,1,100%,10
jma architecture,1,1,100%,10
kevin boniface,1,1,100%,10
les toits de quentin,1,1,100%,10
martin millet,1,1,100%,10
nicolas fauchoux,1,1,100%,10
pascal londero,1,1,100%,10
charpentier france,1,1,100%,11
couvreur noyelles godault,1,1,100%,11
michel benedetto,1,1,100%,11
paysagiste draguignan,1,1,100%,11
valentin rodier,1,1,100%,11
devis serrurerie,1,1,100%,13
mg interior design,1,1,100%,13
flore gustin,1,1,100%,14
amo chaumoise,1,1,100%,15
geometre pornic,1,1,100%,16
géomètre lamballe,1,1,100%,17
artisan icardi,1,1,100%,18
oxipest,1,1,100%,19
antoine salin,1,1,100%,20
cuisiniste nouméa,1,1,100%,20
paysagiste benfeld,1,1,100%,20
serrurier saint flour,1,1,100%,20
talbi plomberie,1,1,100%,20
fabrice bonne,1,1,100%,21
sunlight energy avis,1,1,100%,22
porte blindée perpignan,1,1,100%,24
artisan pose velux,1,1,100%,25
déménagement brest pas cher,1,1,100%,25
couvreur montmorillon,1,1,100%,26
plombier bellerive sur allier,1,1,100%,26
couvreur conflans,1,1,100%,28
plombier saint jory,1,1,100%,29
gtb consultants,1,1,100%,30
allo depanne goeta,1,1,100%,33
patrick casado,1,1,100%,34
plombier mions,1,1,100%,38
christine kalus,1,1,100%,44
jardinier tarbes,1,1,100%,45
laurent scherrer,1,1,100%,58
paysagiste dourdan,1,1,100%,65
guy platon,1,1,100%,69
plagniol sébastien,0,1360,0%,5.63
serrurier lyon,0,538,0%,70.87
travauxmatch bordeaux artisans,0,487,0%,16.05
dératisation saint-ouen-l'aumone,0,418,0%,40.73
dératisation les ulis,0,416,0%,34.06
dératisation le chesnay-rocquencourt,0,402,0%,35.04
dératisation les lilas,0,399,0%,40.96
dératisation cachan,0,398,0%,37.03
serrurier,0,379,0%,53.53
dératisation sannois,0,376,0%,38.02
dératisation clichy-sous-bois,0,373,0%,41.13
serrurier grenoble,0,367,0%,74.15
consultation géomètre,0,355,0%,17.55
dératisation palaiseau,0,350,0%,43.34
dératisation guyancourt,0,347,0%,36.15
cuisiniste meyzieu,0,333,0%,29.04
dératisation rosny-sous-bois,0,328,0%,38.99
dératisation tremblay-en-france,0,327,0%,35.55
dératisation draveil,0,327,0%,40.27
deratisation saint louis,0,326,0%,39.11
recherche artisan artisan-en-1-clic,0,321,0%,11.44
dératisation grigny,0,319,0%,39.2
dératisation ris-orangis,0,315,0%,45.15
dératisation bagnolet,0,310,0%,37.62
deratisation villejuif,0,308,0%,40.22
dératisation goussainville,0,299,0%,38.62
dératisation villejuif,0,296,0%,41.99
dératisation vigneux-sur-seine,0,294,0%,34.77
dératisation romainville,0,293,0%,44.33
dératisation villeneuve-d'ascq,0,290,0%,42.36
dératisation orly,0,288,0%,37.19
dératisation arras,0,288,0%,65.66
dératisation villepinte,0,281,0%,37.86
dératisation meudon,0,281,0%,38.48
dératisation gonesse,0,279,0%,37.13
recherche de fuite saint-benoît,0,278,0%,28.79
dératisation maisons-laffitte,0,278,0%,44.43
deratisation villemoisson sur orge,0,274,0%,32.61
dératisation stains,0,274,0%,38.03
dératisation combs-la-ville,0,273,0%,32.06
dératisation athis-mons,0,270,0%,43.09
dératisation bagneux,0,267,0%,41.74
dératisation livry-gargan,0,267,0%,42.93
dératisation ermont,0,263,0%,37.29
dératisation chatou,0,258,0%,36.97
isolation thermique villejuif,0,257,0%,11.88
dératisation herblay-sur-seine,0,255,0%,39.59
alarme centre val de loire,0,253,0%,16.08
"urgence plombier montpellier, languedoc-roussillon proche de moi",0,252,0%,37.33
prix survitrage fenêtre,0,250,0%,26.24
tarif vitrier,0,250,0%,35.65
dératisation fontenay-aux-roses,0,247,0%,35.93
architecte d’intérieur angers,0,246,0%,83.97
dératisation saint-cloud,0,245,0%,42.86
dératisation saint-ouen-sur-seine,0,245,0%,47.04
dératisation torcy,0,243,0%,34.91
dératisation savigny-sur-orge,0,243,0%,41.68
dératisation corbeil-essonnes,0,243,0%,47.19
dératisation clichy,0,241,0%,45.51
vite-un-jardinier professionnel jardin,0,237,0%,13.32
alarme montreuil,0,237,0%,27.3
dératisation clamart,0,237,0%,45.55
"urgence plombier montpellier, languedoc-roussillon",0,236,0%,41.69
prix maçonnerie paysagere,0,230,0%,19.37
dératisation houilles,0,229,0%,32.44
cuisiniste bron,0,228,0%,29.78
alarme nanterre,0,227,0%,28.37
dératisation chatillon,0,226,0%,43.35
dératisation taverny,0,224,0%,43.39
dératisation limeil-brévannes,0,224,0%,45.61
prix vitrage anti effraction,0,223,0%,33.04
prix chemin acces,0,222,0%,27.27
dératisation bondy,0,220,0%,45.81
dératisation bobigny,0,216,0%,43.31
dératisation vincennes,0,215,0%,43.29
dératisation chatenay-malabry,0,214,0%,42.57
parquet thionville,0,213,0%,32.65
alarme rosny sous bois,0,208,0%,29.62
dératisation malakoff,0,208,0%,41.07
deratisation vincennes,0,207,0%,45
rénovation énergétique lanester,0,205,0%,24.73
dératisation garges-lès-gonesse,0,205,0%,41.53
deratisation bry sur marne,0,205,0%,43.58
dératisation pontoise,0,204,0%,41.36
dératisation dunkerque,0,203,0%,39.65
dératisation thiais,0,202,0%,35.5
dératisation deuil-la-barre,0,201,0%,31.42
dératisation savigny-le-temple,0,201,0%,44.49
dératisation villemomble,0,199,0%,37.35
dératisation sucy-en-brie,0,199,0%,45.45
dératisation douai,0,198,0%,43.53
cuisiniste tournefeuille,0,197,0%,32
dératisation trappes,0,195,0%,33.53
dératisation sevran,0,195,0%,33.9
dératisation brunoy,0,193,0%,39.8
pose vinyle metz,0,191,0%,18.15
survitrage fenetre prix,0,191,0%,29.66
panneaux solaires deux-sèvres,0,191,0%,30.78
dératisation sarcelles,0,190,0%,45.41
vitrier bagnolet,0,189,0%,44.59
deratisation rosny sous bois,0,188,0%,31.89
dératisation montigny-le-bretonneux,0,187,0%,35.1
artisan-en-1-clic recherche artisan,0,186,0%,12.92
dératisation montfermeil,0,186,0%,31.97
dératisation longjumeau,0,186,0%,41.23
dératisation versailles,0,186,0%,43.59
dératisation fresnes,0,184,0%,38.1
deratisation longjumeau,0,184,0%,41.72
dératisation choisy-le-roi,0,183,0%,38.46
dératisation eaubonne,0,183,0%,39.46
tendances marché plomberie urgence paris 2026,0,182,0%,8.03
dératisation epinay-sur-seine,0,182,0%,39.24
dératisation la crau,0,181,0%,41.03
alarme villeurbanne,0,178,0%,27.52
serrurier aix-les-bains,0,178,0%,38.19
prix pose credence,0,177,0%,27.56
dératisation alfortville,0,176,0%,41.11
dératisation saint-maur-des-fossés,0,176,0%,43.93
dératisation villiers-le-bel,0,175,0%,31.51
dératisation villiers-sur-marne,0,175,0%,35.07
cuisiniste romans sur isere,0,175,0%,35.18
prix survitrage,0,174,0%,25.97
dératisation elancourt,0,173,0%,32.44
prix gouttiere metal laque,0,171,0%,27.33
dératisation montgeron,0,171,0%,35.85
prix gouttières métal laqué,0,170,0%,26.1
deratisation trappes,0,170,0%,29.7
dératisation bois-colombes,0,170,0%,44.46
ashley hautot,0,167,0%,9.26
dératisation gagny,0,167,0%,34.42
dératisation le plessis-robinson,0,166,0%,39.01
fenetre double vitrage la talaudiere,0,165,0%,21.12
prix parquet gondolé,0,164,0%,18.38
dératisation franconville,0,164,0%,38.9
deratisation avon,0,164,0%,39.4
dératisation sartrouville,0,164,0%,42.82
alarme anglet,0,163,0%,32.22
dératisation sèvres,0,163,0%,36.97
dératisation yerres,0,163,0%,39.97
cuisiniste issoudun,0,162,0%,12.41
dératisation bezons,0,162,0%,39.66
alarme colomiers,0,161,0%,29.84
dératisation puteaux,0,161,0%,40.01
deratisation montgeron,0,160,0%,31.6
dératisation montrouge,0,160,0%,42.62
déménageur bédarieux de confiance,0,159,0%,13.82
cuisiniste charvieu chavagneux,0,159,0%,18.19
alarme lens,0,159,0%,36.3
alarme la roche sur yon,0,157,0%,23.08
deratisation colombes,0,157,0%,45.86
dératisation de locaux sarrebourg,0,156,0%,24.31
traitement de charpente en bois meyzieu,0,156,0%,25.42
cuisiniste vénissieux,0,156,0%,26.21
serrurier annemasse,0,156,0%,63.21
survitrage prix,0,155,0%,34.66
dératisation vanves,0,155,0%,41.65
dératisation noisy-le-sec,0,154,0%,39.49
installation panneaux solaires gironde,0,154,0%,71.88
dératisation les pavillons-sous-bois,0,153,0%,34.49
desinsectisation st vallier,0,152,0%,17.13
service de déménagement la tronche,0,152,0%,18.92
terrassier roubaix,0,152,0%,27.6
chauffagiste marseille,0,152,0%,32.6
dératisation saint-mandé,0,152,0%,34.75
alarme herouville saint clair,0,151,0%,24.12
dératisation cergy,0,151,0%,53.19
parqueteur annecy,0,151,0%,61.63
cuisiniste belfort,0,150,0%,44.69
dératisation sainte-geneviève-des-bois,0,150,0%,46.72
installateur plancher chauffant martigues,0,149,0%,13.58
alarme nouvelle aquitaine,0,149,0%,15.3
deratisation taverny,0,149,0%,32.07
deratisation choisy le roi,0,149,0%,34.38
dératisation aubervilliers,0,149,0%,42.74
deratisation orleans,0,149,0%,43.45
dératisation roubaix,0,149,0%,55.23
desinsectisation cranves sales,0,148,0%,21.5
urgence plombier proche de moi,0,148,0%,26.33
déménageur chambourcy,0,148,0%,27.22
alarme pontoise,0,148,0%,31.46
dératisation créteil,0,148,0%,48.72
cuisiniste déols,0,147,0%,26.4
dératisation la courneuve,0,147,0%,40.48
entreprise de dératisation de locaux professionnels vitrolles,0,146,0%,18.76
deratisation gentilly,0,146,0%,19.2
dératisation le perreux-sur-marne,0,145,0%,38.49
deratisation bouxwiller,0,144,0%,12.57
vitrier dans le grand-est,0,143,0%,18.45
deratiseur st vallier,0,143,0%,18.45
deratisation montbéliard,0,142,0%,33.94
dératisation viry-chatillon,0,142,0%,46.83
vitrier cergy,0,141,0%,44.3
dératisation mulhouse,0,141,0%,49.16
dératisation cormeilles-en-parisis,0,140,0%,33.66
facadier annecy,0,140,0%,40.84
dératisation de locaux bischheim,0,139,0%,25.71
dératisation drancy,0,139,0%,42.55
dératisation rambouillet,0,139,0%,44.3
vitre cassee grasse,0,138,0%,15.86
ramoneur montataire,0,138,0%,20.79
dératiseurs bischheim,0,137,0%,29.54
dératisation levallois-perret,0,137,0%,48.81
déménageur corenc,0,136,0%,8.62
cuvelage fougères,0,136,0%,11.18
peintre en bâtiment le plessis-trévise,0,136,0%,23.44
cuisiniste colomiers,0,136,0%,30.18
prix vitrier,0,136,0%,33.43
plombier aubagne,0,136,0%,40.24
alarme saint denis,0,135,0%,30.16
serrurier aix les bains,0,135,0%,41.37
vitrier nanterre,0,135,0%,44.52
déménagement de logement guidel,0,134,0%,20.61
alarme maisons alfort,0,134,0%,33.78
dératisation charenton-le-pont,0,134,0%,42.59
alarme chatenay malabry,0,132,0%,28.74
serrurier la ravoire,0,132,0%,33.31
alarme chambery,0,132,0%,37.29
serrurier la cadière d’azur,0,132,0%,40.26
débouchage de canalisation saint-joseph-de-beauce,0,132,0%,60.02
vitrier grenoble,0,132,0%,63.32
dératisation bussy-saint-georges,0,129,0%,33.08
dératisation valenciennes,0,129,0%,43.89
dératisation villeparisis,0,128,0%,28.1
cuisiniste romans-sur-isère,0,128,0%,33.85
degats des eaux annecy,0,127,0%,7.67
dératisation rognac,0,127,0%,27.04
traitement de charpente meyzieu,0,127,0%,31.92
dératisation villeneuve-la-garenne,0,127,0%,32.16
installateur panneaux solaires geispolsheim,0,126,0%,13.48
géomètre la mothe achard,0,125,0%,7.36
serrurier cruseilles,0,125,0%,19.22
déménageur vaucresson,0,125,0%,21.14
traitement charpente 50,0,125,0%,34.73
artisan serrurier,0,125,0%,49.58
vitrier guyancourt,0,123,0%,25.09
deratisation saverne,0,123,0%,27.27
deratisation ermont,0,123,0%,35.7
dératisation pantin,0,123,0%,36.53
serrurier chamonix,0,123,0%,38.28
dératisation suresnes,0,123,0%,39.33
déménagement de maisons ploemeur,0,122,0%,18.1
alarme illkirch graffenstaden,0,122,0%,27.53
dératisation le pradet,0,122,0%,35.46
vitrier malakoff,0,122,0%,36.2
serrurier cluses,0,122,0%,38.37
cuisiniste charvieu-chavagneux,0,121,0%,17.69
dératisation haute-saône,0,121,0%,22.64
vitrier stains,0,121,0%,24.48
architecte d'intérieur athis mons,0,121,0%,24.95
recherche de fuite mamoudzou,0,121,0%,38.21
deratisation sarcelles,0,121,0%,39.81
serrurier breuillet,0,121,0%,44.78
dératisation fontenay-sous-bois,0,121,0%,46.62
cuisiniste mehun-sur-yèvre,0,120,0%,16.93
isolation thermique arles,0,120,0%,23.93
plâtrier traditionnel normandie,0,120,0%,24.65
serrurier rumilly,0,120,0%,38.77
dératisation pontault-combault,0,120,0%,41.17
contrat dératisation saint-nazaire,0,119,0%,9.69
artisan-en-1-clic contacter artisan,0,119,0%,14.48
terrassiers billère,0,119,0%,16.77
coût architecte d intérieur essonne 91,0,119,0%,16.92
alarme tourcoing,0,119,0%,28.91
dératisation belfort,0,119,0%,53.68
déménagement longue distance la baule-escoublac,0,118,0%,25.58
cuisiniste meylan,0,118,0%,26.59
prix reparation fuite toiture,0,118,0%,30.62
recherche de fuite lamentin,0,118,0%,32.13
vitrier massy,0,118,0%,40.24
déménageur arradon,0,117,0%,12.35
alarme la penne sur huveaune,0,117,0%,37.09
dératisation massy,0,117,0%,42.58
dératisation grenoble,0,117,0%,54.22
alarme marquette lez lille,0,116,0%,18.92
plomberie saint-benoît,0,116,0%,21.33
devis plomberie gujan mestras,0,116,0%,30.56
deratisation stains,0,116,0%,31.95
store banne la talaudiere,0,115,0%,22.06
alarme troyes,0,115,0%,36.05
déménageur la tronche,0,114,0%,14.39
dératisation champs-sur-marne,0,114,0%,29.86
plombier sarcelles,0,114,0%,45.29
vitrier villejuif,0,114,0%,46.58
deratisation mulhouse,0,114,0%,47.8
dératisation maisons-alfort,0,114,0%,52.38
"dératisation, désinsectisation, désinfection bruz",0,113,0%,31.71
plombier vert saint denis,0,113,0%,32.16
dératisation melun,0,113,0%,46.01
dératisation montreuil,0,113,0%,49.74
dératisation plaisir,0,112,0%,26.42
traitement de charpente décines-charpieu,0,112,0%,27.63
dératisation vitry-sur-seine,0,112,0%,45.62
deratisation annemasse,0,111,0%,39.82
travaux de peinture eure,0,110,0%,20.47
serrurier cognin,0,110,0%,34.86
menuisier les herbiers,0,110,0%,38.75
dératisation champigny-sur-marne,0,110,0%,44.19
plombier,0,109,0%,26.64
cuisiniste tourcoing,0,109,0%,27.16
dératisation les mureaux,0,109,0%,33
alarme châteauroux,0,109,0%,37.64
dératisation courbevoie,0,109,0%,49.56
devis travaux vesoul,0,108,0%,21.13
prix gouttiere zinc,0,108,0%,58.76
couvreur aubagne,0,108,0%,65.57
aménagement salle de bain haute saone,0,107,0%,18.91
étanchéité courbevoie,0,107,0%,44.17
dératisation la garenne-colombes,0,107,0%,46.99
alarme evry,0,106,0%,23.11
electricien,0,106,0%,43.8
vitrier en centre-val de loire,0,105,0%,17.86
panneau solaire la talaudiere,0,105,0%,18.31
traitement capricorne saint brieuc,0,105,0%,18.6
artisan vitrier courbevoie,0,105,0%,30.74
recherche de fuite baie-mahault,0,105,0%,37.2
electricien montaigu,0,105,0%,37.35
vitrier montpellier,0,105,0%,51.81
installateur sunpower laval,0,105,0%,73.59
traitement xylophages saint hilaire du harcouet,0,104,0%,12.38
remplacement vitre grasse,0,104,0%,14.78
traitement xylophages douarnenez,0,104,0%,24.22
dératisation bischheim,0,104,0%,25.08
dératisation l'haã¿-les-roses,0,104,0%,29.83
plombier montaigu,0,104,0%,30.68
dératisation le blanc-mesnil,0,104,0%,33.86
prix pose moquette,0,104,0%,36.23
installateurs climatisation tarnos,0,103,0%,20.27
entreprise traitement charpente quimperlé,0,103,0%,20.63
prix réparation fissures façade,0,103,0%,26.45
serrurier chambéry,0,103,0%,43.89
peinture bâtiments professionnels les achards,0,102,0%,10.93
déménagement de maisons guidel,0,102,0%,16.57
rénovation globale lorient,0,102,0%,23.2
prix menuisier,0,102,0%,33.87
les artisans déménageurs avis,0,102,0%,43.13
alarme saint-lô,0,101,0%,22.11
deratisation ablon sur seine,0,101,0%,28.72
étanchéité malakoff,0,101,0%,37.72
serrurier à sud aveyron (département),0,101,0%,41.65
dératisation conflans-sainte-honorine,0,101,0%,46.42
parquet cloué cannes,0,100,0%,9.76
installation de panneaux solaires à verneuil-sur-seine,0,100,0%,10.71
dératisation roissy-en-brie,0,100,0%,35.52
dératisation nancy,0,100,0%,59.82
service de déménagement poisat,0,99,0%,10.8
deratisation selestat,0,99,0%,27.32
dératisation villeneuve-saint-georges,0,99,0%,35.67
alarme melun,0,99,0%,36.54
artisan peintre le plessis-trévise,0,99,0%,39.16
dératisation nogent-sur-marne,0,99,0%,40.38
dératisation gennevilliers,0,99,0%,41.66
vitre cassee le cannet,0,98,0%,18.49
déménageur louveciennes,0,98,0%,22.6
artisan vitrier ile de france,0,98,0%,28.09
gouttière zinc poissy,0,98,0%,31.09
traitement xylophages lamballe,0,98,0%,34.15
cuisiniste indre,0,98,0%,43.34
étanchéité l'haÿ les roses,0,98,0%,51.62
devis alarme entreprise,0,97,0%,19.54
déménageur seyssinet-pariset,0,97,0%,23.78
déménagement la madeleine,0,97,0%,25.42
combien coûte contrôle accès,0,97,0%,30.65
dératisation haguenau,0,97,0%,32.09
dératisation le kremlin-bicetre,0,97,0%,36.44
deratisation belfort,0,97,0%,46.02
dératisation de locaux saverne,0,96,0%,26.18
cuisiniste carquefou,0,96,0%,26.41
vitrier prix,0,96,0%,34.25
plombier villejuif,0,96,0%,45.16
dératisation asnières-sur-seine,0,96,0%,47.93
cuvelage lannion,0,95,0%,14.64
charpente industrielle métal prix,0,95,0%,17.79
peintre en bâtiment val-de-marne (94),0,95,0%,21.85
serrurier à saint-affrique,0,95,0%,33.35
alarme connectee smartphone,0,95,0%,39.57
entreprise de nettoyage vierzon,0,95,0%,42.63
recherche de fuite pessac,0,95,0%,45.02
cuisine charvieu chavagneux,0,94,0%,12.52
dératisation de locaux réding,0,94,0%,14.86
cuvelage concarneau,0,94,0%,19.2
alarme bobigny,0,94,0%,27.32
déménagement longue distance chemillé-en-anjou,0,94,0%,36.11
serrurier cessy,0,94,0%,41.93
deratisation villeurbanne,0,94,0%,56.68
plombier bassens,0,94,0%,57.16
plombier cergy,0,94,0%,64.94
prix nivellement terrain m2,0,93,0%,8.71
rénovation globale lanester,0,93,0%,15.53
débistrage montataire,0,93,0%,16.31
isolation thermique bois d'arcy,0,93,0%,17.57
électricien à millau,0,93,0%,22.88
peintre en batiment arles,0,93,0%,43.76
serrurier marignane,0,93,0%,44.63
façadier toulouse,0,93,0%,64.2
simple vitrage le cannet,0,92,0%,11.8
dératisation guyane,0,92,0%,17.71
cuisiniste valserhone,0,92,0%,20.07
dératisation sarrebourg,0,92,0%,23.41
ramonage anglet,0,92,0%,23.59
service de déménagement saint-martin-le-vinoux,0,92,0%,27.96
traitement charpente les sables d’olonne,0,92,0%,28.23
alarme la valette du var,0,92,0%,30.24
vitrier saint-priest,0,92,0%,30.78
zingueur,0,92,0%,33.64
dératisation evry-courcouronnes,0,92,0%,43.15
vitrier meudon,0,92,0%,50.2
plombier vigneux,0,92,0%,63.84
alarme fontaine les dijon,0,91,0%,17.45
devis vesoul,0,91,0%,24.97
domoticien nantes,0,91,0%,33.52
desinsectisation roquefort,0,91,0%,33.75
cuisiniste pessac,0,91,0%,36.73
comble le mans,0,91,0%,45.96
débouchage wc wattrelos,0,90,0%,34.54
recherche de fuite koungou,0,90,0%,35.61
pose parquet flottant arles,0,90,0%,36.57
dératisation poissy,0,90,0%,36.93
dératisation meaux,0,90,0%,38.83
prix fenêtre creil,0,89,0%,13.31
alarme pays de la loire,0,89,0%,20.3
déménageur guidel,0,89,0%,21.84
installateur domotique essonne 91,0,89,0%,22.28
alarme saint-nazaire,0,89,0%,25.39
déménageur saint-martin-le-vinoux,0,89,0%,26.12
destruction nid de guêpes wittenheim,0,89,0%,35.26
isolation thermique franconville,0,89,0%,40.35
dératisation neuilly-sur-marne,0,89,0%,43.57
recherche de fuite arles,0,89,0%,54.15
cuisiniste valserhône,0,88,0%,19.88
charpente métallique industrielle prix,0,88,0%,20.52
deratisation vaucresson,0,88,0%,22.19
dératisation cassis,0,88,0%,25.26
traitement xylophages saint brieuc,0,88,0%,27.76
alarme salon de provence,0,88,0%,27.92
alarme dunkerque,0,88,0%,29.11
alarme arras,0,88,0%,29.33
tarif contrôle accès,0,88,0%,30.86
dératisation lille,0,88,0%,34.24
artisans rénovation salle de bains,0,87,0%,16.84
serrurier crosne,0,87,0%,20.63
déménagement bureaux bédarieux,0,87,0%,22.43
cuisiniste lure,0,87,0%,25.07
deratisation oullins,0,87,0%,28.2
alarme argenteuil,0,87,0%,32.33
recherche de fuite saint-laurent-du-maroni,0,87,0%,32.66
prix depannage chauffage,0,87,0%,32.7
deratisation montereau fault yonne,0,87,0%,36.59
isolation thermique aubagne,0,87,0%,37.02
artisan rge saint-martin-de-seignanx,0,87,0%,38.02
plombier villenave-d'ornon,0,87,0%,43.15
vitrier versailles,0,87,0%,50.98
dératisation urgence,0,87,0%,90.79
alarme saint lo,0,86,0%,23.16
vitrier draveil,0,86,0%,26.71
prix pose faience murale,0,86,0%,28.3
façadier villeneuve-d'ascq,0,86,0%,29.97
cuisiniste chateauroux,0,86,0%,38.2
alarme creteil,0,86,0%,40.34
tarif pose gouttière zinc,0,85,0%,18.16
déménagement de villa ploemeur,0,85,0%,18.53
serrurier bonneville,0,85,0%,30.02
tarif nettoyage industriel,0,85,0%,37.06
travaux peinture devis grenoble,0,85,0%,41.82
desinsectisation grasse,0,85,0%,43.76
multirisque 100% pro marseille 6e,0,85,0%,45.91
plombier thonon-les-bains,0,85,0%,46.09
alarme tours,0,85,0%,46.72
plombier enghien les bains,0,85,0%,48.39
reparation fuite eau lamentin,0,84,0%,8.49
tarifs serrurier la roche sur yon,0,84,0%,18.45
dératiseurs sarrebourg,0,84,0%,22.93
dératisation saverne,0,84,0%,25.44
remontées capillaires segré,0,84,0%,27.06
traitement mérule antibes,0,84,0%,27.19
déménageur conflans,0,84,0%,33.85
artisan chauffagiste,0,84,0%,35.23
cuisine sur mesure caluire,0,84,0%,38.56
amenagement de comble le mans,0,84,0%,46.79
devis plomberie chantilly,0,84,0%,49.49
vitrier saint-privat-des-vieux,0,83,0%,6.76
interphone houilles,0,83,0%,11.94
traitement contre rats réding,0,83,0%,12.48
wc bouché le cannet,0,83,0%,19.36
prix pose revêtement sol antidérapant,0,83,0%,21.42
cuisiniste chassieu,0,83,0%,21.65
déménageur triel sur seine,0,83,0%,24.71
terrassier tourcoing,0,83,0%,24.88
déménagement manutention ploemeur,0,83,0%,24.99
prix d un vitrier,0,83,0%,27.63
cuisiniste bourg-lès-valence,0,83,0%,30.83
cuisiniste rillieux la pape,0,83,0%,33.73
serrurier sallanches,0,83,0%,35.89
coût remplacement vitre,0,83,0%,36.08
cuisiniste saint louis,0,83,0%,38.75
storiste,0,83,0%,39.2
facadier toulouse,0,83,0%,49.35
dératisation villeurbanne,0,83,0%,55.34
nettoyage vapeur à domicile la ricamarie,0,82,0%,4.12
dératiseur pour une cave de maison saint-victoret,0,82,0%,5.12
artisan serrurier cergy,0,82,0%,25.95
carreleur villeneuve-d'ascq,0,82,0%,29.28
coût contrôle accès,0,82,0%,30.46
dératisation saint alban leysse,0,82,0%,31.17
deratiseur roquefort,0,82,0%,35.72
dératisation antony,0,82,0%,40.59
recherche de fuite capesterre-belle-eau,0,82,0%,40.68
dératisation chelles,0,82,0%,45.16
dératisation colombes,0,82,0%,51.99
dératisation tourcoing,0,82,0%,54.94
cuisiniste lyon,0,82,0%,55.41
plomberie sanitaire blain,0,81,0%,21.81
désinsectisation haute-saône,0,81,0%,26.84
deratisation montrouge,0,81,0%,30.73
prix remplacement de vitrage,0,81,0%,34.35
alarme chalon sur saone,0,81,0%,34.57
serrurier viry,0,81,0%,37.91
serrurier nans-les-pins,0,81,0%,40.01
dératisation etampes,0,81,0%,42.91
devis plomberie à chantilly,0,81,0%,49.37
déménageur poisat,0,80,0%,7.81
interphone beauvais,0,80,0%,12.25
géomètre permis de construire rodez,0,80,0%,12.36
ramonage montataire,0,80,0%,20.38
storiste mérignac,0,80,0%,26.86
vitrier bagneux,0,80,0%,42.88
dératisation argenteuil,0,80,0%,44.44
couvreur indre,0,80,0%,44.46
dératisation sète,0,80,0%,53.65
entreprise dératisation la joliette marseille,0,79,0%,6.42
https://www.devis-artisan.fr/articles/geometre/bornage-de-terrain-processus,0,79,0%,7.18
radiateurs bruyants colombes,0,79,0%,13.59
cuisiniste saint didier au mont d'or,0,79,0%,13.66
vitre casse grasse,0,79,0%,15.01
isolation maison dinard,0,79,0%,18.89
fuite eau talence,0,79,0%,25
prix décaissement terrain,0,79,0%,26.89
vitrier pontoise,0,79,0%,43.94
plombier compiègne,0,79,0%,48.29
serrurier la bouilladisse,0,79,0%,52.65
tarif horaire plombier france 2026,0,78,0%,5.76
vitrier saint-pierre-en-auge,0,78,0%,9.85
dératiseur neuville en ferrain,0,78,0%,11.13
artisan-en-1-clic chercher artisan,0,78,0%,15.96
entretien climatisation tarnos,0,78,0%,18.12
carreleur challans,0,78,0%,19.12
désinsectiseurs fénétrange,0,78,0%,26.77
menuisier chassieu,0,78,0%,26.77
panneau solaire sorbiers,0,78,0%,34.91
vitrier gennevilliers,0,78,0%,37.76
electricien les herbiers,0,78,0%,38.14
plombier les herbiers,0,78,0%,40.56
déménagement de logement arradon,0,77,0%,10.65
débistrage de conduit hénin-beaumont,0,77,0%,16.82
plombier pas cher talence,0,77,0%,21.73
dératisation haute-saône couthenans,0,77,0%,22.9
tarif plombier paris nuit,0,77,0%,24.71
vitrier montrouge,0,77,0%,29.97
cuisiniste bourg les valence,0,77,0%,32
alarme epinal,0,77,0%,35.57
vitrier levallois perret,0,77,0%,47.21
electricien paris,0,77,0%,59.34
nettoyage appartements marnaz,0,76,0%,10.59
prix isolation grenier martinique,0,76,0%,12.34
cuisine charvieu-chavagneux,0,76,0%,13.59
traitement de charpente en bois décines-charpieu,0,76,0%,13.64
cuisine bron,0,76,0%,24.87
dératisation bagnols-sur-cèze,0,76,0%,25.62
vitrier saint-martin-d'hères,0,76,0%,25.66
vitrier en normandie,0,76,0%,28.47
parqueteur perreux-sur-marne,0,76,0%,32.32
plombier bonneville,0,76,0%,65.41
dératisation à argelès-gazost,0,75,0%,8.48
prix chéneau zinc ml,0,75,0%,12.21
cuisiniste villeparisis,0,75,0%,14.13
déménagement longue distance ploërmel,0,75,0%,15.53
deratisation le chesnay,0,75,0%,19.37
dératisation la motte-servolex,0,75,0%,25.23
travaux de peinture pont-audemer,0,75,0%,26.11
vitrier dans le pays de la loire,0,75,0%,26.33
menuisier prix,0,75,0%,30.17
isolation thermique le chesnay,0,75,0%,30.76
dératisation marignane,0,75,0%,31.89
dératisation béziers,0,75,0%,46.21
artisan déménageur,0,75,0%,52
plombier passy,0,75,0%,54.04
dératisation rueil-malmaison,0,75,0%,55.05
vite-un-jardinier.fr devis gratuit,0,74,0%,15.7
cuisiniste pays de la loire,0,74,0%,16.15
plombier chauffagiste à saint-benoît,0,74,0%,18.31
vitrier colomiers,0,74,0%,23.2
déménageurs guidel,0,74,0%,27.76
serrurier valenton,0,74,0%,32.15
vitrier saint herblain,0,74,0%,32.27
vitrier athis mons,0,74,0%,32.53
cuisiniste les herbiers,0,74,0%,34.36
désinsectisation 84,0,74,0%,34.69
ramonage chalon-sur-saône,0,74,0%,35.26
serrurier mimet,0,74,0%,36.35
plombier urgence,0,74,0%,49.54
géomètre-expert devis blois,0,73,0%,7.3
géomètre-expert permis de construire dijon,0,73,0%,9.27
géomètre division parcellaire toulouse,0,73,0%,13.12
lutte contre les rongeurs issoire,0,73,0%,18.75
dératisation réding,0,73,0%,19.01
tarif plomberie paris,0,73,0%,20.11
devis alarme,0,73,0%,21.86
deratisation le thoronet,0,73,0%,23.23
carreleur plâtrier à sèvremoine,0,73,0%,23.79
rénovation toiture saint-benoît,0,73,0%,24.05
artisan carreleur castelsarrasin,0,73,0%,24.88
cuisiniste saint herblain,0,73,0%,30.99
plombier vernon,0,73,0%,33.1
devis peinture albi,0,73,0%,41.45
serrurier fuveau,0,73,0%,42.59
plombier palaiseau,0,73,0%,44.07
déménagement de maisons arradon,0,72,0%,6.32
devis nettoyage,0,72,0%,8.21
géomètre-expert permis de construire gennevilliers,0,72,0%,9.01
devis carrelage thonon,0,72,0%,9.88
géomètre-expert devis gennevilliers,0,72,0%,10.08
déménageurs arradon,0,72,0%,11.94
vitrier levens,0,72,0%,12.08
entreprise de dératisation de locaux professionnels saint victoret,0,72,0%,13.17
pose miroir grasse,0,72,0%,15.49
deratisation cormeilles en parisis,0,72,0%,18.29
couvreur étang la ville,0,72,0%,27.53
peinture bâtiments professionnels mouilleron-le-captif,0,72,0%,27.96
déménageur les herbiers,0,72,0%,28.67
isolation thermique le plessis bouchard,0,72,0%,33.57
plombier parthenay,0,72,0%,37.18
installation domotique besançon,0,72,0%,38.22
dératisation brétigny-sur-orge,0,72,0%,39.69
cuisiniste oyonnax,0,72,0%,44.29
plombier carquefou,0,72,0%,45.79
charpentier saint-herblain,0,72,0%,47.78
dératisation strasbourg,0,72,0%,48.35
isolation thermique viry-chatillon,0,72,0%,48.51
étanchéiste,0,72,0%,48.94
deratisation urgence,0,72,0%,50.61
géomètre-expert permis de construire rodez,0,71,0%,12.45
dératisation falaise,0,71,0%,14.07
géometre bédarieux,0,71,0%,15.87
travaux dégâts des eaux roanne,0,71,0%,19.72
pose fenetre la talaudiere,0,71,0%,20.31
double vitrage cannes,0,71,0%,31.56
vitrier aubervilliers,0,71,0%,40.9
deratisation fontenay-sous-bois,0,71,0%,41.99
multirisque 100% pro marseille 7e,0,71,0%,52.35
plombier chatou,0,71,0%,59.23
nettoyage parties communes marnaz,0,70,0%,8.6
carreleur professionnel douvaine,0,70,0%,9.6
artisan certifié issoire,0,70,0%,9.87
entreprise de déménagement arradon,0,70,0%,12.71
serrurier en nouvelle aquitaine,0,70,0%,14.86
tubage des conduits montataire,0,70,0%,15.2
déménageur couzeix,0,70,0%,18.4
fabricant pergola bioclimatique montataire,0,70,0%,21.8
ferronnier villefranche-sur-saône,0,70,0%,23.07
inspection conduit de cheminée prix,0,70,0%,25.23
contrat sanitation haguenau,0,70,0%,29.79
cuisine sur mesure rillieux la pape,0,70,0%,30.64
étanchéité bagnolet,0,70,0%,31.83
carreleur la roche sur yon,0,70,0%,36.37
plombier chauffagiste marseille,0,70,0%,39.09
ravalement de façade melun,0,70,0%,48.44
deratisation neuilly sur seine,0,70,0%,49.51
traitement cafards lingolsheim,0,70,0%,66.74
artisan service,0,69,0%,9.22
reparation fuite eau baie-mahault,0,69,0%,10.14
déménagement courte distance arradon,0,69,0%,10.67
cuisiniste corbas,0,69,0%,12.13
alarme bourgogne franche comte,0,69,0%,14.32
prix pose porte intérieure,0,69,0%,14.81
traitement contre rongeurs réding,0,69,0%,15.96
wc bouché séné,0,69,0%,16.51
alarme quetigny,0,69,0%,16.81
prix nettoyage partie commune,0,69,0%,18.1
platerie à bergerac,0,69,0%,18.57
vite-un-jardinier trouver jardinier,0,69,0%,19.49
pompe à chaleur saint-jean-de-luz,0,69,0%,19.75
interphone chambery,0,69,0%,20.04
isolation thermique rosny sous bois,0,69,0%,22.62
dératisation bouc bel air,0,69,0%,26.58
deratisation evian,0,69,0%,28.7
desinsectisation la motte-servolex,0,69,0%,29.8
société dératisation issoire,0,69,0%,30.33
alarme besancon,0,69,0%,34.55
vitrier evry,0,69,0%,38.59
cuisiniste caluire,0,69,0%,40.55
dératisation toulon,0,69,0%,60.93
brise soleil mougins,0,68,0%,7.03
services de déménagement maison arradon,0,68,0%,9.49
artisan expérimenté issoire,0,68,0%,9.69
plâtrier guer,0,68,0%,11.37
devis géomètre gennevilliers,0,68,0%,11.41
cuisiniste saint-didier-au-mont-d’or,0,68,0%,15.49
recherche de fuite sur toiture décines-charpieu,0,68,0%,15.91
demenagement croissy-sur-seine,0,68,0%,16.56
cuisiniste talence,0,68,0%,21.18
deratisation goussainville,0,68,0%,21.19
pompe à chaleur tarn et garonne,0,68,0%,22.85
service de déménagement eybens,0,68,0%,24.75
deratisation cassis,0,68,0%,25.28
wc bouché draguignan,0,68,0%,25.53
