"﻿""PR""",URL,Title,Content type,Is rendered page,HTTP status code,Organic traffic,Depth,Meta description,Meta description length,No. of meta descriptions,Is indexable page
50,https://servicesartisans.fr/guides/maprimerenov-2026,"MaPrimeRénov 2026 : Montants, Conditions et Guide | ServicesArtisans",text/html; charset=utf-8,false,200,4,0,"Guide complet MaPrimeRénov 2026 : montants jusqu'à 70 000 €, conditions d'éligibilité, barèmes de revenus, parcours accompagné et par geste. Tout pour obtenir votre aide à la rénovation énergétique.",198,1,true
28,https://servicesartisans.fr/questions/prix-pose-carrelage-m2,Quel est le prix de la pose de carrelage au m² ? | ServicesArtisans | ServicesArtisans,text/html; charset=utf-8,false,200,1,0,"La pose de carrelage coûte entre 30 et 70 € par m² pour la main-d'œuvre seule, hors fourniture. Le carrelage varie de 15 à 100 €/m². Au total, comptez 50 à 150 €/m² pose et fourniture comprises.",194,1,true
20,https://servicesartisans.fr/questions/peindre-soi-meme-conseils,Comment bien peindre soi-même un mur ? | ServicesArtisans | ServicesArtisans,text/html; charset=utf-8,false,200,0,0,"Préparez le support (lessivage, ponçage, rebouchage), protégez le sol et les meubles, appliquez une sous-couche puis 2 couches de peinture au rouleau. Peignez en croisant les passes et en lissant de haut en bas.",211,1,true
20,https://servicesartisans.fr/questions/prix-cuisine-equipee-pose,Quel budget pour une cuisine équipée avec pose ? | ServicesArtisans | ServicesArtisans,text/html; charset=utf-8,false,200,0,0,"Une cuisine équipée avec pose coûte entre 5 000 et 12 000 € en entrée de gamme, 12 000 à 25 000 € en milieu de gamme et 25 000 à 50 000 € en haut de gamme. La pose représente 15 à 25 % du budget total.",201,1,true
20,https://servicesartisans.fr/questions/deboucher-canalisation-astuces,Comment déboucher une canalisation naturellement ? | ServicesArtisans | ServicesArtisans,text/html; charset=utf-8,false,200,0,0,"Versez 6 cuillères à soupe de bicarbonate de soude et 25 cl de vinaigre blanc dans la canalisation, laissez agir 30 minutes puis rincez à l'eau bouillante. En cas de bouchon tenace, utilisez une ventouse ou un furet manuel.",223,1,true
20,https://servicesartisans.fr/questions/prix-peinture-appartement,Quel est le prix pour peindre un appartement ? | ServicesArtisans | ServicesArtisans,text/html; charset=utf-8,false,200,0,0,"Peindre un appartement coûte en moyenne 20 à 40 € par m² de surface murale (murs + plafonds). Pour un appartement de 60 m² au sol, comptez 3 000 à 6 000 € tout compris avec un peintre professionnel.",198,1,true
20,https://servicesartisans.fr/glossaire,Glossaire du bâtiment — 150+ termes expliqués simplement | ServicesArtisans,text/html; charset=utf-8,false,200,0,0,"Glossaire complet du bâtiment et de la rénovation : 150+ termes techniques expliqués simplement pour les particuliers. Gros œuvre, plomberie, électricité, isolation, menuiserie et plus.",185,1,true
20,https://servicesartisans.fr/questions/prix-renovation-maison-m2,Quel est le prix de rénovation d'une maison au m² ? | ServicesArtisans | ServicesArtisans,text/html; charset=utf-8,false,200,0,0,"Le prix de rénovation d'une maison varie de 250 à 600 €/m² pour un rafraîchissement, 600 à 1 200 €/m² pour une rénovation complète et 1 200 à 2 000 €/m² pour une rénovation lourde avec restructuration.",201,1,true
20,https://servicesartisans.fr/guides/permis-construire,Permis de Construire : Quand est-il Obligatoire ? | ServicesArtisans,text/html; charset=utf-8,false,200,0,0,"Guide complet permis de construire 2026 : quand est-il obligatoire (>20m², >40m² en zone PLU), documents requis, délais, coûts et cas spéciaux. Toutes les informations pour vos travaux.",185,1,true
20,https://servicesartisans.fr/questions/recours-malfacon-artisan,Quel recours en cas de malfaçon par un artisan ? | ServicesArtisans | ServicesArtisans,text/html; charset=utf-8,false,200,0,0,"En cas de malfaçon, envoyez une mise en demeure par LRAR à l'artisan, puis saisissez son assurance décennale. Si le litige persiste, vous pouvez recourir à la médiation de la consommation (gratuite) ou saisir le tribunal judiciaire. Le délai de prescription est de 10 ans pour les désordres décennaux.",301,1,true
20,https://servicesartisans.fr/questions/installer-borne-recharge-soi-meme,Peut-on installer une borne de recharge soi-même ? | ServicesArtisans | ServicesArtisans,text/html; charset=utf-8,false,200,0,0,"Non, l'installation d'une borne de recharge de plus de 3,7 kW doit obligatoirement être réalisée par un électricien qualifié IRVE (Infrastructure de Recharge pour Véhicule Électrique). Seule une prise renforcée peut être installée soi-même.",240,1,true
20,https://servicesartisans.fr/statistiques-artisans-france,Statistiques Artisans France 2026 : Chiffres Clés | ServicesArtisans,text/html; charset=utf-8,false,200,0,0,"1343k+ artisans référencés. Chiffres clés du marché artisanal français : répartition géographique, tarifs moyens, rénovation énergétique, emploi et tendances 2026. Sources : CMA, INSEE, ADEME, CAPEB, FFB.",204,1,true
20,https://servicesartisans.fr/urgence/terrassier,Dépannage terrassier urgent — 24h/24 | ServicesArtisans,text/html; charset=utf-8,false,200,0,0,"Besoin d'un terrassier en urgence ? Disponible selon les artisans de votre secteur partout en France. Devis sous 48h, intervention sous 1 à 3 semaines. Artisans référencés.",172,1,true
20,https://servicesartisans.fr/questions/reception-travaux-comment-faire,Réception des travaux : comment ça se passe ? | ServicesArtisans | ServicesArtisans,text/html; charset=utf-8,false,200,0,0,"La réception est l'acte par lequel vous acceptez les travaux, avec ou sans réserves. Inspectez chaque poste avec l'artisan, listez les défauts dans un procès-verbal de réception signé par les deux parties. Ce PV déclenche les garanties légales (1 an, 2 ans, 10 ans).",266,1,true
20,https://servicesartisans.fr/questions/cout-installation-chaudiere,Combien coûte l'installation d'une chaudière ? | ServicesArtisans | ServicesArtisans,text/html; charset=utf-8,false,200,0,0,"L'installation d'une chaudière coûte entre 3 000 et 12 000 € selon le type. Une chaudière gaz à condensation revient à 3 000-6 000 € posée, une pompe à chaleur air-eau à 8 000-15 000 €. Des aides peuvent couvrir 30 à 50 % du coût.",230,1,true
20,https://servicesartisans.fr/guides/renovation-cuisine,Rénovation Cuisine : Guide Complet des Étapes et Prix 2026 | ServicesArtisans,text/html; charset=utf-8,false,200,0,0,"Guide complet rénovation cuisine 2026 : étapes de conception à la pose, prix par poste (meubles, plan de travail, électroménager), budget total et erreurs à éviter.",164,1,true
20,https://servicesartisans.fr/guides/extension-maison,"Extension de Maison : Démarches, Prix et Conseils 2026 | ServicesArtisans",text/html; charset=utf-8,false,200,0,0,"Guide complet extension de maison 2026 : types d'extensions (latérale, surélévation, véranda), démarches administratives, prix au m² (800-2500€), matériaux et artisans.",168,1,true
20,https://servicesartisans.fr/questions/tarif-serrurier-urgence,Quel est le tarif d'un serrurier en urgence ? | ServicesArtisans | ServicesArtisans,text/html; charset=utf-8,false,200,0,0,"Un serrurier en urgence coûte entre 100 et 350 € en journée, et 200 à 500 € la nuit ou le week-end. L'ouverture d'une porte claquée revient à 80-150 €, un changement de serrure coûte 150 à 450 € selon le modèle.",211,1,true
20,https://servicesartisans.fr/urgence/chauffagiste,Chauffagiste d'urgence — Soir & week-end | ServicesArtisans,text/html; charset=utf-8,false,200,0,0,"Dépannage chauffagiste en urgence, y compris le week-end. Artisans référencés par SIREN, intervention sous Urgence : délai variable selon disponibilité ; entretien sur rendez-vous sous 1 à 2 semaines. Gratuit.",209,1,true
20,https://servicesartisans.fr/devenir-partenaire-cee,Devenir partenaire CEE — Leads exclusifs et gestion des primes pour artisans RGE | ServicesArtisans,text/html; charset=utf-8,false,200,0,0,"Programme partenaire CEE pour artisans RGE : leads exclusifs (1 demande = 1 artisan), gestion des primes énergie, zéro engagement. Inscription gratuite, 0 € de commission en phase de lancement.",193,1,true
20,https://servicesartisans.fr/questions/prix-installation-climatisation,Quel est le prix d'une installation de climatisation ? | ServicesArtisans | ServicesArtisans,text/html; charset=utf-8,false,200,0,0,"L'installation d'une climatisation réversible coûte entre 1 500 et 5 000 € pour un split, et 5 000 à 10 000 € pour un multisplit (3-4 unités). Le climatiseur mobile est moins cher (300-800 €) mais moins performant.",214,1,true
20,https://servicesartisans.fr/questions/quelles-certifications-artisan,Quelles certifications doit avoir un artisan ? | ServicesArtisans | ServicesArtisans,text/html; charset=utf-8,false,200,0,0,"Un artisan doit obligatoirement avoir un numéro SIRET, une assurance RC Pro et une garantie décennale pour les travaux de construction. Les labels RGE, Qualibat, Qualifelec ou QualiBois sont recommandés mais facultatifs.",220,1,true
20,https://servicesartisans.fr/rge/sources,Sources et méthodologie RGE — annuaire ServicesArtisans | ServicesArtisans,text/html; charset=utf-8,false,200,0,0,"Comment nous construisons l'annuaire RGE : sources officielles ADEME, Qualit'EnR, Qualifelec, Qualibat, fréquence de mise à jour et process de vérification des qualifications.",175,1,true
20,https://servicesartisans.fr/comparaison,Comparatifs Travaux 2026 : 30 Guides pour Choisir | ServicesArtisans,text/html; charset=utf-8,false,200,0,0,"30 comparatifs détaillés pour vos travaux : pompe à chaleur, isolation, menuiserie, revêtements. Prix 2026, avantages, inconvénients et verdict pour chaque solution.",165,1,true
20,https://servicesartisans.fr/questions/cout-isolation-combles,Combien coûte l'isolation des combles ? | ServicesArtisans | ServicesArtisans,text/html; charset=utf-8,false,200,0,0,L'isolation des combles coûte 20 à 50 € par m² pour des combles perdus (soufflage) et 40 à 80 € par m² pour des combles aménagés. Les aides MaPrimeRénov' et CEE peuvent couvrir 50 à 90 % du coût.,195,1,true
20,https://servicesartisans.fr/questions/litige-artisan-mediation,Litige avec un artisan : la médiation est-elle gratuite ? | ServicesArtisans | ServicesArtisans,text/html; charset=utf-8,false,200,0,0,"Oui, la médiation de la consommation est gratuite pour le consommateur. Tout artisan doit obligatoirement adhérer à un dispositif de médiation et en communiquer les coordonnées sur ses documents commerciaux. Le médiateur rend un avis dans un délai de 90 jours.",260,1,true
20,https://servicesartisans.fr/questions/radiateur-electrique-ou-eau,Radiateur électrique ou à eau : que choisir ? | ServicesArtisans | ServicesArtisans,text/html; charset=utf-8,false,200,0,0,"Le radiateur à eau (alimenté par une chaudière ou PAC) est plus économique à l'usage (-40 à 60 % sur la facture) et offre une chaleur plus douce. Le radiateur électrique à inertie est simple à installer et ne nécessite aucune tuyauterie, mais coûte plus cher en énergie.",270,1,true
20,https://servicesartisans.fr/guides/artisan-rge,Artisan RGE : Trouver un Pro Certifié (2026) | ServicesArtisans,text/html; charset=utf-8,false,200,0,0,"Tout savoir sur la certification RGE (Reconnu Garant de l'Environnement) : comment vérifier un artisan RGE, les qualifications Qualibat, QualiPAC, QualiSol et comment bénéficier des aides MaPrimeRénov'.",202,1,true
20,https://servicesartisans.fr/urgence/storiste,Dépannage storiste urgent — 24h/24 | ServicesArtisans,text/html; charset=utf-8,false,200,0,0,"Dépannage storiste en urgence, y compris le week-end. Artisans référencés par SIREN, intervention sous Devis sous 48h, intervention sous 1 à 2 semaines. Gratuit.",161,1,true
20,https://servicesartisans.fr/questions/cout-refaire-toiture,Combien coûte la réfection d'une toiture ? | ServicesArtisans | ServicesArtisans,text/html; charset=utf-8,false,200,0,0,"Refaire une toiture coûte entre 100 et 250 € par m² selon le matériau (tuiles, ardoise, zinc). Pour une maison de 100 m² de toiture, le budget total se situe entre 10 000 et 25 000 € tout compris.",196,1,true
20,https://servicesartisans.fr/questions/maprimerenov-conditions-2026,Quelles sont les conditions pour bénéficier de MaPrimeRénov en 2026 ? | ServicesArtisans | ServicesArtisans,text/html; charset=utf-8,false,200,0,0,MaPrimeRénov 2026 est accessible à tous les propriétaires occupants ou bailleurs d'un logement de plus de 15 ans. Les travaux doivent être réalisés par un artisan RGE et la demande se fait avant le début des travaux.,216,1,true
20,https://servicesartisans.fr/comparaison/enduit-facade-vs-bardage-vs-peinture,Enduit de façade vs bardage vs peinture : quel revêtement extérieur choisir ? | ServicesArtisans,text/html; charset=utf-8,false,200,0,0,"Comparatif enduit de façade, bardage (bois, composite, PVC) et peinture extérieure en 2026 : prix, durabilité, entretien, isolation. Guide pour rénover votre façade.",165,1,true
20,https://servicesartisans.fr/urgence/ferronnier,Ferronnier urgence — Devis gratuit | ServicesArtisans,text/html; charset=utf-8,false,200,0,0,"Dépannage ferronnier en urgence, y compris le week-end. Artisans référencés par SIREN, intervention sous Devis sous 1 semaine, fabrication 4 à 8 semaines. Gratuit.",163,1,true
20,https://servicesartisans.fr/comparaison/pac-air-air-vs-air-eau,PAC air/air vs air/eau : laquelle choisir ? | ServicesArtisans,text/html; charset=utf-8,false,200,0,0,"Comparatif PAC air/air vs PAC air/eau en 2026 : prix, rendement, aides financières, confort. Découvrez quelle pompe à chaleur correspond le mieux à votre logement.",163,1,true
20,https://servicesartisans.fr/questions/permis-construire-quand-necessaire,Quand faut-il un permis de construire ? | ServicesArtisans | ServicesArtisans,text/html; charset=utf-8,false,200,0,0,"Un permis de construire est obligatoire pour toute construction de plus de 20 m² de surface de plancher (ou 40 m² en zone urbaine avec PLU). Les extensions, surélévations et changements de destination importants sont également concernés.",237,1,true
20,https://servicesartisans.fr/questions/isolation-interieure-ou-exterieure,Isolation par l'intérieur ou l'extérieur ? | ServicesArtisans | ServicesArtisans,text/html; charset=utf-8,false,200,0,0,"L'isolation par l'extérieur (ITE) est plus performante car elle supprime les ponts thermiques, mais coûte 100 à 200 €/m². L'isolation par l'intérieur (ITI) est moins chère (40 à 80 €/m²) mais réduit la surface habitable de 3 à 5 %. Le choix dépend du budget, de la façade et des contraintes du bâtiment.",303,1,true
20,https://servicesartisans.fr/questions/combien-de-devis-demander,Combien de devis faut-il demander ? | ServicesArtisans | ServicesArtisans,text/html; charset=utf-8,false,200,0,0,"Demandez au minimum 3 devis pour tout projet de travaux afin de comparer les prix et le professionnalisme des artisans. Pour les chantiers importants (plus de 10 000 €), visez 4 à 5 devis. Le devis est gratuit sauf si une visite technique payante est annoncée à l'avance.",271,1,true
20,https://servicesartisans.fr/comparaison/fosse-septique-vs-micro-station,Fosse septique vs micro-station d'épuration : quel assainissement ? | ServicesArtisans,text/html; charset=utf-8,false,200,0,0,"Comparatif fosse septique vs micro-station d'épuration en 2026 : prix, entretien, réglementation, surface nécessaire. Guide pour votre assainissement non collectif.",164,1,true
20,https://servicesartisans.fr/questions/certificats-economie-energie-cee,C'est quoi les certificats d'économie d'énergie (CEE) ? | ServicesArtisans | ServicesArtisans,text/html; charset=utf-8,false,200,0,0,"Les CEE sont un dispositif obligeant les fournisseurs d'énergie (EDF, TotalEnergies, Engie) à financer les travaux de rénovation énergétique des particuliers. En échange de vos travaux, vous recevez une prime de 200 à 5 000 € selon le type de travaux et votre zone climatique.",276,1,true
20,https://servicesartisans.fr/guides/pompe-a-chaleur,"Pompe à Chaleur : Prix, Aides et Installation 2026 | ServicesArtisans",text/html; charset=utf-8,false,200,0,0,"Guide pompe à chaleur 2026 : types (air-eau, air-air, géothermique), prix (3 000-30 000€), aides MaPrimeRénov’ jusqu’à 11 000€, installation et entretien par un artisan RGE.",173,1,true
20,https://servicesartisans.fr/urgence/architecte-interieur,Architecte d'intérieur urgence — Intervention rapide | ServicesArtisans,text/html; charset=utf-8,false,200,0,0,"Dépannage architecte d'intérieur en urgence, y compris le week-end. Artisans référencés par SIREN, intervention sous Premier rendez-vous sous 1 semaine. Gratuit.",161,1,true
20,https://servicesartisans.fr/questions/plombier-urgence-nuit-tarif,Combien coûte un plombier d'urgence la nuit ? | ServicesArtisans | ServicesArtisans,text/html; charset=utf-8,false,200,0,0,"Un plombier d'urgence la nuit coûte entre 150 et 500 € selon l'intervention. Le tarif horaire est majoré de 50 à 100 % (80 à 140 €/h au lieu de 40-70 €/h en journée), et les frais de déplacement nocturne sont de 50 à 120 €.",223,1,true
20,https://servicesartisans.fr/urgence/ebeniste,Dépannage ébéniste urgent — 24h/24 | ServicesArtisans,text/html; charset=utf-8,false,200,0,0,"Besoin d'un ébéniste en urgence ? Disponible selon les artisans de votre secteur partout en France. Devis sous 1 semaine (visite et prise de mesures), fabrication 4 à 12 semaines. Artisans référencés.",200,1,true
20,https://servicesartisans.fr/comparaison/store-banne-vs-pergola-vs-voile-ombrage,Store banne vs pergola vs voile d'ombrage : que choisir ? | ServicesArtisans,text/html; charset=utf-8,false,200,0,0,"Comparatif store banne, pergola bioclimatique et voile d'ombrage en 2026 : prix, résistance au vent, esthétique, protection solaire. Guide pour ombrager votre terrasse.",168,1,true
20,https://servicesartisans.fr/questions/prix-veranda-2026,Quel est le prix d'une véranda en 2026 ? | ServicesArtisans | ServicesArtisans,text/html; charset=utf-8,false,200,0,0,"Une véranda coûte entre 15 000 et 50 000 € en 2026, soit 800 à 2 500 €/m². Le prix dépend du matériau (PVC, aluminium, bois), de la surface et du vitrage. Une véranda en aluminium de 15 m² revient à 20 000-35 000 €.",215,1,true
20,https://servicesartisans.fr/urgence/salle-de-bain,Salle de bain urgence — Intervention rapide | ServicesArtisans,text/html; charset=utf-8,false,200,0,0,"Salle de bain d'urgence soir & week-end : artisans disponibles partout en France. Devis rapide, intervention Devis sous 1 semaine, intervention sous 2 à 6 semaines.",164,1,true
20,https://servicesartisans.fr/questions/trouver-artisan-week-end,Comment trouver un artisan le week-end ? | ServicesArtisans | ServicesArtisans,text/html; charset=utf-8,false,200,0,0,"Pour trouver un artisan le week-end, consultez les plateformes de dépannage (ServicesArtisans, Travaux.com), votre assurance habitation (assistance 24h/24), ou les réseaux de dépanneurs d'urgence. Prévoyez une majoration de 50 à 100 % sur les tarifs normaux.",258,1,true
20,https://servicesartisans.fr/questions/simple-ou-double-vitrage,"Simple, double ou triple vitrage : que choisir ? | ServicesArtisans | ServicesArtisans",text/html; charset=utf-8,false,200,0,0,"Le double vitrage est le standard actuel, offrant un excellent rapport performance/prix (Uw ≤ 1,3 W/m².K). Le triple vitrage n'est justifié que dans les régions très froides ou les maisons passives. Le simple vitrage est obsolète et doit être remplacé en priorité.",264,1,true
20,https://servicesartisans.fr/questions/assurance-rc-artisan-obligatoire,L'assurance RC pro est-elle obligatoire pour un artisan ? | ServicesArtisans | ServicesArtisans,text/html; charset=utf-8,false,200,0,0,"Oui, l'assurance responsabilité civile professionnelle (RC pro) est obligatoire pour les artisans du bâtiment. Elle couvre les dommages causés aux tiers pendant et après les travaux. L'assurance décennale est également obligatoire et couvre les malfaçons pendant 10 ans.",270,1,true
20,https://servicesartisans.fr/questions/panne-chauffage-locataire-droits,Panne de chauffage en tant que locataire : quels sont vos droits ? | ServicesArtisans | ServicesArtisans,text/html; charset=utf-8,false,200,0,0,"Le propriétaire est obligé de fournir un chauffage en état de fonctionnement. En cas de panne, prévenez-le par écrit (email ou LRAR). S'il ne réagit pas sous 48 h, vous pouvez faire intervenir un chauffagiste à ses frais.",221,1,true
20,https://servicesartisans.fr/questions/isoler-combles-soi-meme,Peut-on isoler ses combles soi-même ? | ServicesArtisans | ServicesArtisans,text/html; charset=utf-8,false,200,0,0,"Oui, l'isolation des combles perdus par soufflage ou déroulage de laine minérale est accessible aux bricoleurs. Comptez 10-20 €/m² en matériaux. Attention : vous perdez le droit aux aides MaPrimeRénov et CEE sans artisan RGE.",225,1,true
20,https://servicesartisans.fr/questions/installer-prise-electrique-danger,Peut-on installer une prise électrique soi-même ? | ServicesArtisans | ServicesArtisans,text/html; charset=utf-8,false,200,0,0,"Ajouter une prise sur un circuit existant est possible pour un bricoleur averti, mais comporte des risques d'électrocution et d'incendie. Coupez le disjoncteur, vérifiez l'absence de tension et respectez la norme NF C 15-100.",225,1,true
20,https://servicesartisans.fr/questions/assurance-habitation-travaux,Mon assurance habitation couvre-t-elle les travaux ? | ServicesArtisans | ServicesArtisans,text/html; charset=utf-8,false,200,0,0,"L'assurance habitation couvre les dommages accidentels pendant les travaux (incendie, dégât des eaux) mais pas les malfaçons. Pour les gros travaux, souscrivez une assurance dommage-ouvrage. L'artisan doit avoir sa propre RC Pro et décennale.",242,1,true
20,https://servicesartisans.fr/questions/depannage-plomberie-nuit-weekend,Dépannage plomberie nuit et week-end : quel tarif ? | ServicesArtisans | ServicesArtisans,text/html; charset=utf-8,false,200,0,0,Un dépannage plomberie de nuit ou le week-end coûte 150 à 500 € selon l’intervention. Les majorations sont de 50 à 100 % par rapport au tarif normal. Exigez un devis écrit avant toute intervention et méfiez-vous des tarifs excessifs pratiqués par certains dépanneurs.,267,1,true
20,https://servicesartisans.fr/urgence/paysagiste,Paysagiste urgence — Devis gratuit | ServicesArtisans,text/html; charset=utf-8,false,200,0,0,"Dépannage paysagiste en urgence, y compris le week-end. Artisans référencés par SIREN, intervention sous Étude sous 2 semaines, réalisation 2 à 8 semaines. Gratuit.",164,1,true
20,https://servicesartisans.fr/questions/credit-impot-travaux-2026,Crédit d'impôt travaux en 2026 : ça existe encore ? | ServicesArtisans | ServicesArtisans,text/html; charset=utf-8,false,200,0,0,"Le CITE (Crédit d'Impôt pour la Transition Énergétique) a été supprimé en 2021 et remplacé par MaPrimeRénov'. En 2026, il n'existe plus de crédit d'impôt pour les travaux de rénovation énergétique. Seul le crédit d'impôt pour l'installation de bornes de recharge électrique subsiste.",283,1,true
20,https://servicesartisans.fr/questions/prix-renovation-cuisine-complete,Combien coûte une rénovation de cuisine complète ? | ServicesArtisans | ServicesArtisans,text/html; charset=utf-8,false,200,0,0,"Une rénovation de cuisine complète coûte entre 8 000 et 25 000 € pour une cuisine standard (10-15 m²). Ce budget inclut les meubles, l'électroménager, la plomberie, l'électricité et la pose. Une cuisine haut de gamme peut atteindre 30 000 à 50 000 €.",250,1,true
20,https://servicesartisans.fr/urgence/couvreur,Couvreur urgence — Intervention rapide | ServicesArtisans,text/html; charset=utf-8,false,200,0,0,"Couvreur urgence : dépannage rapide jour et nuit. Urgence (bâchage, fuite) : délai variable selon disponibilité ; travaux de réfection sous 1 à 4 semaines. Devis gratuit, artisans vérifiés SIREN.",195,1,true
20,https://servicesartisans.fr/questions/climatisation-reversible-avantages,Quels sont les avantages d’une climatisation réversible ? | ServicesArtisans | ServicesArtisans,text/html; charset=utf-8,false,200,0,0,"La climatisation réversible chauffe en hiver et rafraîchit en été avec un seul appareil. Son COP de 3 à 4 signifie qu’elle produit 3 à 4 kWh de chaleur pour 1 kWh d’électricité consommé, soit 60 à 70 % d’économies par rapport à un radiateur électrique.",252,1,true
20,https://servicesartisans.fr/urgence/platrier,Dépannage plâtrier urgent — 24h/24 | ServicesArtisans,text/html; charset=utf-8,false,200,0,0,"Dépannage plâtrier en urgence, y compris le week-end. Artisans référencés par SIREN, intervention sous Devis sous 48h, intervention sous 1 à 2 semaines. Gratuit.",161,1,true
20,https://servicesartisans.fr/badge-artisan,Badge Artisan Vérifié — Votre certification | ServicesArtisans,text/html; charset=utf-8,false,200,0,0,"Générez votre badge ""Artisan Vérifié"" ServicesArtisans et intégrez-le sur votre site web. Renforcez votre crédibilité, obtenez des backlinks SEO et attirez plus de clients. Gratuit et sans engagement.",200,1,true
20,https://servicesartisans.fr/questions/prix-extension-maison-m2,Combien coûte une extension de maison au m² ? | ServicesArtisans | ServicesArtisans,text/html; charset=utf-8,false,200,0,0,"Une extension de maison coûte entre 1 200 et 2 500 €/m² pour une construction traditionnelle, 1 000 à 1 800 €/m² en ossature bois et 2 000 à 3 500 €/m² pour une surélévation. Les prix incluent le gros œuvre et le second œuvre.",226,1,true
20,https://servicesartisans.fr/comparaison/isolation-laine-vs-ouate-vs-polyurethane,"Isolants : laine de verre, ouate de cellulose ou polyuréthane ? | ServicesArtisans",text/html; charset=utf-8,false,200,0,0,"Comparatif des isolants en 2026 : laine de verre, ouate de cellulose et polyuréthane. Prix au m², performance thermique, écologie et mise en œuvre. Guide complet.",162,1,true
20,https://servicesartisans.fr/verifier-artisan,"Vérifier un Artisan — SIRET, RGE et Fiabilité | ServicesArtisans",text/html; charset=utf-8,false,200,0,0,"Vérifiez gratuitement un artisan en 30 secondes. Entrez son numéro SIRET pour confirmer son existence légale, son activité et sa fiabilité. Outil de vérification gratuit.",170,1,true
20,https://servicesartisans.fr/questions/aide-pompe-chaleur-2026,Quelles aides pour une pompe à chaleur en 2026 ? | ServicesArtisans | ServicesArtisans,text/html; charset=utf-8,false,200,0,0,"En 2026, MaPrimeRénov couvre jusqu'à 5 000 € pour une PAC air-eau et les CEE ajoutent 2 500 à 4 000 €. Le cumul peut atteindre 9 000 € selon vos revenus et la zone climatique.",175,1,true
20,https://servicesartisans.fr/maprimerenov-cumulaison-cee,"Cumul MaPrimeRénov’ et CEE 2026 : règles, plafonds, tableau | ServicesArtisans",text/html; charset=utf-8,false,200,0,0,"Règles de cumul MaPrimeRénov’ et prime CEE en 2026 : principe, parcours par geste ou accompagné, tableau par famille de travaux, plafonds, ordre chronologique, FAQ.",164,1,true
20,https://servicesartisans.fr/rge,Artisans RGE certifiés : trouvez un pro près de chez vous | ServicesArtisans,text/html; charset=utf-8,false,200,0,0,"Annuaire national des artisans RGE actifs en France. Données ADEME officielles, mise à jour hebdomadaire. Éligibles MaPrimeRénov’, CEE, TVA 5,5 %. Vérification gratuite.",169,1,true
20,https://servicesartisans.fr/urgence/etancheiste,Urgence étanchéiste — Dépannage rapide | ServicesArtisans,text/html; charset=utf-8,false,200,0,0,"Étanchéiste d'urgence soir & week-end : artisans disponibles partout en France. Devis rapide, intervention Devis sous 1 semaine, intervention sous 2 à 3 semaines.",162,1,true
20,https://servicesartisans.fr/questions/assurance-dommages-ouvrage,Qu'est-ce que l'assurance dommages-ouvrage ? | ServicesArtisans | ServicesArtisans,text/html; charset=utf-8,false,200,0,0,L'assurance dommages-ouvrage (DO) est obligatoire pour tout maître d'ouvrage faisant réaliser des travaux de construction. Elle permet un remboursement rapide des réparations sous 90 jours. Son coût est de 2 à 5 % du montant des travaux.,237,1,true
20,https://servicesartisans.fr/rge/comment-devenir-rge,Comment devenir artisan RGE en 2026 ? Guide complet | ServicesArtisans,text/html; charset=utf-8,false,200,0,0,"Guide factuel pour obtenir la qualification RGE : organismes (Qualit'EnR, Qualibat, Qualifelec), 5 étapes, coûts, formation, audit de chantier probatoire, cadre légal (arrêté du 1er décembre 2015).",197,1,true
20,https://servicesartisans.fr/blog/reglementation-thermique-re2020-impact,RE2020 : Impact Construction et Rénovation | ServicesArtisans,text/html; charset=utf-8,false,200,0,0,La Réglementation Environnementale 2020 transforme les exigences de construction neuve. Découvrez ses impacts concrets sur vos projets et les matériaux à privilégier.,166,1,true
20,https://servicesartisans.fr/questions/financer-renovation-energetique,Comment financer sa rénovation énergétique ? | ServicesArtisans | ServicesArtisans,text/html; charset=utf-8,false,200,0,0,"Combinez MaPrimeRénov' (jusqu'à 63 000 €), les CEE (2 000 à 5 000 €), l'éco-PTZ (jusqu'à 50 000 € à taux zéro), la TVA à 5,5 % et les aides locales. Pour les ménages modestes, le reste à charge peut descendre à 10 % du coût total.",230,1,true
20,https://servicesartisans.fr/questions/pompe-chaleur-air-eau-ou-air-air,PAC air-eau ou air-air : quelle différence ? | ServicesArtisans | ServicesArtisans,text/html; charset=utf-8,false,200,0,0,"La PAC air-eau chauffe un circuit d’eau (radiateurs, plancher chauffant) et produit l’eau chaude sanitaire. La PAC air-air diffuse de l’air chaud via des splits et sert aussi de climatisation. La PAC air-eau est éligible aux aides MaPrimeRénov"", pas la PAC air-air.",265,1,true
20,https://servicesartisans.fr/questions/assurance-dommage-ouvrage-obligatoire,L'assurance dommage-ouvrage est-elle obligatoire ? | ServicesArtisans | ServicesArtisans,text/html; charset=utf-8,false,200,0,0,"Oui, l'assurance dommage-ouvrage (DO) est légalement obligatoire pour tout maître d'ouvrage faisant réaliser des travaux de construction (loi Spinetta de 1978). En pratique, les particuliers ne la souscrivent pas toujours, mais son absence complique la revente du bien dans les 10 ans.",285,1,true
20,https://servicesartisans.fr/questions/comment-choisir-plombier,Comment choisir un bon plombier ? | ServicesArtisans | ServicesArtisans,text/html; charset=utf-8,false,200,0,0,"Pour choisir un plombier fiable, vérifiez son numéro SIRET, son assurance décennale et ses avis en ligne. Demandez 3 devis détaillés, comparez les prix et méfiez-vous des tarifs anormalement bas.",195,1,true
20,https://servicesartisans.fr/questions/tarif-electricien-au-m2,Quel est le tarif d'un électricien au m² ? | ServicesArtisans | ServicesArtisans,text/html; charset=utf-8,false,200,0,0,"Le tarif d'un électricien est de 80 à 120 € par m² pour une installation neuve complète, et de 50 à 80 € par m² pour une rénovation partielle. Le taux horaire moyen se situe entre 40 et 60 € HT.",194,1,true
20,https://servicesartisans.fr/comparaison/pompe-a-chaleur-vs-chaudiere-gaz,Pompe à chaleur vs Chaudière gaz : quel chauffage choisir ? | ServicesArtisans,text/html; charset=utf-8,false,200,0,0,"Comparatif complet pompe à chaleur vs chaudière gaz en 2026 : prix, rendement, aides, durée de vie. Découvrez quelle solution de chauffage est la plus adaptée à votre logement.",176,1,true
20,https://servicesartisans.fr/questions/prix-renovation-electrique-appartement,Combien coûte une rénovation électrique complète ? | ServicesArtisans | ServicesArtisans,text/html; charset=utf-8,false,200,0,0,"Une rénovation électrique complète coûte entre 80 et 150 €/m² selon l’état de l’installation existante. Pour un appartement de 70 m², comptez 6 000 à 12 000 € TTC, incluant tableau, câblage, prises, interrupteurs et mise aux normes NF C 15-100.",244,1,true
20,https://servicesartisans.fr/guides/devis-travaux,Devis Travaux : Guide Complet pour Bien Comparer (2026) | ServicesArtisans,text/html; charset=utf-8,false,200,0,0,"Comment obtenir et comparer des devis travaux : mentions obligatoires, nombre de devis à demander, négociation, pièges à éviter et conseils pour choisir le bon artisan.",168,1,true
20,https://servicesartisans.fr/questions/chaudiere-en-panne-hiver,Chaudière en panne en hiver : que faire ? | ServicesArtisans | ServicesArtisans,text/html; charset=utf-8,false,200,0,0,"Vérifiez la pression (1 à 1,5 bar), le thermostat et l'alimentation électrique. Relancez la chaudière avec le bouton reset. Si elle ne redémarre pas, appelez un chauffagiste. Utilisez des chauffages d'appoint en attendant.",222,1,true
20,https://servicesartisans.fr/questions/permis-construire-quand-obligatoire,Quand le permis de construire est-il obligatoire ? | ServicesArtisans | ServicesArtisans,text/html; charset=utf-8,false,200,0,0,"Le permis de construire est obligatoire pour toute construction nouvelle de plus de 20 m² et pour les extensions de plus de 40 m² en zone urbaine (PLU). En dessous, une déclaration préalable suffit. Aucune formalité sous 5 m².",226,1,true
20,https://servicesartisans.fr/guides/eviter-arnaques-artisan,Arnaques Artisans : Comment les Repérer et s'en Protéger | ServicesArtisans,text/html; charset=utf-8,false,200,0,0,"Les 10 arnaques les plus fréquentes avec les artisans du bâtiment : démarchage abusif, faux RGE, devis gonflés. Signaux d'alerte, vérifications et recours en cas de fraude.",172,1,true
20,https://servicesartisans.fr/questions/quels-travaux-declaration-prealable,Quels travaux nécessitent une déclaration préalable ? | ServicesArtisans | ServicesArtisans,text/html; charset=utf-8,false,200,0,0,"Une déclaration préalable est requise pour les constructions de 5 à 20 m² (40 m² en zone PLU), les modifications de façade (ravalement, fenêtres, volets), les piscines de 10 à 100 m², les clôtures en secteur protégé et les changements de destination sans modification de structure.",281,1,true
20,https://servicesartisans.fr/questions/tarif-menuisier-sur-mesure,Quel est le tarif d'un menuisier pour du sur-mesure ? | ServicesArtisans | ServicesArtisans,text/html; charset=utf-8,false,200,0,0,"Un menuisier sur mesure facture 40 à 70 € de l'heure. Un meuble sur mesure coûte 500 à 5 000 € selon la taille et le matériau. Un dressing sur mesure revient à 1 500 à 6 000 €, une bibliothèque encastrée à 1 000 à 4 000 €.",222,1,true
20,https://servicesartisans.fr/questions/carrelage-ou-parquet-salle-de-bain,Carrelage ou parquet pour la salle de bain ? | ServicesArtisans | ServicesArtisans,text/html; charset=utf-8,false,200,0,0,"Le carrelage reste le choix le plus sûr pour la salle de bain : il est 100 % étanche, résistant et facile d'entretien. Le parquet massif en bois exotique (teck, iroko) est possible mais coûte plus cher et nécessite un entretien régulier. Le vinyle LVT est une alternative économique et étanche.",294,1,true
20,https://servicesartisans.fr/questions/comment-verifier-artisan-fiable,Comment vérifier si un artisan est fiable ? | ServicesArtisans | ServicesArtisans,text/html; charset=utf-8,false,200,0,0,"Vérifiez le SIRET sur societe.com, l'assurance décennale, l'inscription au registre des métiers et les avis Google. Demandez des références de chantiers récents. Un artisan fiable ne demande jamais plus de 30 % d'acompte.",221,1,true
20,https://servicesartisans.fr/questions/prix-renovation-complete-m2,Quel est le prix d'une rénovation complète au m² ? | ServicesArtisans | ServicesArtisans,text/html; charset=utf-8,false,200,0,0,"Le prix d'une rénovation complète varie de 800 à 1 500 €/m² en 2026 pour un appartement ou une maison. Un rafraîchissement léger coûte 200 à 500 €/m², une rénovation moyenne 500 à 800 €/m², et une rénovation lourde (structure, redistribution) 1 200 à 2 000 €/m².",262,1,true
20,https://servicesartisans.fr/guides/budget-renovation,Budget Rénovation : Combien Coûtent vos Travaux en 2026 ? | ServicesArtisans,text/html; charset=utf-8,false,200,0,0,"Prix au m² par type de rénovation, budget par pièce, aides financières (MaPrimeRénov', CEE, éco-PTZ), conseils pour établir un budget réaliste et financer vos travaux en 2026.",175,1,true
20,https://servicesartisans.fr/guides/travaux-copropriete,Travaux en Copropriété : Règles et Démarches 2026 | ServicesArtisans,text/html; charset=utf-8,false,200,0,0,"Guide complet des travaux en copropriété : parties communes vs privatives, vote en assemblée générale, majorités requises, autorisations et gros travaux obligatoires.",166,1,true
20,https://servicesartisans.fr/outils/calculateur-prix,Calculateur de prix artisan 2026 — Estimez vos travaux | ServicesArtisans,text/html; charset=utf-8,false,200,0,0,"Estimez le coût de vos travaux en quelques clics : prix plombier, tarif électricien, coût serrurier, devis peintre et tous les métiers du bâtiment. Calculateur gratuit avec prix actualisés 2026.",194,1,true
20,https://servicesartisans.fr/questions/prix-renovation-salle-de-bain,Quel est le prix d'une rénovation de salle de bain ? | ServicesArtisans | ServicesArtisans,text/html; charset=utf-8,false,200,0,0,"Une rénovation de salle de bain coûte entre 3 000 et 15 000 € selon la surface et les prestations. Pour une rénovation complète (plomberie, carrelage, sanitaires), comptez 800 à 1 500 € par m².",193,1,true
20,https://servicesartisans.fr/widget-prix,Widget Prix Artisan — Tarifs sur votre site | ServicesArtisans,text/html; charset=utf-8,false,200,0,0,"Widget embeddable gratuit et API JSON pour afficher les prix des artisans sur votre site ou blog. Plombier, électricien, serrurier… Tarifs actualisés par ville et région.",170,1,true
20,https://servicesartisans.fr/questions/locataire-ou-proprietaire-qui-paye,Locataire ou propriétaire : qui paye les réparations ? | ServicesArtisans | ServicesArtisans,text/html; charset=utf-8,false,200,0,0,"Le locataire paye l'entretien courant et les menues réparations (joints, interrupteurs, entretien chaudière). Le propriétaire assume les grosses réparations (toiture, chaudière, plomberie vétuste). Le décret n°87-712 du 26 août 1987 fixe la liste des réparations locatives.",273,1,true
20,https://servicesartisans.fr/questions/difference-devis-facture,Quelle différence entre un devis et une facture ? | ServicesArtisans | ServicesArtisans,text/html; charset=utf-8,false,200,0,0,Le devis est un document précontractuel décrivant les travaux et leur prix avant exécution. La facture est le document comptable émis après réalisation des travaux. Le devis signé vaut contrat et engage les deux parties sur le prix et les prestations.,251,1,true
20,https://servicesartisans.fr/questions/fuite-gaz-que-faire,Fuite de gaz : que faire en urgence ? | ServicesArtisans | ServicesArtisans,text/html; charset=utf-8,false,200,0,0,"En cas de fuite de gaz : n'actionnez aucun interrupteur, ouvrez les fenêtres, fermez le robinet de gaz, évacuez le logement et appelez le numéro d'urgence GrDF au 0 800 47 33 33 (gratuit, 24h/24) depuis l'extérieur.",215,1,true
20,https://servicesartisans.fr/questions/artisan-en-retard-que-faire,Artisan en retard sur le chantier : que faire ? | ServicesArtisans | ServicesArtisans,text/html; charset=utf-8,false,200,0,0,"Envoyez une mise en demeure par LRAR fixant un délai raisonnable pour achever les travaux. Si le devis prévoit des pénalités de retard, appliquez-les. En dernier recours, vous pouvez résilier le contrat et faire terminer par un autre artisan, aux frais du premier.",264,1,true
20,https://servicesartisans.fr/questions/quel-isolant-combles,Quel isolant choisir pour les combles ? | ServicesArtisans | ServicesArtisans,text/html; charset=utf-8,false,200,0,0,"Pour les combles perdus, la laine de verre soufflée offre le meilleur rapport qualité-prix (15-25 €/m²). Pour les combles aménagés, les panneaux de laine de bois ou de polyuréthane sont préférables. Visez une résistance thermique R ≥ 7 m².K/W pour bénéficier des aides.",269,1,true
20,https://servicesartisans.fr/questions/travaux-sans-autorisation-risques,Travaux sans autorisation : quels risques ? | ServicesArtisans | ServicesArtisans,text/html; charset=utf-8,false,200,0,0,"Réaliser des travaux sans autorisation d'urbanisme expose à une amende de 1 200 à 6 000 € par m² construit, une obligation de mise en conformité ou de démolition, et l'impossibilité de vendre le bien en l'état. Le délai de prescription est de 6 ans pour l'action pénale et 10 ans pour l'action civile.",301,1,true
20,https://servicesartisans.fr/rge/fraude-rge-comment-verifier,Fraude RGE : comment vérifier qu’un artisan est vraiment certifié ? | ServicesArtisans,text/html; charset=utf-8,false,200,0,0,"Guide pratique pour vérifier la certification RGE d’un artisan et éviter les arnaques à la rénovation énergétique. 5 méthodes de vérification, 7 drapeaux rouges, procédure en cas d’arnaque, sources officielles (France Rénov’, DGCCRF, Signal Conso).",248,1,true
20,https://servicesartisans.fr/questions/delai-retractation-travaux,Quel délai de rétractation pour des travaux ? | ServicesArtisans | ServicesArtisans,text/html; charset=utf-8,false,200,0,0,"Le délai de rétractation est de 14 jours pour tout contrat signé hors établissement (à domicile, en foire, par Internet). Il n'existe aucun délai de rétractation pour un devis signé dans les locaux de l'artisan, sauf clause contractuelle.",238,1,true
20,https://servicesartisans.fr/rge/tarifs-audit-energetique,"Tarifs audit énergétique 2026 : prix, aides et retour sur investissement | ServicesArtisans",text/html; charset=utf-8,false,200,0,0,"Combien coûte un audit énergétique réglementaire en 2026 ? Fourchettes de prix, forfait MaPrimeRénov' audit, aides cumulables, rentabilité, choix de l'auditeur et FAQ complète.",176,1,true
20,https://servicesartisans.fr/urgence/metallier,Métallier d'urgence — Soir & week-end | ServicesArtisans,text/html; charset=utf-8,false,200,0,0,"Dépannage métallier en urgence, y compris le week-end. Artisans référencés par SIREN, intervention sous Devis sous 1 semaine, fabrication 3 à 6 semaines. Gratuit.",162,1,true
20,https://servicesartisans.fr/questions/devis-combien-demander,Combien de devis faut-il demander pour des travaux ? | ServicesArtisans | ServicesArtisans,text/html; charset=utf-8,false,200,0,0,"Il est recommandé de demander au minimum 3 devis pour tout projet de travaux. Cela permet de comparer les prix, les prestations et le professionnalisme des artisans. Pour les gros chantiers (plus de 10 000 €), visez 5 devis.",224,1,true
20,https://servicesartisans.fr/questions/degat-des-eaux-premiers-gestes,Dégât des eaux : quels sont les premiers gestes ? | ServicesArtisans | ServicesArtisans,text/html; charset=utf-8,false,200,0,0,"Coupez l'eau et l'électricité, épongez l'eau stagnante et mettez vos objets de valeur à l'abri. Prenez des photos des dégâts. Déclarez le sinistre à votre assurance sous 5 jours ouvrés et remplissez le constat amiable.",218,1,true
20,https://servicesartisans.fr/questions/devis-obligatoire-a-partir-de-combien,Un devis est-il obligatoire ? À partir de quel montant ? | ServicesArtisans | ServicesArtisans,text/html; charset=utf-8,false,200,0,0,"Oui, un devis écrit est obligatoire pour tout travail de dépannage, réparation ou entretien dans le bâtiment dès que le montant estimé dépasse 150 € TTC (arrêté du 24 janvier 2017). Le devis doit être signé par le client avant le début des travaux.",248,1,true
20,https://servicesartisans.fr/questions/porte-claquee-que-faire,Porte claquée : que faire quand on est enfermé dehors ? | ServicesArtisans | ServicesArtisans,text/html; charset=utf-8,false,200,0,0,"Si votre porte est claquée (non verrouillée à clé), un serrurier peut l'ouvrir sans casse pour 80 à 150 €. N'essayez pas de forcer la porte. Appelez un serrurier local recommandé, pas un numéro trouvé sur un prospectus.",219,1,true
20,https://servicesartisans.fr/questions/ventilation-vmc-simple-ou-double-flux,VMC simple flux ou double flux ? | ServicesArtisans | ServicesArtisans,text/html; charset=utf-8,false,200,0,0,La VMC simple flux est économique (500 à 1 500 € posée) et adaptée à la plupart des logements. La VMC double flux récupère 70 à 90 % de la chaleur de l'air extrait mais coûte 3 000 à 7 000 € et nécessite un réseau de gaines. Elle est surtout pertinente dans les maisons neuves ou très bien isolées.,298,1,true
20,https://servicesartisans.fr/questions/comment-choisir-electricien,Comment choisir un électricien qualifié ? | ServicesArtisans | ServicesArtisans,text/html; charset=utf-8,false,200,0,0,"Choisissez un électricien certifié Qualifelec ou titulaire d'une habilitation électrique valide. Vérifiez son assurance décennale, demandez 3 devis et exigez une attestation de conformité Consuel pour les gros travaux.",218,1,true
20,https://servicesartisans.fr/questions/passoire-thermique-que-faire,"Mon logement est une passoire thermique, que faire ? | ServicesArtisans | ServicesArtisans",text/html; charset=utf-8,false,200,0,0,"Un logement classé F ou G au DPE est une passoire thermique. Commencez par un audit énergétique (obligatoire pour la vente), puis priorisez l'isolation et le chauffage. Les aides couvrent jusqu'à 90 % des travaux pour les ménages modestes.",239,1,true
20,https://servicesartisans.fr/questions/chaudiere-gaz-interdite-2026,La chaudière gaz est-elle interdite en 2026 ? | ServicesArtisans | ServicesArtisans,text/html; charset=utf-8,false,200,0,0,"En 2026, la chaudière gaz n'est pas totalement interdite mais fortement découragée. Depuis 2022, elle est interdite dans les constructions neuves (RE2020). En rénovation, elle reste autorisée mais n'est plus éligible aux aides MaPrimeRénov'. Son remplacement par une PAC est encouragé.",285,1,true
20,https://servicesartisans.fr/services,Tous les Métiers Artisans 2026 — Devis Gratuit 24h | ServicesArtisans,text/html; charset=utf-8,false,200,0,0,"46 métiers du bâtiment : plombier, électricien, serrurier, chauffagiste, peintre, couvreur, menuisier. Artisans vérifiés SIREN dans 101 départements. Devis gratuit.",164,1,true
20,https://servicesartisans.fr/urgence/renovation-energetique,Dépannage rénovation énergétique urgent — 24h/24 | ServicesArtisans,text/html; charset=utf-8,false,200,0,0,"Rénovation énergétique urgence : dépannage rapide jour et nuit. Audit sous 2 semaines, planification des travaux 1 à 3 mois. Devis gratuit, artisans vérifiés SIREN.",164,1,true
20,https://servicesartisans.fr/urgence/vitrier,Urgence vitrier — Dépannage rapide | ServicesArtisans,text/html; charset=utf-8,false,200,0,0,"Vitrier d'urgence soir & week-end : artisans disponibles partout en France. Devis rapide, intervention Urgence (bris de vitre) : délai variable selon disponibilité ; remplacement définitif sous 24 à 48h.",203,1,true
20,https://servicesartisans.fr/questions/electricien-urgent-disjoncteur,Que faire quand le disjoncteur saute en permanence ? | ServicesArtisans | ServicesArtisans,text/html; charset=utf-8,false,200,0,0,"Si le disjoncteur saute en permanence, commencez par identifier le circuit en cause en réarmant un par un. Débranchez les appareils suspects. Si le problème persiste, appelez un électricien (diagnostic : 80-150 €). Ne réarmez jamais plus de 3 fois un disjoncteur sans trouver la cause.",285,1,true
20,https://servicesartisans.fr/questions/monter-meuble-cuisine-soi-meme,Comment monter un meuble de cuisine soi-même ? | ServicesArtisans | ServicesArtisans,text/html; charset=utf-8,false,200,0,0,"Commencez par fixer les meubles hauts sur un rail de suspension vissé au mur (hauteur standard : 140 cm). Assemblez les caissons, fixez-les au rail, puis installez les meubles bas et le plan de travail. Prévoyez 2 à 3 jours.",224,1,true
20,https://servicesartisans.fr/questions/quest-ce-que-la-garantie-decennale,Qu'est-ce que la garantie décennale ? | ServicesArtisans | ServicesArtisans,text/html; charset=utf-8,false,200,0,0,La garantie décennale est une assurance obligatoire couvrant pendant 10 ans les dommages compromettant la solidité d'un ouvrage ou le rendant inhabitable. Elle est imposée par les articles 1792 et suivants du Code civil à tout professionnel du bâtiment.,253,1,true
20,https://servicesartisans.fr/barometre/tarifs,Statistiques par métier — Baromètre Artisans | ServicesArtisans,text/html; charset=utf-8,false,200,0,0,"Consultez les statistiques détaillées par corps de métier : plombier, électricien, maçon, couvreur et plus. Nombre d'artisans, notes moyennes, avis par métier en France.",169,1,true
20,https://servicesartisans.fr/questions/artisan-sans-decennale-que-faire,Artisan sans décennale : quels risques ? | ServicesArtisans | ServicesArtisans,text/html; charset=utf-8,false,200,0,0,"Un artisan sans garantie décennale exerce illégalement et s'expose à 75 000 € d'amende et 6 mois de prison. Pour le client, en cas de malfaçon, il n'y a aucun assureur à solliciter : il faudra poursuivre l'artisan personnellement, souvent insolvable.",250,1,true
20,https://servicesartisans.fr/questions/peut-on-negocier-devis-artisan,Peut-on négocier un devis d'artisan ? | ServicesArtisans | ServicesArtisans,text/html; charset=utf-8,false,200,0,0,"Oui, la négociation est courante et acceptée par les artisans. Vous pouvez obtenir 5 à 15 % de remise en mentionnant des devis concurrents, en groupant plusieurs travaux, en choisissant des périodes creuses (novembre-février) ou en proposant un paiement rapide.",261,1,true
20,https://servicesartisans.fr/questions/refaire-carrelage-soi-meme,Peut-on refaire son carrelage soi-même ? | ServicesArtisans | ServicesArtisans,text/html; charset=utf-8,false,200,0,0,"Oui, refaire son carrelage soi-même est possible pour un bricoleur intermédiaire. Prévoyez 15 à 40 €/m² de matériaux (carreaux + colle + joints) et 2 à 4 jours pour une pièce de 10-15 m². Les économies sont de 30 à 50 €/m² par rapport à un carreleur professionnel.",264,1,true
20,https://servicesartisans.fr/questions/toiture-plate-ou-en-pente,Toiture plate ou en pente : avantages et inconvénients ? | ServicesArtisans | ServicesArtisans,text/html; charset=utf-8,false,200,0,0,"La toiture en pente est plus traditionnelle, nécessite moins d'entretien et assure un meilleur écoulement des eaux pluviales. La toiture plate offre un espace exploitable (terrasse, végétalisation), un design contemporain, mais exige une étanchéité irréprochable et un entretien régulier.",288,1,true
20,https://servicesartisans.fr/guides/trouver-artisan,Comment Trouver un Artisan de Confiance en 2026 | ServicesArtisans,text/html; charset=utf-8,false,200,0,0,"Guide complet pour trouver un artisan fiable : vérifications SIRET, décennale, RGE, comparaison de devis, labels et certifications, droits du client et recours en cas de problème.",179,1,true
20,https://servicesartisans.fr/questions/prix-salle-de-bain-complete,Combien coûte une rénovation complète de salle de bain ? | ServicesArtisans | ServicesArtisans,text/html; charset=utf-8,false,200,0,0,Une rénovation complète de salle de bain coûte entre 5 000 et 15 000 € pour une salle de bain standard (4-6 m²). Le budget monte à 15 000-25 000 € pour une salle de bain haut de gamme avec douche à l'italienne et meuble sur mesure.,231,1,true
20,https://servicesartisans.fr/questions/comment-deboucher-wc-sans-ventouse,Comment déboucher un WC sans ventouse ? | ServicesArtisans | ServicesArtisans,text/html; charset=utf-8,false,200,0,0,"Sans ventouse, versez un mélange d’eau bouillante et de liquide vaisselle dans la cuvette, laissez agir 15 min puis tirez la chasse. Alternatives : bicarbonate + vinaigre blanc, cintre métallique déplié, ou bouteille en plastique découpée comme piston.",252,1,true
20,https://servicesartisans.fr/blog/travaux-copropriete-guide-regles,Travaux Copropriété 2026 : Règles | ServicesArtisans,text/html; charset=utf-8,false,200,0,0,Quels travaux pouvez-vous réaliser librement dans votre appartement ? Lesquels nécessitent l'accord de la copropriété ? Tout ce qu'il faut savoir pour éviter les conflits.,171,1,true
20,https://servicesartisans.fr/questions/comment-lire-devis-artisan,Comment lire et comprendre un devis d'artisan ? | ServicesArtisans | ServicesArtisans,text/html; charset=utf-8,false,200,0,0,"Un devis doit comporter les mentions légales (SIRET, assurance), le descriptif détaillé de chaque prestation avec quantités et prix unitaires, le montant TTC, la TVA applicable, les délais et les conditions de paiement. Comparez poste par poste, pas uniquement le total.",270,1,true
20,https://servicesartisans.fr/questions/travaux-en-copropriete-qui-decide,Travaux en copropriété : qui décide et qui paye ? | ServicesArtisans | ServicesArtisans,text/html; charset=utf-8,false,200,0,0,"En copropriété, les travaux sur les parties communes sont votés en assemblée générale à la majorité requise (simple, absolue ou double selon leur nature). Chaque copropriétaire paye selon ses tantièmes. Les travaux dans les parties privatives sont libres sauf s'ils affectent l'aspect extérieur.",295,1,true
20,https://servicesartisans.fr/cee/coup-de-pouce-2026,Coup de pouce CEE 2026 : chartes actives et bonifications | ServicesArtisans,text/html; charset=utf-8,false,200,0,0,"Panorama neutre et sourcé des chartes Coup de pouce CEE actives en 2026 : chauffage résidentiel individuel, rénovation d'ampleur (MI et appartement), rénovation performante collectif, chauffage bâtiments collectifs et tertiaires. Cadre juridique, opérations concernées, parcours, cumul MaPrimeRénov' et pièges à éviter.",319,1,true
20,https://servicesartisans.fr/questions/renovation-cuisine-combien-temps,Combien de temps dure une rénovation de cuisine ? | ServicesArtisans | ServicesArtisans,text/html; charset=utf-8,false,200,0,0,Une rénovation de cuisine complète dure 3 à 6 semaines en moyenne. Un simple remplacement de meubles prend 1 à 2 semaines. Les délais les plus longs concernent la commande des meubles sur mesure (4 à 8 semaines) et les travaux de plomberie/électricité.,252,1,true
20,https://servicesartisans.fr/questions/eco-ptz-comment-en-beneficier,Éco-PTZ : comment en bénéficier ? | ServicesArtisans | ServicesArtisans,text/html; charset=utf-8,false,200,0,0,"L'éco-PTZ est un prêt à taux zéro de 7 000 à 50 000 € pour financer des travaux de rénovation énergétique. Il est accessible sans condition de revenus, dans un logement de plus de 2 ans, avec des travaux réalisés par un artisan RGE. Demandez-le à votre banque avant de commencer les travaux.",291,1,true
20,https://servicesartisans.fr/questions/quels-travaux-maprimerenov,Quels travaux sont éligibles à MaPrimeRénov' ? | ServicesArtisans | ServicesArtisans,text/html; charset=utf-8,false,200,0,0,"MaPrimeRénov' finance l'isolation (murs, toiture, fenêtres), le chauffage (PAC, chaudière biomasse, solaire), la ventilation (VMC double flux) et l'audit énergétique. Les travaux doivent être réalisés par un artisan RGE dans un logement de plus de 15 ans.",255,1,true
20,https://servicesartisans.fr/questions/comment-choisir-artisan-rge,Comment choisir un artisan RGE fiable ? | ServicesArtisans | ServicesArtisans,text/html; charset=utf-8,false,200,0,0,"Vérifiez la certification RGE sur france-renov.gouv.fr, contrôlez l'assurance décennale et les avis clients, puis comparez au moins 3 devis détaillés. Privilégiez les artisans locaux avec des chantiers de référence visitables.",226,1,true
20,https://servicesartisans.fr/questions/garantie-decennale-definition,Qu'est-ce que la garantie décennale ? | ServicesArtisans | ServicesArtisans,text/html; charset=utf-8,false,200,0,0,La garantie décennale est une assurance obligatoire qui couvre pendant 10 ans les dommages compromettant la solidité d'un ouvrage ou le rendant impropre à sa destination. Elle s'applique à tous les travaux de construction et de rénovation lourde.,246,1,true
20,https://servicesartisans.fr/questions/tva-reduite-travaux-renovation,"TVA réduite sur les travaux : 5,5 % ou 10 % ? | ServicesArtisans | ServicesArtisans",text/html; charset=utf-8,false,200,0,0,"La TVA est de 10 % pour les travaux d'entretien et de rénovation classiques, et de 5,5 % pour les travaux de rénovation énergétique (isolation, chauffage performant, fenêtres). Le logement doit avoir plus de 2 ans et être une résidence (principale ou secondaire).",263,1,true
20,https://servicesartisans.fr/questions/diagnostic-electrique-obligatoire,Quand le diagnostic électrique est-il obligatoire ? | ServicesArtisans | ServicesArtisans,text/html; charset=utf-8,false,200,0,0,"Le diagnostic électrique est obligatoire pour la vente d'un logement dont l'installation a plus de 15 ans, et pour la mise en location de tout logement. Il est valable 3 ans (vente) ou 6 ans (location). Coût : 100 à 180 €.",222,1,true
20,https://servicesartisans.fr/urgence/plombier,Plombier urgence — Intervention rapide | ServicesArtisans,text/html; charset=utf-8,false,200,0,0,"Plombier d'urgence soir & week-end : artisans disponibles partout en France. Devis rapide, intervention Urgence (fuite, bouchon) : délai variable selon disponibilité ; travaux planifiés sous 1 à 2 semaines.",206,1,true
20,https://servicesartisans.fr/questions/norme-electrique-nfc-15-100,Qu'est-ce que la norme électrique NF C 15-100 ? | ServicesArtisans | ServicesArtisans,text/html; charset=utf-8,false,200,0,0,"La norme NF C 15-100 régit les installations électriques dans les logements. Elle impose un nombre minimum de prises, de circuits et de protections. Elle est obligatoire pour les constructions neuves et les rénovations totales.",227,1,true
20,https://servicesartisans.fr/questions/chauffe-eau-thermodynamique-ou-electrique,Chauffe-eau thermodynamique ou électrique : lequel choisir ? | ServicesArtisans | ServicesArtisans,text/html; charset=utf-8,false,200,0,0,"Le chauffe-eau thermodynamique consomme 3 fois moins d’énergie qu’un cumulus électrique classique, mais coûte 2 500 à 4 500 € contre 500 à 1 500 €. Il est rentabilisé en 4 à 6 ans grâce aux économies sur la facture et aux aides MaPrimeRénov"".",242,1,true
20,https://servicesartisans.fr/questions/artisan-assurance-obligatoire,Quelles assurances sont obligatoires pour un artisan ? | ServicesArtisans | ServicesArtisans,text/html; charset=utf-8,false,200,0,0,Un artisan du bâtiment doit obligatoirement avoir une assurance responsabilité civile professionnelle (RC Pro) et une garantie décennale pour les travaux de construction. L'assurance dommages-ouvrage est à la charge du maître d'ouvrage.,236,1,true
20,https://servicesartisans.fr/urgence/climaticien,Climaticien d'urgence — Soir & week-end | ServicesArtisans,text/html; charset=utf-8,false,200,0,0,"Dépannage climaticien en urgence, y compris le week-end. Artisans référencés par SIREN, intervention sous Urgence canicule : délai variable selon disponibilité ; installation sur devis sous 2 à 4 semaines. Gratuit.",214,1,true
20,https://servicesartisans.fr/guides/renovation-toiture,Rénovation Toiture : Travaux et Prix 2026 | ServicesArtisans,text/html; charset=utf-8,false,200,0,0,"Guide complet rénovation toiture 2026 : signes d'usure, types de couverture (tuile, ardoise, zinc), prix (60-200€/m²), isolation, charpente et aides financières.",161,1,true
20,https://servicesartisans.fr/barometre/regions,Baromètre par région — Artisans en France | ServicesArtisans,text/html; charset=utf-8,false,200,0,0,"Explorez les statistiques des artisans par région : Île-de-France, Auvergne-Rhône-Alpes, PACA, Occitanie et les 13 régions métropolitaines. Indices de prix, nombre d'artisans et tendances.",188,1,true
20,https://servicesartisans.fr/guides/assurance-dommage-ouvrage,Assurance Dommage-Ouvrage : Est-ce Obligatoire ? (2026) | ServicesArtisans,text/html; charset=utf-8,false,200,0,0,"Tout savoir sur l'assurance dommage-ouvrage : obligation légale, coût moyen (1 à 5 % du chantier), comment souscrire, délais d'indemnisation et conséquences en cas d'absence.",174,1,true
20,https://servicesartisans.fr/cee/mandataire-vs-direct,"Obligé, délégataire, mandataire CEE : comprendre les 3 rôles du circuit | ServicesArtisans",text/html; charset=utf-8,false,200,0,0,"Guide pédagogique neutre sur les 3 acteurs du dispositif CEE : obligé, délégataire et mandataire. Définitions juridiques (code de l'énergie L221-x / R221-x), obligations PNCEE, modèle économique et impact pour les particuliers et les artisans.",243,1,true
20,https://servicesartisans.fr/questions/changer-robinet-soi-meme,Comment changer un robinet soi-même ? | ServicesArtisans | ServicesArtisans,text/html; charset=utf-8,false,200,0,0,"Coupez l'eau, purgez la pression, dévissez les flexibles et le robinet. Posez le nouveau robinet avec un joint d'étanchéité, revissez les flexibles, rétablissez l'eau et vérifiez l'absence de fuite. Durée : 30 à 60 minutes.",223,1,true
20,https://servicesartisans.fr/questions/panne-electricite-qui-appeler,Panne d'électricité : qui appeler ? | ServicesArtisans | ServicesArtisans,text/html; charset=utf-8,false,200,0,0,"Si la panne est générale (tout le quartier), appelez Enedis au 09 72 67 50 + votre numéro de département. Si elle est limitée à votre logement, vérifiez le disjoncteur et le tableau électrique, puis appelez un électricien.",222,1,true
20,https://servicesartisans.fr/questions/poser-parquet-flottant-soi-meme,Comment poser du parquet flottant soi-même ? | ServicesArtisans | ServicesArtisans,text/html; charset=utf-8,false,200,0,0,"Poser du parquet flottant soi-même est l'un des projets DIY les plus accessibles. Le matériel coûte 15 à 50 €/m² (parquet + sous-couche), et la pose prend 1 à 2 jours pour une pièce de 20 m². L'économie est d'environ 20 à 35 €/m² par rapport à un professionnel.",261,1,true
20,https://servicesartisans.fr/urgence/peintre-en-batiment,Dépannage peintre en bâtiment urgent — 24h/24 | ServicesArtisans,text/html; charset=utf-8,false,200,0,0,"Peintre en bâtiment d'urgence soir & week-end : artisans disponibles partout en France. Devis rapide, intervention Devis sous 48h, intervention sous 1 à 3 semaines.",164,1,true
20,https://servicesartisans.fr/questions/comment-verifier-rge-artisan,Comment vérifier la certification RGE d'un artisan ? | ServicesArtisans | ServicesArtisans,text/html; charset=utf-8,false,200,0,0,"Pour vérifier la certification RGE d'un artisan, consultez l'annuaire officiel france-renov.gouv.fr ou le site de Qualibat. Entrez le nom ou le SIRET de l'entreprise. La certification RGE est indispensable pour bénéficier de MaPrimeRénov' et des CEE.",250,1,true
20,https://servicesartisans.fr/guides/normes-electriques,Norme NF C 15-100 : Guide Électricité Maison | ServicesArtisans,text/html; charset=utf-8,false,200,0,0,"Guide complet norme NF C 15-100 : nombre de prises par pièce, protection des circuits, zones salle de bain, mise aux normes obligatoire, coûts de rénovation électrique et diagnostic.",182,1,true
20,https://servicesartisans.fr/questions/combien-coute-plombier,Combien coûte un plombier ? | ServicesArtisans | ServicesArtisans,text/html; charset=utf-8,false,200,0,0,"Un plombier coûte en moyenne 40 à 70 € de l'heure. Une intervention simple (robinet, joint) revient à 80-200 €, une urgence (fuite, dégât des eaux) coûte 150 à 400 € avec majorations le soir et le week-end.",206,1,true
20,https://servicesartisans.fr/urgence/facadier,Urgence façadier — Dépannage rapide | ServicesArtisans,text/html; charset=utf-8,false,200,0,0,"Dépannage façadier en urgence, y compris le week-end. Artisans référencés par SIREN, intervention sous Devis sous 1 semaine, intervention sous 2 à 6 semaines. Gratuit.",167,1,true
20,https://servicesartisans.fr/questions/cout-ravalement-facade,Combien coûte un ravalement de façade ? | ServicesArtisans | ServicesArtisans,text/html; charset=utf-8,false,200,0,0,"Un ravalement de façade coûte entre 30 et 100 € par m² selon la technique (nettoyage simple, enduit, peinture, ITE). Pour une maison de 100 m² de façade, prévoyez 3 000 à 10 000 €. L'ITE coûte 100 à 200 €/m².",208,1,true
20,https://servicesartisans.fr/questions/cumul-aides-renovation,Peut-on cumuler les aides à la rénovation ? | ServicesArtisans | ServicesArtisans,text/html; charset=utf-8,false,200,0,0,"Oui, MaPrimeRénov', les CEE, l'éco-PTZ et la TVA à 5,5 % sont cumulables. Seule restriction : le cumul des aides ne peut pas dépasser 90 % du coût des travaux (100 % pour les ménages très modestes dans certains cas). Les aides locales viennent souvent en complément.",266,1,true
20,https://servicesartisans.fr/urgence/ascensoriste,Ascensoriste urgence — Intervention rapide | ServicesArtisans,text/html; charset=utf-8,false,200,0,0,"Ascensoriste d'urgence soir & week-end : artisans disponibles partout en France. Devis rapide, intervention Diagnostic sous 1 semaine, installation 4 à 12 semaines.",164,1,true
20,https://servicesartisans.fr/questions/quel-chauffage-maison-ancienne,Quel chauffage pour une maison ancienne ? | ServicesArtisans | ServicesArtisans,text/html; charset=utf-8,false,200,0,0,"Pour une maison ancienne, la PAC air-eau est le meilleur choix si vous avez des radiateurs à eau. La chaudière à granulés est idéale en zone rurale. Le poêle à bois ou à granulés complète efficacement un chauffage existant. Isolez d'abord avant de changer de chauffage.",269,1,true
20,https://servicesartisans.fr/questions/devis-travaux-que-verifier,Que vérifier sur un devis de travaux avant de signer ? | ServicesArtisans | ServicesArtisans,text/html; charset=utf-8,false,200,0,0,"Vérifiez les mentions légales obligatoires (SIRET, assurance), le détail des prestations, les matériaux avec références précises, le prix TTC, les délais et les conditions de paiement. Un devis flou est un signal d'alerte.",222,1,true
20,https://servicesartisans.fr/comparaison/chaudiere-gaz-vs-bois-granules,Chaudière gaz vs bois/granulés : quel combustible choisir ? | ServicesArtisans,text/html; charset=utf-8,false,200,0,0,"Comparatif chaudière gaz condensation vs chaudière bois à granulés en 2026 : prix, rendement, écologie, aides. Guide complet pour choisir votre système de chauffage.",165,1,true
20,https://servicesartisans.fr/questions/artisan-rge-obligatoire,Est-il obligatoire de choisir un artisan RGE ? | ServicesArtisans | ServicesArtisans,text/html; charset=utf-8,false,200,0,0,"Un artisan RGE (Reconnu Garant de l'Environnement) est obligatoire pour bénéficier des aides publiques comme MaPrimeRénov, les CEE ou l'éco-PTZ. Sans certification RGE, vous ne percevrez aucune aide financière.",210,1,true
20,https://servicesartisans.fr/questions/serrurier-urgence-24h-prix,Quel est le tarif d'un serrurier en urgence 24h/24 ? | ServicesArtisans | ServicesArtisans,text/html; charset=utf-8,false,200,0,0,"Un serrurier en urgence coûte de 100 à 350 € en journée et de 200 à 600 € la nuit ou le week-end. L'ouverture d'une porte claquée revient à 100-200 €, tandis qu'une ouverture avec remplacement de serrure coûte 250 à 500 €.",222,1,true
20,https://servicesartisans.fr/questions/acompte-travaux-combien,Quel acompte verser pour des travaux ? | ServicesArtisans | ServicesArtisans,text/html; charset=utf-8,false,200,0,0,"L'acompte habituel est de 20 à 30 % du montant total pour les travaux courants. Au-delà de 30 %, méfiez-vous. Aucune loi ne fixe de plafond, mais un acompte excessif est un signe d'alerte. Le solde ne doit être payé qu'après réception des travaux.",247,1,true
20,https://servicesartisans.fr/questions/que-verifier-avant-payer-artisan,Que vérifier avant de payer un artisan ? | ServicesArtisans | ServicesArtisans,text/html; charset=utf-8,false,200,0,0,"Vérifiez que les travaux sont conformes au devis signé, faites un procès-verbal de réception avec liste des réserves éventuelles, et ne payez le solde qu'après levée des réserves. Conservez la facture pendant 10 ans (durée de la garantie décennale).",249,1,true
20,https://servicesartisans.fr/questions/tva-travaux-renovation-taux,Quel taux de TVA s'applique aux travaux de rénovation ? | ServicesArtisans | ServicesArtisans,text/html; charset=utf-8,false,200,0,0,"La TVA est de 10 % pour les travaux de rénovation et d'entretien dans un logement de plus de 2 ans. Elle passe à 5,5 % pour les travaux de rénovation énergétique. La TVA est de 20 % pour les constructions neuves.",212,1,true
20,https://servicesartisans.fr/questions/pac-air-eau-ou-air-air,PAC air-eau ou air-air : laquelle choisir ? | ServicesArtisans | ServicesArtisans,text/html; charset=utf-8,false,200,0,0,"La PAC air-eau alimente un circuit d'eau (radiateurs, plancher chauffant) et produit l'eau chaude sanitaire — elle est éligible à MaPrimeRénov'. La PAC air-air souffle de l'air chaud/froid via des splits et sert aussi de climatisation, mais n'ouvre pas droit aux aides.",269,1,true
20,https://servicesartisans.fr/urgence/nettoyage,Nettoyage d'urgence — Soir & week-end | ServicesArtisans,text/html; charset=utf-8,false,200,0,0,"Besoin d'un nettoyage en urgence ? Disponible selon les artisans de votre secteur partout en France. Devis sous 48h, intervention sous 1 à 5 jours. Artisans référencés.",168,1,true
20,https://servicesartisans.fr/questions/poser-parquet-flottant-diy,Comment poser du parquet flottant soi-même ? | ServicesArtisans | ServicesArtisans,text/html; charset=utf-8,false,200,0,0,"Posez une sous-couche isolante sur le sol propre et sec, puis clipsez les lames rangée par rangée en partant du mur le plus long. Laissez un jeu de dilatation de 8 mm sur tout le pourtour. Un débutant peut poser 10 à 15 m² par jour.",232,1,true
20,https://servicesartisans.fr/questions/vitre-cassee-securiser,Vitre cassée : comment sécuriser en attendant le vitrier ? | ServicesArtisans | ServicesArtisans,text/html; charset=utf-8,false,200,0,0,Portez des gants épais pour ramasser les éclats. Colmatez la fenêtre avec du carton épais ou une bâche fixée avec du ruban adhésif résistant. Appelez un vitrier pour un remplacement sous 24 à 48 h. Coût : 80 à 300 €.,216,1,true
20,https://servicesartisans.fr/questions/aide-anah-conditions,Aides de l'Anah : quelles conditions ? | ServicesArtisans | ServicesArtisans,text/html; charset=utf-8,false,200,0,0,"L'Anah (Agence nationale de l'habitat) gère MaPrimeRénov' et d'autres aides pour les propriétaires de logements de plus de 15 ans. Les conditions : revenus sous les plafonds, logement en résidence principale, travaux par un artisan RGE, et ne pas avoir bénéficié d'un PTZ dans les 5 dernières années.",300,1,true
20,https://servicesartisans.fr/questions/declaration-prealable-travaux-quand,Quand faut-il une déclaration préalable de travaux ? | ServicesArtisans | ServicesArtisans,text/html; charset=utf-8,false,200,0,0,"Une déclaration préalable (DP) est requise pour les travaux créant entre 5 et 20 m² de surface (40 m² en zone PLU), les modifications de façade, les changements de fenêtres, les ravalement et les clôtures. Le délai d’instruction est d’un mois.",243,1,true
20,https://servicesartisans.fr/guides/renovation-energetique-complete,Rénovation Énergétique : Guide Complet pour Votre Maison | ServicesArtisans,text/html; charset=utf-8,false,200,0,0,"Guide complet rénovation énergétique 2026 : isolation, chauffage, ventilation, fenêtres. Toutes les aides (MaPrimeRénov, CEE, éco-PTZ) et l'ordre optimal des travaux.",166,1,true
20,https://servicesartisans.fr/questions/dpe-obligatoire-vente-location,Le DPE est-il obligatoire pour vendre ou louer en 2026 ? | ServicesArtisans | ServicesArtisans,text/html; charset=utf-8,false,200,0,0,"Oui, le DPE est obligatoire pour toute vente ou location depuis 2006. En 2026, les logements classés G sont interdits à la location. Le DPE doit être réalisé par un diagnostiqueur certifié et est valable 10 ans.",211,1,true
20,https://servicesartisans.fr/questions/comment-choisir-chauffagiste,Comment choisir un chauffagiste ? | ServicesArtisans | ServicesArtisans,text/html; charset=utf-8,false,200,0,0,"Choisissez un chauffagiste certifié RGE et PG (Professionnel du Gaz). Vérifiez sa décennale, demandez 3 devis et consultez l'annuaire officiel sur faire.gouv.fr. La certification RGE est obligatoire pour les aides MaPrimeRénov'.",228,1,true
20,https://servicesartisans.fr/questions/que-faire-fuite-eau,Que faire en cas de fuite d'eau ? | ServicesArtisans | ServicesArtisans,text/html; charset=utf-8,false,200,0,0,"Coupez immédiatement l'arrivée d'eau au compteur général. Placez des récipients sous la fuite, épongez l'eau et coupez l'électricité si l'eau est proche de prises. Prenez des photos pour l'assurance puis appelez un plombier.",224,1,true
20,https://servicesartisans.fr/questions/prime-coup-de-pouce-chauffage,C'est quoi la prime coup de pouce chauffage ? | ServicesArtisans | ServicesArtisans,text/html; charset=utf-8,false,200,0,0,"La prime coup de pouce chauffage est une bonification des CEE pour le remplacement d'une chaudière fioul ou gaz par une PAC, une chaudière biomasse ou un système solaire. Elle varie de 2 500 à 5 000 € selon les revenus, et est cumulable avec MaPrimeRénov'.",256,1,true
20,https://servicesartisans.fr/guides/aides-renovation-2026,Aides Rénovation Énergétique 2026 — Guide Complet | ServicesArtisans,text/html; charset=utf-8,false,200,0,0,"Guide complet des aides à la rénovation énergétique en 2026 : MaPrimeRénov', CEE, éco-PTZ, TVA 5,5 %, chèque énergie, aides locales. Montants, conditions et cumul des aides.",173,1,true
20,https://servicesartisans.fr/questions/canalisation-bouchee-urgence,Canalisation bouchée en urgence : que faire ? | ServicesArtisans | ServicesArtisans,text/html; charset=utf-8,false,200,0,0,"Essayez d'abord la ventouse, puis le mélange bicarbonate + vinaigre blanc. Si le bouchon persiste, utilisez un furet manuel. En cas d'échec ou de remontée d'eaux usées, appelez un plombier. Coût du débouchage pro : 100 à 350 €.",227,1,true
20,https://servicesartisans.fr/urgence/carreleur,Urgence carreleur — Dépannage rapide | ServicesArtisans,text/html; charset=utf-8,false,200,0,0,"Besoin d'un carreleur en urgence ? Disponible selon les artisans de votre secteur partout en France. Devis sous 48h, intervention sous 1 à 3 semaines. Artisans référencés.",171,1,true
20,https://servicesartisans.fr/guides/garantie-decennale,Garantie Décennale : Tout Comprendre en 2026 | ServicesArtisans,text/html; charset=utf-8,false,200,0,0,"Tout savoir sur la garantie décennale : définition, durée de 10 ans, travaux couverts, exclusions, comment vérifier l'attestation d'un artisan et que faire en cas de sinistre.",175,1,true
20,https://servicesartisans.fr/questions/difference-artisan-entreprise,Quelle est la différence entre un artisan et une entreprise de travaux ? | ServicesArtisans | ServicesArtisans,text/html; charset=utf-8,false,200,0,0,Un artisan travaille seul ou avec moins de 11 salariés et est inscrit au Répertoire des Métiers. Une entreprise de travaux est plus grande et dispose de plus de moyens mais facture souvent plus cher.,199,1,true
20,https://servicesartisans.fr/urgence/cuisiniste,Dépannage cuisiniste urgent — 24h/24 | ServicesArtisans,text/html; charset=utf-8,false,200,0,0,"Dépannage cuisiniste en urgence, y compris le week-end. Artisans référencés par SIREN, intervention sous Conception 2 à 3 semaines, fabrication 4 à 8 semaines, pose 3 à 7 jours. Gratuit.",186,1,true
20,https://servicesartisans.fr/guides/renovation-salle-de-bain,"Rénovation Salle de Bain : Étapes, Prix et Conseils 2026 | ServicesArtisans",text/html; charset=utf-8,false,200,0,0,"Guide complet rénovation salle de bain 2026 : étapes clés, prix par poste (douche italienne, carrelage, plomberie), budget total, erreurs à éviter et aides financières.",168,1,true
20,https://servicesartisans.fr/questions/prix-peinture-m2-maison,Quel est le prix de la peinture au m² en 2026 ? | ServicesArtisans | ServicesArtisans,text/html; charset=utf-8,false,200,0,0,"En 2026, le prix de la peinture au m² varie de 20 à 45 € TTC (main-d'œuvre + fournitures) pour des murs intérieurs. Les plafonds coûtent 25 à 50 €/m² et une façade extérieure 30 à 80 €/m² selon l'état du support.",212,1,true
20,https://servicesartisans.fr/guides/declaration-prealable-travaux,Déclaration Préalable de Travaux : Guide 2026 | ServicesArtisans,text/html; charset=utf-8,false,200,0,0,"Guide complet déclaration préalable de travaux 2026 : quand est-elle nécessaire (5-20m², façade, clôture, piscine), formulaire Cerfa 13703, délai d’instruction d’un mois et accord tacite.",187,1,true
20,https://servicesartisans.fr/questions/verifier-fiabilite-artisan,Comment vérifier qu'un artisan est fiable ? | ServicesArtisans | ServicesArtisans,text/html; charset=utf-8,false,200,0,0,"Vérifiez le SIRET sur societe.com, l'assurance décennale auprès de l'assureur, les avis Google et les références de chantiers. Un artisan fiable fournit un devis détaillé, ne demande pas plus de 30 % d'acompte et communique clairement sur les délais.",250,1,true
