keyword,volume,kd,competitor,best_position,traffic,cpc,best_url,intent_transactional,intent_commercial,segment_match
plafond cheque energie,2600,31,hellio,1,2423,2,https://particulier.hellio.com/blog/financement/plafond-cheque-energie,False,False,yes
robinet thermostatique,8600,0,hellio,1,1845,12,https://copropriete.hellio.com/blog/conseils/robinet-thermostatique,False,True,yes
chèque énergie 2025 date de versement,18000,6,hellio,5,1389,15,https://particulier.hellio.com/blog/financement/date-cheque-energie,False,False,yes
ma prime renov,57000,67,hellio,10,1236,136,https://particulier.hellio.com/blog/financement/ma-prime-renov,False,False,yes
seche linge pompe a chaleur,17000,1,hellio,2,709,21,https://particulier.hellio.com/blog/conseils/seche-linge-pompe-chaleur-condensation,False,True,yes
panneau solaire plug and play,14000,8,hellio,9,664,52,https://particulier.hellio.com/guide-solaire/types/panneau-plug-and-play,False,True,yes
h1 h2 h3,900,4,hellio,1,548,1180,https://faq.hellio.com/definition-zone-climatique-cee,False,False,yes
hellio,1000,0,hellio,1,538,106,https://www.hellio.com/,False,False,no
dpe e location,1400,1,hellio,1,505,2,https://faq.hellio.com/location-logement-classe-e-dpe,False,False,yes
helio,1000,1,hellio,1,479,105,https://www.hellio.com/,False,False,no
ombrière photovoltaique,1400,2,hellio,1,446,110,https://particulier.hellio.com/guide-solaire/utilisation/panneau-solaire-voiture/ombriere-photovoltaique,False,False,yes
bail social,1700,11,hellio,1,435,11,https://logementsocial.hellio.com/blog/actualites/bail-social,False,False,no
ma prime renov 2026,12000,69,hellio,9,429,127,https://particulier.hellio.com/blog/financement/maprimerenov-2026,False,False,yes
prise renforcée,3800,0,hellio,5,414,20,https://particulier.hellio.com/blog/conseils/prise-renforcee-voiture-electrique,False,True,yes
seche linge condensation,15000,0,hellio,7,389,16,https://particulier.hellio.com/blog/conseils/seche-linge-pompe-chaleur-condensation,False,True,yes
ma prime renov 2024,6300,77,hellio,6,384,127,https://particulier.hellio.com/blog/financement/maprimerenov-2024,False,False,yes
relamping,1600,0,hellio,1,372,40,https://copropriete.hellio.com/blog/renovation-energetique/relamping,False,False,yes
dpe f location,900,4,hellio,1,357,1,https://copropriete.hellio.com/blog/actualites/interdiction-location-dpe-f-g,False,False,yes
location dpe f,800,3,hellio,1,317,1,https://copropriete.hellio.com/blog/actualites/interdiction-location-dpe-f-g,False,False,yes
loi aper,4200,5,hellio,5,316,8,https://www.hellio.com/actualites/reglementation/loi-aper,False,False,no
aide panneau solaire,3700,13,hellio,4,309,43,https://particulier.hellio.com/guide-solaire/aides/prix-panneau-solaire/gratuit,False,False,yes
ma prime rénov 2025,4100,49,hellio,5,305,149,https://particulier.hellio.com/blog/financement/maprimerenov-2025,False,False,yes
dpe obligatoire,4800,39,hellio,5,286,35,https://particulier.hellio.com/blog/conseils/dpe-obligatoire,False,False,yes
chèque énergie 2025 date,14000,6,hellio,11,278,13,https://particulier.hellio.com/blog/financement/date-cheque-energie,False,False,yes
location dpe e,700,1,hellio,1,270,1,https://faq.hellio.com/location-logement-classe-e-dpe,False,False,yes
cache pompe à chaleur,3000,15,hellio,6,256,19,https://particulier.hellio.com/blog/conseils/cache-pompe-chaleur,True,True,yes
plan pluriannuel de travaux,2000,4,hellio,4,249,27,https://copropriete.hellio.com/blog/renovation-energetique/plan-pluriannel-travaux,False,False,yes
tantième,1700,0,hellio,3,232,3,https://copropriete.hellio.com/blog/vie-copro/tantiemes,False,False,no
prix ravalement façade maison 100m2,600,0,hellio,1,224,93,https://copropriete.hellio.com/blog/renovation-energetique/prix-ravalement-facade,False,False,yes
scission de copropriété,250,0,hellio,1,215,1,https://copropriete.hellio.com/blog/vie-copro/scission-copropriete,False,False,no
calorifugeage,3500,0,hellio,2,211,31,https://copropriete.hellio.com/blog/renovation-energetique/prix-calorifugeage-tuyauterie,False,False,yes
pont thermique,3800,2,hellio,5,210,1,https://copropriete.hellio.com/blog/renovation-energetique/pont-thermique,False,False,yes
prime renov 2025,4300,64,hellio,7,208,117,https://particulier.hellio.com/blog/financement/maprimerenov-2025,False,False,yes
ma prime adapt 2025,3400,31,hellio,6,208,83,https://particulier.hellio.com/blog/financement/ma-prime-adapt,False,False,yes
eurocombles avis,1400,0,hellio,2,205,88,https://particulier.hellio.com/blog/travaux/isolation-soufflee,False,False,yes
hellio avis,250,0,hellio,1,200,171,https://particulier.hellio.com/avis,False,False,no
vmc appartement,600,0,hellio,1,192,17,https://copropriete.hellio.com/blog/renovation-energetique/vmc-appartement,False,False,yes
chèque énergie 2025 simulation,5000,30,hellio,8,192,29,https://particulier.hellio.com/blog/financement/simulation-cheque-energie,False,False,yes
chaudiere fioul,2300,0,hellio,5,187,45,https://particulier.hellio.com/blog/actualites/interdiction-chaudieres-fioul,False,True,yes
panneau solaire avec batterie,3400,13,hellio,5,180,106,https://particulier.hellio.com/guide-solaire/pieces/batterie-panneau-solaire/photovoltaique,False,True,yes
chauffage collectif date,1500,0,hellio,3,179,6,https://copropriete.hellio.com/blog/actualites/dates-chauffage-collectif,False,False,yes
robinet thermostatique radiateur,3400,0,hellio,3,173,8,https://copropriete.hellio.com/blog/conseils/robinet-thermostatique,True,True,yes
prise renforcée voiture électrique,2900,1,hellio,6,172,21,https://particulier.hellio.com/blog/conseils/prise-renforcee-voiture-electrique,True,True,yes
loi elan copropriété,600,0,hellio,1,169,1,https://copropriete.hellio.com/blog/vie-copro/loi-elan,False,False,no
prime renov,21000,66,hellio,15,168,113,https://particulier.hellio.com/blog/financement/ma-prime-renov,False,False,yes
horaires travaux copropriété,700,0,hellio,2,163,1,https://copropriete.hellio.com/blog/vie-copro/horaires-travaux,False,False,no
loi logement social,250,2,hellio,1,154,3,https://logementsocial.hellio.com/blog/actualites/projet-loi-logement-abordable,False,False,no
rendement panneau solaire,3000,6,hellio,8,153,71,https://particulier.hellio.com/guide-solaire/tag/rendement-dun-panneau-solaire,False,False,yes
role du president du conseil syndical,100,0,hellio,1,143,1,https://copropriete.hellio.com/blog/vie-copro/president-conseil-syndical,False,False,no
dpe f,1500,0,hellio,4,142,2,https://faq.hellio.com/location-logement-classe-f-dpe,False,False,yes
dpe g location,400,0,hellio,1,141,1,https://faq.hellio.com/interdiction-location-logements-g,False,False,yes
réclamation chèque énergie,2800,9,hellio,8,138,16,https://particulier.hellio.com/blog/financement/reclamation-cheque-energie,False,False,yes
simulation chèque énergie 2025,3600,31,hellio,8,137,26,https://particulier.hellio.com/blog/financement/simulation-cheque-energie,False,False,yes
dpe vierge,1500,0,hellio,5,134,3,https://faq.hellio.com/dpe-vierge-interdiction-location,False,False,yes
prime cee,8500,48,hellio,8,126,115,https://particulier.hellio.com/blog/financement/prime-cee,False,False,yes
dpe collectif,900,11,hellio,3,120,33,https://copropriete.hellio.com/blog/conseils/dpe-collectif,False,False,yes
calcul resistance thermique,200,0,hellio,1,119,13,https://particulier.hellio.com/blog/travaux/resistance-thermique,False,False,no
dtg,2100,3,hellio,2,116,56,https://faq.hellio.com/prix-dtg,False,False,no
ma prime rénov mon compte,1500,60,hellio,4,116,77,https://faq.hellio.com/connexion-maprimerenov,False,False,yes
dpe d,2100,1,hellio,5,115,6,https://faq.hellio.com/location-logement-classe-d,False,False,yes
panneau solaire gratuit,450,5,hellio,1,112,272,https://particulier.hellio.com/guide-solaire/aides/prix-panneau-solaire/gratuit,False,False,yes
vmi danger,300,0,hellio,1,110,70,https://particulier.hellio.com/blog/conseils/ventilation-mecanique-insufflation,False,False,yes
chauffage d'appoint économique,2200,0,hellio,6,110,8,https://particulier.hellio.com/blog/conseils/chauffage-appoint-economique,False,False,yes
vmr ventilation,250,0,hellio,1,108,12,https://particulier.hellio.com/blog/conseils/ventilation-mecanique-repartie,False,False,yes
granules de bois,1500,16,hellio,6,107,31,https://particulier.hellio.com/blog/conseils/composition-granules-bois,False,True,no
qui a droit au cheque energie,1300,45,hellio,6,105,6,https://particulier.hellio.com/blog/financement/qui-a-droit-cheque-energie,False,False,yes
simulation cheque energie,3200,30,hellio,7,105,34,https://particulier.hellio.com/blog/financement/simulation-cheque-energie,False,False,yes
assemblée générale extraordinaire copropriété,100,0,hellio,1,105,2,https://copropriete.hellio.com/blog/vie-copro/assemblee-generale-extraordinaire-copropriete,False,False,no
ravalement de façade,11000,3,hellio,10,105,151,https://copropriete.hellio.com/blog/renovation-energetique/aide-ravalement-facade,False,False,yes
décarbonation ou décarbonisation,300,0,hellio,1,104,58,https://faq.hellio.com/decarbonation-decarbonisation,False,False,no
charge de copropriété locataire,150,1,hellio,1,103,2,https://copropriete.hellio.com/blog/vie-copro/charges-copropriete-locataire,False,False,yes
oa,3900,12,hellio,7,103,9,https://particulier.hellio.com/guide-solaire/aides/prix-panneau-solaire/tarif-rachat-photovoltaique/edf-oa,False,False,yes
hellio solutions,300,0,hellio,1,102,137,https://www.hellio.com/,False,False,no
bilan energetique,1800,12,hellio,5,102,92,https://particulier.hellio.com/blog/conseils/bilan-energetique-maison,False,False,yes
pompe à chaleur appartement,800,0,hellio,3,101,62,https://copropriete.hellio.com/blog/renovation-energetique/pompe-chaleur-appartement-sans-unite-exterieure,False,False,yes
chaudière fioul,1300,1,hellio,5,100,45,https://particulier.hellio.com/blog/actualites/interdiction-chaudieres-fioul,False,True,yes
date chauffage collectif,700,0,hellio,3,100,6,https://copropriete.hellio.com/blog/actualites/dates-chauffage-collectif,False,False,yes
bouclier tarifaire,4000,3,hellio,3,99,17,https://www.hellio.com/actualites/reglementation/bouclier-tarifaire-entreprise-2024,False,False,no
thpe,200,0,hellio,1,97,50,https://faq.hellio.com/definition-thpe,False,False,no
dpe d location,250,0,hellio,1,97,11,https://faq.hellio.com/location-logement-classe-d,False,False,yes
gtc signification,250,1,hellio,1,96,,https://www.hellio.com/actualites/conseils/gtc-gestion-technique-centralisee,False,False,no
isolation toiture exterieur,200,1,hellio,1,92,42,https://particulier.hellio.com/blog/travaux/isolation-toiture-exterieur,False,False,yes
centrale photovoltaique au sol,300,2,hellio,1,91,116,https://www.hellio.com/actualites/conseils/centrale-photovoltaique,False,False,no
cheque energie eligibilite,1500,31,hellio,3,90,18,https://particulier.hellio.com/blog/financement/plafond-cheque-energie,False,False,yes
réduction empreinte carbone,250,18,hellio,1,90,35,https://particulier.hellio.com/blog/conseils/reduire-empreinte-carbone,False,False,no
calorifuge,1800,0,hellio,3,89,24,https://copropriete.hellio.com/blog/renovation-energetique/definition-calorifugeage,False,False,yes
jurisprudence travaux copropriété,250,0,hellio,1,89,49,https://copropriete.hellio.com/blog/vie-copro/jurisprudence-travaux-copropriete,False,False,no
maprimerenov 2026,2300,68,hellio,8,88,107,https://particulier.hellio.com/blog/financement/maprimerenov-2026,False,False,yes
tantieme,700,0,hellio,3,87,3,https://copropriete.hellio.com/blog/vie-copro/tantiemes,False,False,no
thermostat connecté gratuit,700,3,hellio,3,87,40,https://particulier.hellio.com/blog/conseils/thermostat-connecte-gratuit,False,False,yes
comment beneficier du cheque energie,450,45,hellio,3,87,12,https://particulier.hellio.com/blog/financement/qui-a-droit-cheque-energie,False,False,yes
panneau solaire balcon,600,5,hellio,3,86,49,https://copropriete.hellio.com/blog/conseils/panneau-solaire-appartement,True,True,yes
installation solaire,1100,54,hellio,6,86,237,https://particulier.hellio.com/guide-solaire/utilisation/panneau-solaire-maison/installation,False,True,yes
nouveau dpe,1100,20,hellio,5,86,1,https://particulier.hellio.com/blog/conseils/reforme-dpe,False,False,yes
audit énergétique obligatoire,1500,22,hellio,7,85,31,https://copropriete.hellio.com/blog/conseils/audit-energetique-appartement,False,False,yes
location dpe,1000,5,hellio,4,85,5,https://copropriete.hellio.com/blog/actualites/interdiction-location-dpe-f-g,False,False,yes
ma prime rénov,4300,67,hellio,11,85,123,https://particulier.hellio.com/blog/financement/ma-prime-renov,False,False,yes
ma prime rénov 2025 : tableau,1000,59,hellio,5,82,67,https://particulier.hellio.com/blog/financement/maprimerenov-2025,False,False,yes
diagnostic énergétique,8600,53,hellio,14,82,94,https://copropriete.hellio.com/blog/conseils/dpe-collectif,False,False,yes
fonds de roulement copropriété,150,0,hellio,1,80,3,https://copropriete.hellio.com/blog/vie-copro/fonds-roulement,False,False,no
sonergia,1200,0,sonergia,1,1105,90,https://sonergia.fr/,False,False,no
isolation phonique mur,3500,0,sonergia,2,510,9,https://sonergia.fr/conseils-travaux/isolation/isolation-phonique/comment-isoler-phoniquement-un-mur-entre-voisins/,False,False,yes
index injection linky,500,2,sonergia,1,435,14,https://sonergia.fr/conseils-travaux/solaire/panneaux-photovoltaiques/comment-suivre-sa-production-photovoltaique/,False,False,yes
pompe a chaleur air eau,11000,12,sonergia,5,421,143,https://sonergia.fr/conseils-travaux/chauffage/pompe-a-chaleur/prix-pompe-a-chaleur-air-eau-quel-budget-moyen-prevoir/,False,True,yes
aide à la rénovation maison ancienne,700,42,sonergia,1,271,89,https://sonergia.fr/guide-des-aides/autres-aides/5-aides-financieres-pour-renover-une-maison-ancienne/,False,False,yes
isolation phonique mur mitoyen,800,0,sonergia,1,254,11,https://sonergia.fr/conseils-travaux/isolation/isolation-phonique/comment-isoler-phoniquement-un-mur-entre-voisins/,False,False,yes
aide panneau solaire 2024,4500,6,sonergia,7,216,96,https://sonergia.fr/conseils-travaux/solaire/panneaux-photovoltaiques/qui-verse-la-prime-a-lautoconsommation/,False,False,yes
thermostat,18000,2,sonergia,7,208,20,https://sonergia.fr/conseils-travaux/chauffage/thermostat-connecte/quel-est-le-fonctionnement-dun-thermostat-connecte-sans-fil/,False,True,yes
meilleur isolant phonique plafond,200,1,sonergia,1,192,9,https://sonergia.fr/conseils-travaux/isolation/isolation-phonique/isoler-un-plafond-du-bruit-enjeux-et-methode/,False,False,yes
pompe a chaleur eau eau,1700,0,sonergia,4,190,64,https://sonergia.fr/conseils-travaux/chauffage/pompe-a-chaleur/prix-pompe-a-chaleur-eau-eau-quel-budget-pour-votre-chauffage/,False,False,yes
thermostat connecté,5300,6,sonergia,8,181,14,https://sonergia.fr/conseils-travaux/chauffage/thermostat-connecte/pourquoi-passer-au-thermostat-connecte/,False,True,yes
isolation mur intérieur,7800,1,sonergia,10,167,25,https://sonergia.fr/conseils-travaux/isolation/mur/quelle-epaisseur-pour-lisolation-dun-mur-interieur/,False,False,yes
comment isoler phoniquement un mur,300,0,sonergia,1,127,6,https://sonergia.fr/conseils-travaux/isolation/isolation-phonique/comment-isoler-phoniquement-un-mur-entre-voisins/,False,False,yes
isolation mur interieur mince,350,0,sonergia,1,125,7,https://sonergia.fr/conseils-travaux/isolation/mur/quelle-isolation-mince-pour-les-murs-interieurs/,False,False,yes
isolation interieur,3600,4,sonergia,9,124,68,https://sonergia.fr/conseils-travaux/isolation/mur/quelle-epaisseur-pour-lisolation-dun-mur-interieur/,False,False,yes
epaisseur laine de verre,600,1,sonergia,1,119,4,https://sonergia.fr/conseils-travaux/isolation/materiaux-isolants/lepaisseur-de-laine-de-verre-ideale-pour-isoler/,False,False,yes
pompe a chaleur 1€,500,0,sonergia,1,117,314,https://sonergia.fr/conseils-travaux/chauffage/pompe-a-chaleur/pompe-a-chaleur-a-1-e-opportunite-ou-arnaque/,False,False,yes
isolation sous sol,900,0,sonergia,4,116,60,https://sonergia.fr/conseils-travaux/isolation/sol/comment-realiser-lisolation-dun-sous-sol-humide-les-solutions/,False,False,yes
quel dpe pour louer,300,5,sonergia,1,114,2,https://sonergia.fr/guide-des-aides/reglementation/dpe-et-location-quelles-obligations-en-2024/,False,False,yes
pompe à chaleur prix,4700,1,sonergia,9,113,94,https://sonergia.fr/conseils-travaux/chauffage/pompe-a-chaleur/prix-pompe-a-chaleur-air-eau-quel-budget-moyen-prevoir/,False,True,yes
chèque énergie 2024,27000,7,sonergia,18,110,55,https://sonergia.fr/guide-des-aides/autres-aides/le-guide-du-cheque-energie-2024/,False,False,yes
quel r pour une bonne isolation,250,0,sonergia,1,106,6,https://sonergia.fr/conseils-travaux/isolation/quel-coefficient-de-resistance-thermique-pour-bien-isoler/,False,False,yes
insonoriser un mur,150,0,sonergia,1,95,16,https://sonergia.fr/conseils-travaux/isolation/isolation-phonique/comment-isoler-phoniquement-un-mur-entre-voisins/,False,False,yes
dpeb,90,0,sonergia,1,94,,https://sonergia.fr/nous-decouvrir/efficacite-energetique/revision-de-la-directive-sur-la-performance-energetique-des-batiments-sonergia-fait-le-point/,False,False,yes
isoler phoniquement un mur,350,2,sonergia,1,90,9,https://sonergia.fr/conseils-travaux/isolation/isolation-phonique/comment-isoler-phoniquement-un-mur-entre-voisins/,False,False,yes
isolation sol garage,200,0,sonergia,2,86,11,https://sonergia.fr/conseils-travaux/isolation/sol/comment-et-pourquoi-realiser-lisolation-du-sol-de-votre-garage/,False,False,yes
isolation polyuréthane,1300,1,sonergia,6,83,24,https://sonergia.fr/conseils-travaux/isolation/materiaux-isolants/le-polyurethane-lisolation-mince-par-excellence/,False,False,yes
prix du pellets,100,1,sonergia,1,72,23,https://sonergia.fr/conseils-travaux/chauffage/poele-a-granules/prix-des-granules-de-bois-evolution-tarifs-et-perspectives/,False,False,yes
radiateur électrique basse consommation,1300,0,sonergia,5,72,16,https://sonergia.fr/conseils-travaux/chauffage/radiateurs-electriques-basse-consommation-comment-choisir/,False,True,yes
isolation phonique plafond appartement,300,0,sonergia,2,69,13,https://sonergia.fr/conseils-travaux/isolation/isolation-phonique/isoler-un-plafond-du-bruit-enjeux-et-methode/,False,False,yes
prix installation pompe a chaleur,700,1,sonergia,4,68,143,https://sonergia.fr/conseils-travaux/chauffage/pompe-a-chaleur/prix-pompe-a-chaleur-air-eau-quel-budget-moyen-prevoir/,False,False,yes
isolation phonique,8300,7,sonergia,2,67,22,https://sonergia.fr/conseils-travaux/isolation/isolation-phonique/comment-isoler-phoniquement-un-mur-entre-voisins/,False,False,yes
isolation mur intérieur epaisseur,700,0,sonergia,5,67,6,https://sonergia.fr/conseils-travaux/isolation/mur/quelle-epaisseur-pour-lisolation-dun-mur-interieur/,False,False,yes
isolant polyuréthane,2300,0,sonergia,9,66,24,https://sonergia.fr/conseils-travaux/isolation/materiaux-isolants/le-polyurethane-lisolation-mince-par-excellence/,False,False,yes
meilleur chauffage d'appoint sans électricité,1100,0,sonergia,6,64,6,https://sonergia.fr/conseils-travaux/chauffage/chauffage-dappoint-economique-plus-de-confort-sans-vous-ruiner/,False,True,yes
isolant phonique mur,2300,0,sonergia,9,61,9,https://sonergia.fr/conseils-travaux/isolation/isolation-phonique/comment-isoler-phoniquement-un-mur-entre-voisins/,False,True,yes
matériaux qui repousse la chaleur,150,0,sonergia,1,56,17,https://sonergia.fr/conseils-travaux/isolation/materiaux-isolants/confort-dete-les-meilleurs-isolants-contre-la-chaleur/,False,False,yes
isoler une dalle béton par dessus,150,0,sonergia,1,54,43,https://sonergia.fr/conseils-travaux/isolation/sol/comment-realiser-lisolation-thermique-de-votre-sol-en-beton/,False,False,yes
système solaire combiné pompe à chaleur,150,0,sonergia,1,52,152,https://sonergia.fr/conseils-travaux/chauffage/pompe-a-chaleur/cest-quoi-un-systeme-solaire-combine-avec-pompe-a-chaleur/,False,False,yes
isolation interieur maison,450,3,sonergia,3,50,66,https://sonergia.fr/conseils-travaux/isolation/mur/quelle-epaisseur-pour-lisolation-dun-mur-interieur/,False,False,yes
isolation phonique mur chambre,900,1,sonergia,8,48,11,https://sonergia.fr/conseils-travaux/isolation/isolation-phonique/comment-isoler-phoniquement-un-mur-entre-voisins/,False,False,yes
isolation sol beton,100,0,sonergia,1,48,14,https://sonergia.fr/conseils-travaux/isolation/sol/comment-realiser-lisolation-thermique-de-votre-sol-en-beton/,False,False,yes
isolant phonique mur mitoyen,80,0,sonergia,1,47,36,https://sonergia.fr/conseils-travaux/isolation/isolation-phonique/comment-isoler-phoniquement-un-mur-entre-voisins/,False,False,yes
ma prime renov residence secondaire,150,0,sonergia,1,47,45,https://sonergia.fr/guide-des-aides/autres-aides/residence-secondaire-quelles-aides-pour-renover/,False,False,yes
sonergia prime cee,60,0,sonergia,1,47,136,https://sonergia.fr/guide-des-aides/primes-energie/prime-energie-cee/le-guide-de-la-prime-energie-cee/,False,False,yes
ma prime renov locataire,150,12,sonergia,1,47,44,https://sonergia.fr/guide-des-aides/primes-energie/prime-energie-cee/la-prime-energie-une-aide-a-la-renovation-accessible-aux-locataires/,False,False,yes
polyuréthane isolation,700,0,sonergia,6,46,27,https://sonergia.fr/conseils-travaux/isolation/materiaux-isolants/le-polyurethane-lisolation-mince-par-excellence/,False,True,yes
pompe à chaleur à 1 euro vrai ou faux,450,0,sonergia,4,45,131,https://sonergia.fr/conseils-travaux/chauffage/pompe-a-chaleur/pompe-a-chaleur-a-1-e-opportunite-ou-arnaque/,False,False,yes
entretien pompe à chaleur,900,1,sonergia,8,45,82,https://sonergia.fr/conseils-travaux/chauffage/pompe-a-chaleur/quel-entretien-prevoir-pour-une-pompe-a-chaleur/,False,False,yes
isolation mur intérieur mince,300,0,sonergia,3,44,7,https://sonergia.fr/conseils-travaux/isolation/mur/quelle-isolation-mince-pour-les-murs-interieurs/,False,False,yes
chauffage au fioul interdit,200,2,sonergia,3,44,1,https://sonergia.fr/conseils-travaux/chauffage/chaudiere-au-fioul/interdiction-de-la-chaudiere-au-fioul-quen-est-il/,False,False,yes
tarif entretien poêle à granulés,350,0,sonergia,1,43,46,https://sonergia.fr/conseils-travaux/chauffage/poele-a-granules/tarif-dentretien-dun-poele-a-granules-tous-les-prix-a-prevoir/,False,False,yes
isolation sous-sol humide,100,0,sonergia,1,42,67,https://sonergia.fr/conseils-travaux/isolation/sol/comment-realiser-lisolation-dun-sous-sol-humide-les-solutions/,False,False,yes
prime panneau solaire,1500,26,sonergia,8,41,28,https://sonergia.fr/conseils-travaux/solaire/panneaux-photovoltaiques/qui-verse-la-prime-a-lautoconsommation/,False,False,yes
prix de la tonne de granulés,100,1,sonergia,1,41,21,https://sonergia.fr/conseils-travaux/chauffage/poele-a-granules/prix-des-granules-de-bois-evolution-tarifs-et-perspectives/,False,False,yes
quel est le meilleur chauffage,80,3,sonergia,1,40,24,https://sonergia.fr/conseils-travaux/chauffage/quel-systeme-de-chauffage-choisir-le-comparatif-complet/,False,False,yes
isolation sonore mur,250,2,sonergia,3,40,12,https://sonergia.fr/conseils-travaux/isolation/isolation-phonique/comment-isoler-phoniquement-un-mur-entre-voisins/,False,False,yes
chaudière fioul interdit,250,0,sonergia,2,38,2,https://sonergia.fr/conseils-travaux/chauffage/chaudiere-au-fioul/interdiction-de-la-chaudiere-au-fioul-quen-est-il/,False,False,yes
aide rénovation maison ancienne,150,43,sonergia,1,38,89,https://sonergia.fr/guide-des-aides/autres-aides/5-aides-financieres-pour-renover-une-maison-ancienne/,False,False,yes
pac ssc,100,1,sonergia,1,38,,https://sonergia.fr/conseils-travaux/chauffage/pompe-a-chaleur/cest-quoi-un-systeme-solaire-combine-avec-pompe-a-chaleur/,False,False,yes
prix chauffe-eau thermodynamique,700,0,sonergia,7,37,46,https://sonergia.fr/conseils-travaux/chauffage/chauffe-eau/prix-chauffe-eau-thermodynamique-2025-achat-pose-aides/,False,True,yes
installation pompe à chaleur prix,350,3,sonergia,4,35,84,https://sonergia.fr/conseils-travaux/chauffage/pompe-a-chaleur/prix-pompe-a-chaleur-air-eau-quel-budget-moyen-prevoir/,False,False,yes
bonus sortie de passoire,90,0,sonergia,1,33,39,https://sonergia.fr/conseils-travaux/isolation/passoires-thermiques/bonus-de-sortie-de-passoire-thermique-cest-quoi/,False,False,yes
parquet isolant thermique sur carrelage,60,0,sonergia,1,33,43,https://sonergia.fr/conseils-travaux/isolation/sol/comment-isoler-un-sol-deja-carrele-les-solutions/,False,False,yes
meilleur isolant phonique mur mitoyen,200,1,sonergia,1,32,6,https://sonergia.fr/conseils-travaux/isolation/isolation-phonique/comment-isoler-phoniquement-un-mur-entre-voisins/,False,False,yes
norme isolation mur,200,0,sonergia,4,32,6,https://sonergia.fr/conseils-travaux/isolation/mur/quelle-epaisseur-pour-lisolation-dun-mur-interieur/,False,False,yes
comment isoler un sol déjà carrelé,200,0,sonergia,3,32,6,https://sonergia.fr/conseils-travaux/isolation/sol/comment-isoler-un-sol-deja-carrele-les-solutions/,False,False,yes
isolation phonique sol,700,0,sonergia,9,32,17,https://sonergia.fr/conseils-travaux/isolation/isolation-phonique/les-solutions-pour-isoler-phoniquement-un-sol/,False,False,yes
prix entretien poele a granule,200,0,sonergia,3,31,9,https://sonergia.fr/conseils-travaux/chauffage/poele-a-granules/tarif-dentretien-dun-poele-a-granules-tous-les-prix-a-prevoir/,False,False,yes
isolation interieur epaisseur,250,0,sonergia,3,31,6,https://sonergia.fr/conseils-travaux/isolation/mur/quelle-epaisseur-pour-lisolation-dun-mur-interieur/,False,False,yes
prix du pellet,1400,2,sonergia,12,31,29,https://sonergia.fr/conseils-travaux/chauffage/poele-a-granules/prix-des-granules-de-bois-evolution-tarifs-et-perspectives/,False,False,yes
comment isoler un mur intérieur avec isolant mince,80,0,sonergia,1,31,6,https://sonergia.fr/conseils-travaux/isolation/mur/quelle-isolation-mince-pour-les-murs-interieurs/,False,False,yes
pompe a chaleur a 1 euro,250,0,sonergia,4,30,308,https://sonergia.fr/conseils-travaux/chauffage/pompe-a-chaleur/pompe-a-chaleur-a-1-e-opportunite-ou-arnaque/,False,False,yes
montant prime cee pompe à chaleur,80,3,sonergia,1,30,137,https://sonergia.fr/guide-des-aides/primes-energie/prime-energie-cee/prime-energie-les-montants-pour-une-pompe-a-chaleur/,False,False,yes
epaisseur isolation mur,350,0,sonergia,5,28,1,https://sonergia.fr/conseils-travaux/isolation/mur/quelle-epaisseur-pour-lisolation-dun-mur-interieur/,False,False,yes
prix d'une tonne de pellets,70,2,sonergia,1,28,16,https://sonergia.fr/conseils-travaux/chauffage/poele-a-granules/prix-des-granules-de-bois-evolution-tarifs-et-perspectives/,False,False,yes
isolation phonique laine de bois,50,0,sonergia,1,28,25,https://sonergia.fr/conseils-travaux/isolation/isolation-phonique/fibre-de-bois-ou-laine-de-roche-quel-isolant-choisir-pour-lisolation-phonique/,False,False,yes
dpe maison ancienne,600,1,sonergia,7,28,48,https://sonergia.fr/guide-des-aides/reglementation/dpe-et-maison-ancienne-ce-quil-faut-savoir/,False,False,yes
isoler du bruit un mur,80,1,sonergia,1,28,32,https://sonergia.fr/conseils-travaux/isolation/isolation-phonique/comment-isoler-phoniquement-un-mur-entre-voisins/,False,False,yes
prix pose pompe a chaleur air eau,80,3,sonergia,1,27,135,https://sonergia.fr/conseils-travaux/chauffage/pompe-a-chaleur/prix-pompe-a-chaleur-air-eau-quel-budget-moyen-prevoir/,False,False,yes
évolution prix fuel domestique 10 ans,450,1,sonergia,6,27,,https://sonergia.fr/conseils-travaux/chauffage/chaudiere-au-fioul/prix-du-fioul-explications-et-astuces-pour-reduire-son-cout/,False,False,yes
comment isoler un mur phoniquement,70,0,sonergia,1,27,30,https://sonergia.fr/conseils-travaux/isolation/isolation-phonique/comment-isoler-phoniquement-un-mur-entre-voisins/,False,False,yes
sonergia recrutement,60,0,sonergia,1,26,4,https://sonergia.fr/nous-decouvrir/nous-rejoindre/,False,False,no
dpe vente maison,250,36,sonergia,4,26,65,https://sonergia.fr/guide-des-aides/reglementation/le-dpe-est-il-obligatoire-pour-la-vente-dun-logement/,False,False,yes
anah résidence secondaire,70,30,sonergia,1,25,55,https://sonergia.fr/guide-des-aides/autres-aides/residence-secondaire-quelles-aides-pour-renover/,False,False,yes
pompe a chaleur prix,1700,2,sonergia,9,25,105,https://sonergia.fr/conseils-travaux/chauffage/pompe-a-chaleur/prix-pompe-a-chaleur-air-eau-quel-budget-moyen-prevoir/,False,True,yes
isolation intérieure mince,90,0,sonergia,1,25,13,https://sonergia.fr/conseils-travaux/isolation/mur/quelle-isolation-mince-pour-les-murs-interieurs/,False,False,yes
vente passoire thermique,70,0,sonergia,1,25,10,https://sonergia.fr/conseils-travaux/isolation/passoires-thermiques/la-vente-dune-passoire-thermique-est-elle-interdite/,False,False,yes
comment insonoriser un mur,100,0,sonergia,2,25,42,https://sonergia.fr/conseils-travaux/isolation/isolation-phonique/comment-isoler-phoniquement-un-mur-entre-voisins/,False,False,yes
dpe minimum pour louer,70,10,sonergia,1,25,,https://sonergia.fr/guide-des-aides/reglementation/dpe-et-location-quelles-obligations-en-2024/,False,False,yes
fibre de bois isolation phonique,70,0,sonergia,1,24,35,https://sonergia.fr/conseils-travaux/isolation/isolation-phonique/fibre-de-bois-ou-laine-de-roche-quel-isolant-choisir-pour-lisolation-phonique/,False,False,yes
comment isoler un mur du bruit,40,1,sonergia,1,24,40,https://sonergia.fr/conseils-travaux/isolation/isolation-phonique/comment-isoler-phoniquement-un-mur-entre-voisins/,False,False,yes
tableau épaisseur laine de verre,300,0,sonergia,5,24,9,https://sonergia.fr/conseils-travaux/isolation/materiaux-isolants/lepaisseur-de-laine-de-verre-ideale-pour-isoler/,False,False,yes
comment isoler une cave humide,50,0,sonergia,1,24,40,https://sonergia.fr/conseils-travaux/isolation/sol/comment-realiser-lisolation-dun-sous-sol-humide-les-solutions/,False,False,yes
pompe a chaleur solaire,150,0,sonergia,3,24,80,https://sonergia.fr/conseils-travaux/chauffage/pompe-a-chaleur/cest-quoi-un-systeme-solaire-combine-avec-pompe-a-chaleur/,False,False,yes
cout installation pompe a chaleur,350,1,sonergia,5,24,128,https://sonergia.fr/conseils-travaux/chauffage/pompe-a-chaleur/prix-pompe-a-chaleur-air-eau-quel-budget-moyen-prevoir/,False,False,yes
quel est le meilleur mode de chauffage,40,4,sonergia,1,24,53,https://sonergia.fr/conseils-travaux/chauffage/quel-systeme-de-chauffage-choisir-le-comparatif-complet/,False,False,yes
pac solaire,90,1,sonergia,2,24,84,https://sonergia.fr/conseils-travaux/chauffage/pompe-a-chaleur/cest-quoi-un-systeme-solaire-combine-avec-pompe-a-chaleur/,False,False,yes
maintenance pompe a chaleur,250,0,sonergia,3,24,120,https://sonergia.fr/conseils-travaux/chauffage/pompe-a-chaleur/quel-entretien-prevoir-pour-une-pompe-a-chaleur/,False,False,yes
épaisseur isolation mur intérieur,400,0,sonergia,7,24,2,https://sonergia.fr/conseils-travaux/isolation/mur/quelle-epaisseur-pour-lisolation-dun-mur-interieur/,False,False,yes
selectra,11000,3,selectra,1,10451,44,https://selectra.info/,False,False,no
free contact,12000,28,selectra,1,7612,32,https://selectra.info/telecom/fournisseurs/free/contact,False,False,no
contacter free,13000,20,selectra,1,7581,34,https://selectra.info/telecom/fournisseurs/free/contact,False,False,no
virement bancaire,270000,9,selectra,1,7525,117,https://selectra.info/finance/actualites/bons-plans/virements-bloques-weekend-1er-mai-2026,False,False,no
free numero,17000,43,selectra,1,6612,41,https://selectra.info/telecom/fournisseurs/free/contact,False,False,no
comment joindre free sans passer par le 3244,16000,4,selectra,1,5801,39,https://selectra.info/telecom/fournisseurs/free/contact,False,False,no
contact free,7100,30,selectra,1,4145,36,https://selectra.info/telecom/fournisseurs/free/contact,False,False,no
veolia espace client,13000,0,selectra,3,2269,80,https://eau.selectra.info/veolia/espace-client-mon-compte,True,False,no
veolia mon compte,13000,2,selectra,4,1780,59,https://eau.selectra.info/veolia/espace-client-mon-compte,False,False,no
numéro cdiscount 09 70 80,9500,3,selectra,2,1763,23,https://selectra.info/energie/fournisseurs/cdiscount/contact,False,False,yes
cdiscount 0178918256,5800,1,selectra,1,1321,38,https://selectra.info/energie/fournisseurs/cdiscount/contact,False,False,yes
tv sur pc,1200,5,selectra,1,1062,11,https://selectra.info/telecom/tv/sur-pc,False,False,no
service client boursorama 0146,11000,2,selectra,2,1050,26,https://selectra.info/finance/banques/boursorama-banque/contact,False,False,no
comment joindre free,1700,9,selectra,1,1033,34,https://selectra.info/telecom/fournisseurs/free/contact,False,False,no
lebara mobile,11000,3,selectra,4,1015,48,https://selectra.info/telecom/fournisseurs/lebara-mobile,False,True,no
abonnement canal plus,21000,43,selectra,7,983,27,https://selectra.info/telecom/tv/svod/canal-plus,False,True,no
test debit,399000,57,selectra,22,970,6,https://selectra.info/telecom/test-debit,False,False,no
carrefour assurance,8700,0,selectra,4,892,75,https://selectra.info/assurance/assureurs/carrefour/telephone,False,True,no
consuel pro,7600,1,selectra,3,831,91,https://entreprises.selectra.info/energie/electricite/consuel-pro,False,False,yes
oney banque téléphone,2300,1,selectra,1,827,25,https://selectra.info/finance/banques/oney/contact,False,False,no
contacter cdiscount par téléphone,5500,4,selectra,3,818,20,https://selectra.info/energie/fournisseurs/cdiscount/contact,False,False,yes
attestation d'hébergement,324000,3,selectra,15,817,34,https://selectra.info/demenagement/location/attestation-hebergement,False,False,yes
joindre free,1400,20,selectra,1,780,34,https://selectra.info/telecom/fournisseurs/free/contact,False,False,no
comparatif offre fibre,6300,22,selectra,4,774,111,https://comparateur.selectra.info/telecom/internet,False,True,no
freebox ultra,30000,3,selectra,10,747,22,https://comparateur.selectra.info/telecom/internet/free/freebox-ultra,False,True,no
free contact client,1300,12,selectra,1,700,29,https://selectra.info/telecom/fournisseurs/free/contact,False,False,no
prix eau m3 par ville,1600,3,selectra,1,687,5,https://selectra.info/energie/eau/prix,False,False,yes
free numero client,2100,22,selectra,1,684,25,https://selectra.info/telecom/fournisseurs/free/contact,False,False,no
visa ou mastercard,1000,1,selectra,1,680,35,https://selectra.info/finance/guides/cartes-bancaires/mastercard-visa-differences,False,False,no
free appel,1600,36,selectra,1,667,34,https://selectra.info/telecom/fournisseurs/free/contact,False,False,no
banque en ligne gratuite,12000,71,selectra,5,664,253,https://selectra.info/finance/guides/banque-en-ligne/sans-revenu-minimum,False,True,no
sport en france free,1800,1,selectra,1,656,26,https://selectra.info/telecom/tv/sport/sport-en-france,False,False,no
comparateur box internet,5900,35,selectra,5,649,137,https://comparateur.selectra.info/telecom/internet,False,True,no
es strasbourg,38000,0,selectra,9,646,56,https://selectra.info/energie/fournisseurs/es-strasbourg/telephone,False,False,yes
mastercard ou visa,800,1,selectra,1,643,35,https://selectra.info/finance/guides/cartes-bancaires/mastercard-visa-differences,False,False,no
comparateur forfait mobile,6700,43,selectra,4,639,38,https://comparateur.selectra.info/telecom/mobile,False,True,no
boutique free autour de moi,8500,0,selectra,6,638,18,https://selectra.info/telecom/fournisseurs/free/boutiques,False,False,no
facteur de puissance,800,0,selectra,1,617,27,https://entreprises.selectra.info/energie/electricite/compteurs/puissance/facteur,False,False,yes
box 5g free,6300,1,selectra,4,592,77,https://comparateur.selectra.info/telecom/internet/free/box-5g,False,True,no
freebox os,21000,5,selectra,7,577,11,https://selectra.info/telecom/fournisseurs/free/freebox-os,False,False,no
plenitude energie,12000,1,selectra,7,567,124,https://selectra.info/energie/fournisseurs/plenitude,False,True,yes
meilleur abonnement iptv,1500,14,selectra,1,561,30,https://selectra.info/telecom/tv/iptv,False,True,no
free pro,28000,26,selectra,12,556,58,https://entreprises.selectra.info/telecom/fournisseurs/free,False,True,no
contacter oney,1200,0,selectra,1,543,14,https://selectra.info/finance/banques/oney/contact,False,False,no
service client boursorama numéro gratuit,11000,2,selectra,2,533,29,https://selectra.info/finance/banques/boursorama-banque/contact,False,False,no
selectra energie,500,35,selectra,1,530,176,https://selectra.info/energie,False,True,yes
oney bank contact,800,1,selectra,1,528,20,https://selectra.info/finance/banques/oney/contact,False,False,no
oney banque contact,700,0,selectra,1,525,14,https://selectra.info/finance/banques/oney/contact,False,False,no
fibre sfr installation,500,2,selectra,1,521,36,https://selectra.info/telecom/fournisseurs/sfr/installation-fibre,False,False,no
veolia mon espace personnel,4800,0,selectra,3,511,,https://eau.selectra.info/veolia/espace-client-mon-compte,False,False,no
flitter assurance,6800,0,selectra,5,508,181,https://selectra.info/assurance/assureurs/flitter,False,True,no
iptv,118000,20,selectra,2,508,22,https://selectra.info/telecom/tv/iptv,False,False,no
constat amiable degat des eaux,5500,2,selectra,4,494,14,https://eau.selectra.info/degat-des-eaux/constat,False,False,no
lettre préavis appartement,1500,2,selectra,2,494,13,https://selectra.info/demenagement/location/preavis-lettre,False,False,no
younited credit téléphone,1300,14,selectra,1,489,56,https://selectra.info/finance/banques/younited-credit,False,False,no
service client cdiscount numéro gratuit,4300,2,selectra,3,486,31,https://selectra.info/energie/fournisseurs/cdiscount/contact,False,False,yes
resilier sosh,500,0,selectra,1,485,32,https://selectra.info/telecom/fournisseurs/sosh/resiliation,True,False,no
constat degat des eaux,2700,1,selectra,2,484,8,https://eau.selectra.info/degat-des-eaux/constat,False,False,no
attestation d'hébergement pdf,29000,1,selectra,13,482,32,https://selectra.info/sites/selectra.info/files/demenagement/attestation-hebergement.pdf,False,False,yes
comparatif fibre,3700,12,selectra,5,477,123,https://comparateur.selectra.info/telecom/internet,False,True,no
consommation moyenne eau pour 2 personnes,1500,5,selectra,1,471,22,https://eau.selectra.info/consommation,False,False,no
compteur d'eau,9700,0,selectra,1,466,21,https://eau.selectra.info/consommation,False,True,no
younited telephone,400,13,selectra,1,463,32,https://selectra.info/finance/banques/younited-credit,False,False,no
numéro nickel gratuit,3100,7,selectra,2,455,43,https://selectra.info/finance/banques/nickel/contact,False,False,no
verisure service client,7600,0,selectra,5,441,36,https://selectra.info/domotique/fournisseurs/verisure/contact,False,False,no
suez téléphone,4000,9,selectra,2,436,80,https://eau.selectra.info/suez/service-client,False,False,no
contacter la poste mobile,700,4,selectra,1,435,31,https://selectra.info/telecom/fournisseurs/la-poste-mobile/contact,False,False,no
service technique free,1100,14,selectra,1,434,,https://selectra.info/telecom/fournisseurs/free/contact,False,False,no
panne free,38000,32,selectra,15,433,5,https://selectra.info/telecom/fournisseurs/free/probleme-reseau,False,False,no
sg professionnels,4900,0,selectra,5,420,160,https://selectra.info/finance/banques/sg-pro,False,False,no
luko assurance,6700,1,selectra,5,418,78,https://selectra.info/assurance/assureurs/luko,False,True,no
prix bouteille de gaz propane 13 kg leclerc,1000,0,selectra,1,416,225,https://selectra.info/energie/propane/fournisseurs/clairgaz/bouteilles,False,True,yes
olivier assurance téléphone gratuit,1100,1,selectra,1,409,136,https://selectra.info/assurance/assureurs/olivier-assurance/telephone,False,False,no
authentification de la freebox en cours,500,0,selectra,1,405,5,https://selectra.info/telecom/fournisseurs/free/probleme-freebox,False,False,no
lettre de préavis logement,4900,1,selectra,3,403,3,https://selectra.info/demenagement/location/preavis-lettre,False,False,no
opérateur free,600,63,selectra,1,399,52,https://selectra.info/telecom/fournisseurs/free,False,False,no
numéro la banque postale gratuit,3400,17,selectra,1,396,18,https://selectra.info/assurance/assureurs/banque-postale/telephone,False,False,no
prix m3 eau,7000,0,selectra,4,387,3,https://eau.selectra.info/prix-eau,False,False,no
primeo energie,53000,4,selectra,14,387,124,https://selectra.info/energie/fournisseurs/primeo,False,False,yes
eau grand avignon,4900,0,selectra,3,383,77,https://eau.selectra.info/delegataire/9033,False,False,no
chasse d'eau qui coule,4100,0,selectra,2,380,2,https://eau.selectra.info/consommation/fuite-cuvette-wc,False,False,no
connexion box sfr,400,17,selectra,1,377,35,https://selectra.info/telecom/fournisseurs/sfr/interface-box,False,False,no
octopus energy,64000,2,selectra,9,377,25,https://selectra.info/energie/fournisseurs/octopus-energy,False,True,yes
abonnement canal plus prix,2100,41,selectra,2,372,14,https://selectra.info/telecom/tv/svod/canal-plus,False,True,no
freebox tel,500,18,selectra,1,364,42,https://selectra.info/telecom/fournisseurs/free/service-client,False,False,no
eau agglo perpignan,3600,0,selectra,5,359,88,https://eau.selectra.info/delegataire/7838,False,False,no
friday assurance,5800,0,selectra,6,347,191,https://selectra.info/assurance/assureurs/friday,False,True,no
appeler free gratuitement,600,11,selectra,1,345,34,https://selectra.info/telecom/fournisseurs/free/service-client,False,False,no
plafond carte revolut,600,42,selectra,1,345,34,https://selectra.info/finance/banques/revolut/cartes-bancaires,False,False,no
consommation eau famille 4 personnes,600,1,selectra,1,342,388,https://eau.selectra.info/consommation,False,False,no
alpiq mon compte,8900,1,selectra,8,342,3,https://selectra.info/energie/fournisseurs/alpiq/espace-client,False,False,yes
comparateur fibre,2700,22,selectra,4,338,173,https://comparateur.selectra.info/telecom/internet,False,True,no
chaine eurosport orange,350,0,selectra,1,331,159,https://selectra.info/telecom/fournisseurs/orange/eurosport,False,False,no
ornikar assurance téléphone,900,1,selectra,1,329,112,https://selectra.info/assurance/assureurs/ornikar,False,False,no
veolia téléphone,3500,0,selectra,5,325,61,https://eau.selectra.info/veolia/contact,False,False,no
selectra assistance habitation,500,0,selectra,1,325,50,https://selectra.info/assurance/assureurs/axa/assistance-habitation/resilier,False,False,no
offre box internet,10000,61,selectra,7,322,137,https://comparateur.selectra.info/telecom/internet,False,True,no
cdiscount numéro de téléphone,2000,4,selectra,3,317,25,https://selectra.info/energie/fournisseurs/cdiscount/contact,False,False,yes
netflix avec orange gratuit,900,1,selectra,1,314,70,https://selectra.info/telecom/fournisseurs/orange/netflix,False,True,no
paylib avis,4400,0,selectra,6,310,39,https://selectra.info/finance/guides/compte-bancaire/paylib,False,False,no
