Pages les plus populaires,Clics,Impressions,CTR,Position
https://servicesartisans.fr/,5,248,2.02%,18.83
https://servicesartisans.fr/services/charpentier/bouc-bel-air/ddd84300c9cbaa5c,5,15,33.33%,1.8
https://servicesartisans.fr/blog/accessibilite-pmr-logement-normes,4,61,6.56%,5.93
https://servicesartisans.fr/services/chauffagiste/vesoul/chaleur-boreale-100475730,4,16,25%,1.88
https://servicesartisans.fr/services/climaticien/la-chapelle-saint-ursin/vincent-ballaire-my-climat-813791282,4,8,50%,2.75
https://servicesartisans.fr/services/plombier/athis-mons,3,25,12%,7.56
https://servicesartisans.fr/tarifs/ferronnier,3,22,13.64%,3.09
https://servicesartisans.fr/tarifs/vitrier/nimes/installation-d-un-garde-corps-en-verre-balcon-terrasse,3,20,15%,9.5
https://servicesartisans.fr/services/electricien/fourques/anthony-trouchaud-ninho-elec-798254793,3,11,27.27%,7
https://servicesartisans.fr/services/electricien/grasse/z-elec-concept-800947079,3,10,30%,5.8
