Keyword,Location,Tags
prix rénovation maison 100m2,France,cluster-1-prix
prix isolation combles 100m2,France,cluster-1-prix
prix pompe à chaleur air-eau installée,France,cluster-1-prix
prix installation chaudière gaz,France,cluster-1-prix
prix peinture appartement 50m2,France,cluster-1-prix
prix changement fenêtres double vitrage,France,cluster-1-prix
prix carrelage pose m2,France,cluster-1-prix
prix rénovation salle de bain 4m2,France,cluster-1-prix
prix ravalement façade maison,France,cluster-1-prix
prix électricien heure 2026,France,cluster-1-prix
MaPrimeRénov 2026 conditions,France,cluster-2-aides
CEE prime énergie 2026,France,cluster-2-aides
cumul MaPrimeRénov CEE,France,cluster-2-aides
aides rénovation énergétique 2026,France,cluster-2-aides
coup de pouce chauffage 2026,France,cluster-2-aides
prime pompe à chaleur locataire,France,cluster-2-aides
MaPrimeRénov copropriété,France,cluster-2-aides
aide isolation maison propriétaire,France,cluster-2-aides
éco-prêt à taux zéro 2026,France,cluster-2-aides
plafond MaPrimeRénov revenus 2026,France,cluster-2-aides
comment choisir artisan RGE,France,cluster-3-choisir
comment vérifier SIRET artisan,France,cluster-3-choisir
comment reconnaître arnaque artisan,France,cluster-3-choisir
garantie décennale obligatoire ou pas,France,cluster-3-choisir
comment faire devis travaux,France,cluster-3-choisir
délai rétractation devis artisan,France,cluster-3-choisir
refuser devis artisan signé,France,cluster-3-choisir
comment comparer 3 devis,France,cluster-3-choisir
assurance dommage ouvrage obligatoire,France,cluster-3-choisir
labels artisans qualifications guide,France,cluster-3-choisir
plombier urgence 24h 7j,France,cluster-4-urgences
serrurier urgence nuit tarif,France,cluster-4-urgences
électricien dépannage urgence,France,cluster-4-urgences
chauffagiste panne chaudière urgence,France,cluster-4-urgences
fuite eau que faire dépannage,France,cluster-4-urgences
panne électrique générale conduite,France,cluster-4-urgences
porte claquée serrurier prix,France,cluster-4-urgences
chaudière ne chauffe plus diagnostic,France,cluster-4-urgences
fosse septique débordée urgence,France,cluster-4-urgences
fuite toiture réparer pluie,France,cluster-4-urgences
installation pompe à chaleur étapes,France,cluster-5-travaux
isolation par extérieur vs intérieur,France,cluster-5-travaux
choisir chaudière gaz vs granulés,France,cluster-5-travaux
remplacement fenêtres aides 2026,France,cluster-5-travaux
extension maison prix au m2,France,cluster-5-travaux
création ouverture mur porteur prix,France,cluster-5-travaux
surélévation toiture prix faisabilité,France,cluster-5-travaux
rénovation grange habitable prix,France,cluster-5-travaux
véranda vs extension maison,France,cluster-5-travaux
aménagement combles perdus prix,France,cluster-5-travaux
rénovation énergétique maison ancienne,France,cluster-6-renov-energetique
DPE mauvais que faire,France,cluster-6-renov-energetique
passoire thermique rénovation obligatoire,France,cluster-6-renov-energetique
audit énergétique obligatoire vente,France,cluster-6-renov-energetique
bilan thermique maison prix,France,cluster-6-renov-energetique
classe énergie F interdite 2028,France,cluster-6-renov-energetique
rénovation globale obligation locatif,France,cluster-6-renov-energetique
MaPrimeRénov parcours accompagné,France,cluster-6-renov-energetique
BAR-TH fiches CEE liste complète,France,cluster-6-renov-energetique
mon accompagnateur Rénov rôle,France,cluster-6-renov-energetique
QualiPAC signification obtenir,France,cluster-7-rge
Qualibat 5911 qualification isolation,France,cluster-7-rge
Qualifelec IRVE borne recharge,France,cluster-7-rge
RGE quelle qualification pour quel travaux,France,cluster-7-rge
RGE obligatoire aides MaPrimeRénov,France,cluster-7-rge
devenir artisan RGE démarches,France,cluster-7-rge
perte RGE conséquences artisan,France,cluster-7-rge
contrôle RGE fréquence,France,cluster-7-rge
RGE CHAUFFAGE+ qualification,France,cluster-7-rge
annuaire officiel RGE vérifier,France,cluster-7-rge
humidité mur intérieur solution,France,cluster-8-problemes
condensation fenêtres causes,France,cluster-8-problemes
odeur canalisation remède,France,cluster-8-problemes
moisissure mur chambre traitement,France,cluster-8-problemes
fissures maison inquiétantes,France,cluster-8-problemes
infiltration eau toiture diagnostic,France,cluster-8-problemes
remontée capillaire mur solution,France,cluster-8-problemes
pont thermique maison traitement,France,cluster-8-problemes
isolation phonique mur appartement,France,cluster-8-problemes
infiltration fenêtre PVC pluie,France,cluster-8-problemes
déclaration préalable travaux obligatoire,France,cluster-9-reglementation
permis de construire travaux quand,France,cluster-9-reglementation
normes électriques NF C 15-100,France,cluster-9-reglementation
DTU plomberie obligatoire,France,cluster-9-reglementation
VMC obligatoire maison neuve,France,cluster-9-reglementation
diagnostics vente maison liste,France,cluster-9-reglementation
copropriété travaux vote assemblée,France,cluster-9-reglementation
assurance habitation travaux couvre,France,cluster-9-reglementation
taxe aménagement calcul 2026,France,cluster-9-reglementation
garantie parfait achèvement 1 an,France,cluster-9-reglementation
artisans Paris pas cher fiables,France,cluster-10-local
trouver plombier Lyon recommandation,France,cluster-10-local
artisans Marseille éviter arnaques,France,cluster-10-local
devis travaux Bordeaux prix moyens,France,cluster-10-local
rénovation énergétique Toulouse aides,France,cluster-10-local
coût vie rénovation Nice PACA,France,cluster-10-local
artisans Lille Nord Pas de Calais,France,cluster-10-local
travaux Strasbourg aides Grand Est,France,cluster-10-local
artisans Rennes Bretagne trouver,France,cluster-10-local
rénovation Nantes pays de la Loire,France,cluster-10-local
